Workbook

Sheet Start
A2: The STR Ledger
A4: Pet Policy Builder
A5: A pet policy that protects your property in 5 minutes.
A7: GST-003 · v1.0
A11: What you'll build in the next 5 minutes
A13: 📄 PRINT | E13: ✨ LISTING COPY | I13: ⚖ LIABILITY SHIELD
A14: One-page pet policy taped inside the cabin. | E14: Paste into Airbnb / VRBO 'Pets' field. | I14: ADA + owner-liability boilerplate built in.
A23: Quick Start — 4 sections, ~16 fields, under 5 minutes
B24: ① Pets allowed? Count + weight cap | H24: ④ Vaccination requirement
B25: ② Per-pet fee + deposit | H25: ⑤ Open Policy Output → paste anywhere
B26: ③ Furniture / alone-time rules
A30: =HYPERLINK("#'Pet Eligibility'!A5", "GET STARTED — PET ELIGIBILITY →")
A36: Progress: | G36: =TEXT((COUNTA('Pet Eligibility'!B8:B12) + COUNTA('Fees + Deposits'!B8:B11) + COUNTA('Property Rules'!B8:B12) + COUNTA('Service Animals'!B8:B9))/16, "0%") & " complete"
A38: ① Pet Eligibility | G38: =IF(COUNTA('Pet Eligibility'!B8:B12)=4,"✅ Done",IF(COUNTA('Pet Eligibility'!B8:B12)=0,"⏳ Empty","⏳ "&COUNTA('Pet Eligibility'!B8:B12)&" of 4")) | K38: =HYPERLINK("#'Pet Eligibility'!A5","→ go")
A39: ② Fees + Deposits | G39: =IF(COUNTA('Fees + Deposits'!B8:B11)=4,"✅ Done",IF(COUNTA('Fees + Deposits'!B8:B11)=0,"⏳ Empty","⏳ "&COUNTA('Fees + Deposits'!B8:B11)&" of 4")) | K39: =HYPERLINK("#'Fees + Deposits'!A5","→ go")
A40: ③ Property Rules | G40: =IF(COUNTA('Property Rules'!B8:B12)=4,"✅ Done",IF(COUNTA('Property Rules'!B8:B12)=0,"⏳ Empty","⏳ "&COUNTA('Property Rules'!B8:B12)&" of 4")) | K40: =HYPERLINK("#'Property Rules'!A5","→ go")
A41: ④ Service Animals | G41: =IF(COUNTA('Service Animals'!B8:B9)=2,"✅ Done",IF(COUNTA('Service Animals'!B8:B9)=0,"⏳ Empty","⏳ "&COUNTA('Service Animals'!B8:B9)&" of 2")) | K41: =HYPERLINK("#'Service Animals'!A5","→ go")
A46: Questions? hello@thestrledger.com
A47: Free updates forever · GST-003 v1.0

Sheet Pet Eligibility
A2: =HYPERLINK("#'Start'!A1", "← START") | D2: SECTION 1 OF 4 | J2: =HYPERLINK("#'Fees + Deposits'!A5", "NEXT →")
A4: Pet Eligibility
A5: Who's welcome — and who isn't.
A6: Fill the highlighted fields below. The 'Launch' tab (last) shows your finished pet policy.
A7: PET ELIGIBILITY
A8: Pets allowed?
A9: Max number of pets per stay:
A10: Per-pet weight cap (lbs or text):
A11: Breed restrictions:
A12: Minimum age + house-training rule:
A14: =HYPERLINK("#'Start'!A1", "← Back: Start") | G14: =HYPERLINK("#'Fees + Deposits'!A5", "Next: Fees + Deposits →")

Sheet Fees + Deposits
A2: =HYPERLINK("#'Pet Eligibility'!A5", "← BACK") | D2: SECTION 2 OF 4 | J2: =HYPERLINK("#'Property Rules'!A5", "NEXT →")
A4: Fees & Deposits
A5: What it costs, what's refundable.
A6: Fill the highlighted fields below. The 'Launch' tab (last) shows your finished pet policy.
A7: FEES & DEPOSITS
A8: Per-pet fee per stay ($):
A9: Refundable deposit ($):
A10: Per-night surcharge (optional):
A11: Damage deductible / threshold:
A13: =HYPERLINK("#'Pet Eligibility'!A5", "← Back: Pet Eligibility") | G13: =HYPERLINK("#'Property Rules'!A5", "Next: Property Rules →")

Sheet Property Rules
A2: =HYPERLINK("#'Fees + Deposits'!A5", "← BACK") | D2: SECTION 3 OF 4 | J2: =HYPERLINK("#'Service Animals'!A5", "NEXT →")
A4: Property Rules
A5: Where pets can go, and how they behave.
A6: Fill the highlighted fields below. The 'Launch' tab (last) shows your finished pet policy.
A7: PROPERTY RULES
A8: Allowed in main living spaces?
A9: Allowed on furniture / beds?
A10: Pets alone in unit?
A11: Outdoor leash required?
A12: Waste disposal: pick up immediately on walks and in the yard. Bagged waste in outdoor bin only — never indoor trash.
A14: =HYPERLINK("#'Fees + Deposits'!A5", "← Back: Fees + Deposits") | G14: =HYPERLINK("#'Service Animals'!A5", "Next: Service Animals →")

Sheet Service Animals
A2: =HYPERLINK("#'Property Rules'!A5", "← BACK") | D2: SECTION 4 OF 4 | J2: =HYPERLINK("#'Launch'!A1", "LAUNCH →")
A4: Service Animals & Liability
A5: ADA-compliant exception + owner-liability shield.
A6: Fill the highlighted fields below. The 'Launch' tab (last) shows your finished pet policy.
A7: SERVICE ANIMALS & LIABILITY
A8: Vaccination required?
A9: Documentation request?
A10: ADA SERVICE-ANIMAL EXCEPTION — Service animals as defined under the Americans with Disabilities Act (ADA) are welcome regardless of the policy above and are not subject to pet fees, weight caps, breed limits, or count restrictions. Emotional-support animals are not service animals under federal law and are subject to the standard pet policy.
A11: OWNER LIABILITY — Guest assumes full responsibility for the pet's behavior, any property damage, and any injury caused to other guests, neighbors, or service personnel. Guest agrees to hold the host and platform harmless for incidents involving the pet.
A13: =HYPERLINK("#'Property Rules'!A5", "← Back: Property Rules") | G13: =HYPERLINK("#'Launch'!A1", "Next: Launch →")

Sheet Launch
A2: =HYPERLINK("#'Service Animals'!A5", "← BACK: Service Animals") | D2: LAUNCH
A4: Your pet policy is ready
A5: Build the print-ready document, then save as PDF.
A9: COMPLETION | E9: RED FLAGS | I9: STATUS
A10: =TEXT((COUNTA('Pet Eligibility'!B8:B12) + COUNTA('Fees + Deposits'!B8:B11) + COUNTA('Property Rules'!B8:B12) + COUNTA('Service Animals'!B8:B9))/16, "0%") | E10: =IF('Pet Eligibility'!B8="",1,0) + IF('Pet Eligibility'!B9="",1,0) + IF('Fees + Deposits'!B8="",1,0) + IF('Fees + Deposits'!B9="",1,0) + IF('Service Animals'!B8="",1,0) | I10: =IF((IF('Pet Eligibility'!B8="",1,0) + IF('Pet Eligibility'!B9="",1,0) + IF('Fees + Deposits'!B8="",1,0) + IF('Fees + Deposits'!B9="",1,0) + IF('Service Animals'!B8="",1,0))=0,"READY",IF((IF('Pet Eligibility'!B8="",1,0) + IF('Pet Eligibility'!B9="",1,0) + IF('Fees + Deposits'!B8="",1,0) + IF('Fees + Deposits'!B9="",1,0) + IF('Service Animals'!B8="",1,0))<=1,"MINOR","NEEDS WORK"))
A12: of 16 fields filled | E12: required fields empty | I12: 0 = green · 1 = yellow · 2+ = red
A16: =HYPERLINK("#'Policy Output'!A1", "📄 BUILD POLICY DOC →")
A22: Click to jump to the Policy Output tab. Print it, or copy/paste into your listing's pet section.
A25: Questions? hello@thestrledger.com
A26: Free updates forever · GST-003 v1.0

Sheet Policy Output
A2: =HYPERLINK("#'Launch'!A1", "← BACK: Launch") | D2: POLICY OUTPUT
A4: PET POLICY
A5: Print this page and tape inside the unit, or paste into the 'Pets' field of your listing.
A7: 1. ELIGIBILITY
A8: ="Pets allowed: "&'Pet Eligibility'!B8&CHAR(10)&"Maximum pets per stay: "&'Pet Eligibility'!B9&CHAR(10)&"Weight cap: "&'Pet Eligibility'!B10&CHAR(10)&"Breed restrictions: "&'Pet Eligibility'!B11&CHAR(10)&"Age + training: "&'Pet Eligibility'!B12
A10: 2. FEES & DEPOSITS
A11: ="Per-pet fee: "&'Fees + Deposits'!B8&CHAR(10)&"Refundable deposit: "&'Fees + Deposits'!B9&CHAR(10)&"Per-night surcharge: "&'Fees + Deposits'!B10&CHAR(10)&"Damage deductible: "&'Fees + Deposits'!B11
A13: 3. PROPERTY RULES
A14: ="Living spaces: "&'Property Rules'!B8&CHAR(10)&"Furniture / beds: "&'Property Rules'!B9&CHAR(10)&"Alone-time: "&'Property Rules'!B10&CHAR(10)&"Leash outdoors: "&'Property Rules'!B11
A16: 4. HEALTH REQUIREMENTS
A17: ="Vaccination required: "&'Service Animals'!B8&CHAR(10)&"Documentation: "&'Service Animals'!B9
A19: 5. SERVICE-ANIMAL EXCEPTION (ADA)
A20: ="ADA SERVICE-ANIMAL EXCEPTION — Service animals as defined under the Americans with Disabilities Act (ADA) are welcome regardless of the policy above and are not subject to pet fees, weight caps, breed limits, or count restrictions. Emotional-support animals are not service animals under federal law and are subject to the standard pet policy."
A22: 6. OWNER LIABILITY
A23: ="OWNER LIABILITY — Guest assumes full responsibility for the pet's behavior, any property damage, and any injury caused to other guests, neighbors, or service personnel. Guest agrees to hold the host and platform harmless for incidents involving the pet."
A25: — The STR Ledger · thestrledger.com · Pet Policy Builder GST-003
A28: Questions? hello@thestrledger.com
A29: Free updates forever · GST-003 v1.0
