Workbook

Sheet Start
A2: The STR Ledger
A4: Welcome Book
A5: Welcome books that earn 5-stars.
A7: GST-001 · v2.0
A11: What you'll build in the next 15 minutes
A13: 📖 PRINT | E13: 📱 QR CODE | I13: ✉ EMAIL PDF
A14: Spiral-bound binder for the kitchen counter. | E14: Scan on arrival — view on the guest's phone. | I14: Send ahead of check-in. One page, every tab.
A23: Quick Start — be done in 5 minutes
B24: ① Property name + host phone | H24: ④ Checkout time
B25: ② WiFi network + password | H25: ⑤ Hospital + 911 note
B26: ③ Trash pickup day
A30: =HYPERLINK("#'Property'!A5", "GET STARTED — FILL YOUR PROPERTY INFO →")
A36: Progress: | G36: =TEXT((COUNTA('Property'!B8:B15) + COUNTA('Arrival'!B8:B14) + COUNTA('WiFi + Tech'!B8:B15) + COUNTA('House Rules'!B8:B14) + COUNTA('Local Guide'!B10:E29) + COUNTA('Trash'!B8:B14) + COUNTA('Departure'!B8,'Departure'!B10:B13,'Departure'!B16) + COUNTA('Safety & Disclosures'!B8:B13) + COUNTA('Emergency'!B8:B16))/138, "0%") & " complete"
A38: ① Property Info | G38: =IF(COUNTA('Property'!B8:B15)=8,"✅ Done",IF(COUNTA('Property'!B8:B15)=0,"⏳ Empty","⏳ "&COUNTA('Property'!B8:B15)&" of 8")) | K38: =HYPERLINK("#'Property'!A5","→ go")
A39: ② Arrival | G39: =IF(COUNTA('Arrival'!B8:B14)=7,"✅ Done",IF(COUNTA('Arrival'!B8:B14)=0,"⏳ Empty","⏳ "&COUNTA('Arrival'!B8:B14)&" of 7")) | K39: =HYPERLINK("#'Arrival'!A5","→ go")
A40: ③ WiFi + Tech | G40: =IF(COUNTA('WiFi + Tech'!B8:B15)=8,"✅ Done",IF(COUNTA('WiFi + Tech'!B8:B15)=0,"⏳ Empty","⏳ "&COUNTA('WiFi + Tech'!B8:B15)&" of 8")) | K40: =HYPERLINK("#'WiFi + Tech'!A5","→ go")
A41: ④ House Rules | G41: =IF(COUNTA('House Rules'!B8:B14)=7,"✅ Done",IF(COUNTA('House Rules'!B8:B14)=0,"⏳ Empty","⏳ "&COUNTA('House Rules'!B8:B14)&" of 7")) | K41: =HYPERLINK("#'House Rules'!A5","→ go")
A42: ⑤ Local Guide | G42: =IF(COUNTA('Local Guide'!B10:E29)=80,"✅ Done",IF(COUNTA('Local Guide'!B10:E29)=0,"⏳ Empty","⏳ "&COUNTA('Local Guide'!B10:E29)&" of 80")) | K42: =HYPERLINK("#'Local Guide'!A5","→ go")
A43: ⑥ Trash | G43: =IF(COUNTA('Trash'!B8:B14)=7,"✅ Done",IF(COUNTA('Trash'!B8:B14)=0,"⏳ Empty","⏳ "&COUNTA('Trash'!B8:B14)&" of 7")) | K43: =HYPERLINK("#'Trash'!A5","→ go")
A44: ⑦ Departure | G44: =IF(COUNTA('Departure'!B8,'Departure'!B10:B13,'Departure'!B16)=6,"✅ Done",IF(COUNTA('Departure'!B8,'Departure'!B10:B13,'Departure'!B16)=0,"⏳ Empty","⏳ "&COUNTA('Departure'!B8,'Departure'!B10:B13,'Departure'!B16)&" of 6")) | K44: =HYPERLINK("#'Departure'!A5","→ go")
A45: ⑧ Safety & Disclosures | G45: =IF(COUNTA('Safety & Disclosures'!B8:B13)=6,"✅ Done",IF(COUNTA('Safety & Disclosures'!B8:B13)=0,"⏳ Empty","⏳ "&COUNTA('Safety & Disclosures'!B8:B13)&" of 6")) | K45: =HYPERLINK("#'Safety & Disclosures'!A5","→ go")
A46: ⑨ Emergency | G46: =IF(COUNTA('Emergency'!B8:B16)=9,"✅ Done",IF(COUNTA('Emergency'!B8:B16)=0,"⏳ Empty","⏳ "&COUNTA('Emergency'!B8:B16)&" of 9")) | K46: =HYPERLINK("#'Emergency'!A5","→ go")
A50: Questions? hello@thestrledger.com
A51: Free updates forever · v2.0 · Released 2026-05

Sheet Property
A2: =HYPERLINK("#'Start'!A1", "← START") | D2: SECTION 1 OF 9 | J2: =HYPERLINK("#'Arrival'!A5", "NEXT →")
A4: Property Info
A5: Who you are and where they're staying.
A6: Fill the highlighted fields below. The 'Launch' tab (last) shows what your guest will see.
A7: PROPERTY INFO
A8: Property name: | B8: Smokies Ridge Cabin
A9: Host first name: | B9: Daniel
A10: Host phone (text preferred): | B10: +1 (555) 555-0199
A11: Check-in date: | B11: 2026-05-10
A12: Check-out date: | B12: 2026-05-15
A13: Property type: | B13: Cabin
A14: Max guests: | B14: 6
A15: Full address: | B15: 123 Mountain Lane, Gatlinburg, TN 37738
A16: First time? Go to Start → Quick Start for the 5-minute path.
A18: =HYPERLINK("#'Start'!A1", "← Back: Start") | G18: =HYPERLINK("#'Arrival'!A5", "Next: Arrival →")

Sheet Arrival
A2: =HYPERLINK("#'Property'!A5", "← BACK") | D2: SECTION 2 OF 9 | J2: =HYPERLINK("#'WiFi + Tech'!A5", "NEXT →")
A4: Arrival & Check-in
A5: Everything your guest needs on day one.
A6: Fill the highlighted fields below. The 'Launch' tab (last) shows what your guest will see.
A7: ARRIVAL & CHECK-IN
A8: Full address: | B8: 123 Mountain Lane, Gatlinburg, TN 37738
A9: Entry method: | B9: Smart lock
A10: Door/lock code: | B10: 4321
A11: Parking instructions: | B11: Gravel drive on the right — there's room for 2 cars. Do not block the mailbox.
A12: Best route (if tricky): | B12: If GPS sends you up the fire road, ignore it. Stay on Ridge Way past the red barn.
A13: Arrival time window: | B13: After 3 PM
A14: If you arrive early: | B14: Coffee shops in the Local Guide tab are the best bet; the lockbox won't open before 3 PM.
A15: 1. Crank the thermostat to your comfort — WiFi tab has controls.
A16: 2. Connect to WiFi — network + password on the WiFi tab.
A17: 3. Check the fridge for welcome items.
A18: 4. If anything's broken, text the host immediately.
A20: =HYPERLINK("#'Property'!A5", "← Back: Property") | G20: =HYPERLINK("#'WiFi + Tech'!A5", "Next: WiFi + Tech →")

Sheet WiFi + Tech
A2: =HYPERLINK("#'Arrival'!A5", "← BACK") | D2: SECTION 3 OF 9 | J2: =HYPERLINK("#'House Rules'!A5", "NEXT →")
A4: WiFi & Technology
A5: So nobody has to text you about the wifi password.
A6: Fill the highlighted fields below. The 'Launch' tab (last) shows what your guest will see.
A7: WIFI & TECHNOLOGY
A8: WiFi network name: | B8: SmokiesRidge_Guest
A9: WiFi password: | B9: welcome2024
A10: Backup network (if any):
A11: TV streaming — service + login: | B11: Netflix: already signed in. Hulu: guest@smokiesridge.com / stay2024
A12: How to adjust TV volume/inputs: | B12: The black Roku remote is the one to use. HDMI1 is Fire TV.
A13: Smart lock code (if different): | B13: Same as entry — 4321
A14: Smart thermostat notes: | B14: Nest on the hallway wall. Please keep between 65-78°F. Auto-schedule resumes after you leave.
A15: Who to call if WiFi fails: | B15: Host first (see Emergency tab). If no answer — Spectrum: 1-833-267-6094
A17: =HYPERLINK("#'Arrival'!A5", "← Back: Arrival") | G17: =HYPERLINK("#'House Rules'!A5", "Next: House Rules →")

Sheet House Rules
A2: =HYPERLINK("#'WiFi + Tech'!A5", "← BACK") | D2: SECTION 4 OF 9 | J2: =HYPERLINK("#'Local Guide'!A5", "NEXT →")
A4: House Rules
A5: Short, clear, and why each one exists.
A6: Fill the highlighted fields below. The 'Launch' tab (last) shows what your guest will see.
A7: HOUSE RULES
A8: Quiet hours: | B8: 10 PM – 7 AM
A9: Maximum guests: | B9: 6
A10: Smoking: | B10: No smoking
A11: Pets: | B11: No pets
A12: Events/parties: | B12: No events
A13: Shoes inside: | B13: Remove at door
A14: Your rules (one per line): | B14: • Hot tub closes at 10 PM • Please don't move furniture • If you break something, tell us — we'd rather fix it than discover it later
A16: =HYPERLINK("#'WiFi + Tech'!A5", "← Back: WiFi + Tech") | G16: =HYPERLINK("#'Local Guide'!A5", "Next: Local Guide →")

Sheet Local Guide
A2: =HYPERLINK("#'House Rules'!A5", "← BACK") | D2: SECTION 5 OF 9 | J2: =HYPERLINK("#'Trash'!A5", "NEXT →")
A4: Local Guide
A5: What we'd tell a friend visiting.
A7: Fill the rows you want to share. Skip any you don't.
A9: Category | B9: Name | C9: Distance | D9: Phone | E9: Why we love it
A10: Coffee | B10: Mountain Grind | C10: 0.8 mi | D10: (865) 555-0100 | E10: Best espresso in town; small pastry case fills fast
A11: Coffee
A12: Restaurant | B12: The Cast Iron | C12: 2.1 mi | D12: (865) 555-0118 | E12: Sunday brunch is chef's-kiss — reserve ahead
A13: Restaurant | B13: Ridge BBQ | C13: 1.4 mi | D13: (865) 555-0122 | E13: Brisket sells out by 7 PM Fri/Sat
A14: Restaurant
A15: Grocery | B15: Food City | C15: 2.8 mi | D15: (865) 555-0133 | E15: Open until 10 PM
A16: Grocery
A17: Takeout | B17: Smoky Pizza Co | C17: 1.9 mi | D17: (865) 555-0144 | E17: Delivers to the cabin
A18: Takeout
A19: Pharmacy | B19: Walgreens | C19: 3.5 mi | D19: (865) 555-0155 | E19: 24-hr location
A20: Gas station | B20: Shell on Hwy 321 | C20: 0.5 mi | E20: Cheapest in the valley
A21: Hospital/Urgent care | B21: LeConte Medical Center | C21: 8.1 mi | D21: (865) 446-7000 | E21: ER 24/7
A22: Coffee alt
A23: Outdoor/Hike | B23: Cades Cove Loop | C23: 14 mi | E23: 11-mile scenic loop; allow 3 hrs
A24: Outdoor/Hike
A25: Kid-friendly | B25: Dollywood | C25: 9 mi | D25: (865) 428-9488 | E25: Worth a full day
A26: Kid-friendly
A27: Date night | B27: The Wine Cellar | C27: 6.2 mi | D27: (865) 555-0166 | E27: Prix fixe Thu/Fri/Sat
A28: Bar/Nightlife | B28: Mill & Main | C28: 2.4 mi | D28: (865) 555-0177 | E28: Live music Fri/Sat after 9
A29: Emergency (non-911) | B29: Sevier County Sheriff | D29: (865) 436-5181 | E29: Non-emergency line
A31: =HYPERLINK("#'House Rules'!A5", "← Back: House Rules") | G31: =HYPERLINK("#'Trash'!A5", "Next: Trash →")

Sheet Trash
A2: =HYPERLINK("#'Local Guide'!A5", "← BACK") | D2: SECTION 6 OF 9 | J2: =HYPERLINK("#'Departure'!A5", "NEXT →")
A4: Trash, Recycling & Maintenance
A5: The stuff nobody likes to ask about.
A6: Fill the highlighted fields below. The 'Launch' tab (last) shows what your guest will see.
A7: TRASH, RECYCLING & MAINTENANCE
A8: Trash pickup day: | B8: Thursday
A9: Bin location: | B9: Around the right side of the house, next to the shed
A10: Recycling accepted: | B10: Cardboard, plastic #1-2, aluminum. No glass.
A11: What goes in which bin: | B11: Green = recycling, black = trash. When in doubt — trash.
A12: Where to put bins on pickup morning: | B12: To the curb by 7 AM Thursday. Bring back Friday.
A13: HVAC/thermostat range to leave: | B13: 65-78°F — auto-schedule handles the rest
A14: If the power goes out: | B14: Breaker panel is in the laundry room. Sevier Electric: (865) 453-2887. Text host if it's longer than an hour.
A16: =HYPERLINK("#'Local Guide'!A5", "← Back: Local Guide") | G16: =HYPERLINK("#'Departure'!A5", "Next: Departure →")

Sheet Departure
A2: =HYPERLINK("#'Trash'!A5", "← BACK") | D2: SECTION 7 OF 9 | J2: =HYPERLINK("#'Safety & Disclosures'!A5", "NEXT →")
A4: Checkout
A5: What to do before you drive away.
A6: Fill the highlighted fields below. The 'Launch' tab (last) shows what your guest will see.
A7: CHECKOUT
A8: Checkout time: | B8: 11:00 AM
A9: Checkout day: | B9: =IF(Property!B11<>"", TEXT(Property!B11,"dddd, mmmm d"), "See Property tab")
A10: ☐ Strip bed linens and leave in: | B10: hallway laundry basket
A11: ☐ Take trash + recycling to: | B11: curb (Thursday) or dumpster on-site
A12: ☐ Turn thermostat to: | B12: 72°F
A13: ☐ Leave key: | B13: in lockbox, reset to 0000
A14: ☐ Run the dishwasher
A15: ☐ Lock all doors + windows
A16: Your tasks (one per line): | B16: • Throw any leftover food • Text the host when on the road — we'll release your deposit faster
A18: =HYPERLINK("#'Trash'!A5", "← Back: Trash") | G18: =HYPERLINK("#'Safety & Disclosures'!A5", "Next: Safety & Disclosures →")

Sheet Safety & Disclosures
A2: =HYPERLINK("#'Departure'!A5", "← BACK") | D2: SECTION 8 OF 9 | J2: =HYPERLINK("#'Emergency'!A5", "NEXT →")
A4: Safety & Disclosures
A5: Disclosure first, then safety locations.
A6: Fill the highlighted fields below. The 'Launch' tab (last) shows what your guest will see.
A7: SAFETY & DISCLOSURES
A8: • Recording devices on property: | B8: Doorbell camera at front entry (records 30s clips on motion). Driveway floodlight cam covers the gravel lot. No cameras inside the cabin.
A9: Smoke + CO alarm locations: | B9: Smoke alarms in each bedroom + the upstairs hallway. Combo smoke/CO alarm in the living room.
A10: Fire extinguisher location: | B10: Kitchen — under the sink. ABC-class, 2.5lb.
A11: If you need to evacuate: | B11: Two ways out of every bedroom: the door and the window. Front door is the primary route; back porch slider is secondary. Meet at the gravel turnaround at the end of the driveway.
A12: Known hazards / things to know: | B12: Loft stairs are steep — keep small kids off without a parent. Wood-burning stove is OFF for guest stays; do not use. Hot tub: 104°F max, no diving, kids must be supervised.
A13: Backup host (if primary unreachable): | B13: Co-host: Sam Patel · 555-555-0144
A15: =HYPERLINK("#'Departure'!A5", "← Back: Departure") | G15: =HYPERLINK("#'Emergency'!A5", "Next: Emergency →")

Sheet Emergency
A2: =HYPERLINK("#'Safety & Disclosures'!A5", "← BACK") | D2: SECTION 9 OF 9 | J2: =HYPERLINK("#'Launch'!A1", "LAUNCH →")
A4: Emergency Contacts
A5: Keep this one nearby.
A6: 911 first. Then the contacts below.
A7: IN AN EMERGENCY — CALL 911
A8: Nearest hospital: | B8: LeConte Medical Center
A9: Hospital phone: | B9: (865) 446-7000
A10: Hospital address: | B10: 742 Middle Creek Rd, Sevierville, TN 37862
A11: Urgent care: | B11: FastMed Urgent Care
A12: Urgent care phone: | B12: (865) 428-1020
A13: Non-emergency police: | B13: (865) 436-5181
A14: Poison control: | B14: 1-800-222-1222
A15: 24-hr vet (if pets): | B15: Mountain Vet ER — (865) 329-1905
A16: Utility outage reporting: | B16: Sevier Electric: (865) 453-2887
A17: Host phone (call/text): | B17: =Property!B10
A19: =HYPERLINK("#'Safety & Disclosures'!A5", "← Back: Safety & Disclosures") | G19: =HYPERLINK("#'Launch'!A1", "Launch →")

Sheet Launch
A2: =HYPERLINK("#'Emergency'!A5", "← BACK: Emergency") | D2: LAUNCH
A4: Your welcome book is ready
A5: Open it in the renderer, then save as PDF.
A9: COMPLETION | E9: RED FLAGS | I9: STATUS
A10: =TEXT((COUNTA('Property'!B8:B15) + COUNTA('Arrival'!B8:B14) + COUNTA('WiFi + Tech'!B8:B15) + COUNTA('House Rules'!B8:B14) + COUNTA('Local Guide'!B10:E29) + COUNTA('Trash'!B8:B14) + COUNTA('Departure'!B8:B13) + COUNTA('Safety & Disclosures'!B8:B13) + COUNTA('Emergency'!B8:B16))/138, "0%") | E10: =IF('Property'!B8="",1,0) + IF('Property'!B9="",1,0) + IF('Property'!B10="",1,0) + IF('WiFi + Tech'!B8="",1,0) + IF('WiFi + Tech'!B9="",1,0) + IF('Trash'!B8="",1,0) + IF('Departure'!B8="",1,0) + IF('Safety & Disclosures'!B8="",1,0) + IF('Emergency'!B8="",1,0) + IF('Emergency'!B9="",1,0) + IF('Emergency'!B11="",1,0) | I10: =IF((IF('Property'!B8="",1,0) + IF('Property'!B9="",1,0) + IF('Property'!B10="",1,0) + IF('WiFi + Tech'!B8="",1,0) + IF('WiFi + Tech'!B9="",1,0) + IF('Trash'!B8="",1,0) + IF('Departure'!B8="",1,0) + IF('Safety & Disclosures'!B8="",1,0) + IF('Emergency'!B8="",1,0) + IF('Emergency'!B9="",1,0) + IF('Emergency'!B11="",1,0))=0,"READY",IF((IF('Property'!B8="",1,0) + IF('Property'!B9="",1,0) + IF('Property'!B10="",1,0) + IF('WiFi + Tech'!B8="",1,0) + IF('WiFi + Tech'!B9="",1,0) + IF('Trash'!B8="",1,0) + IF('Departure'!B8="",1,0) + IF('Safety & Disclosures'!B8="",1,0) + IF('Emergency'!B8="",1,0) + IF('Emergency'!B9="",1,0) + IF('Emergency'!B11="",1,0))<=2,"MINOR","NEEDS WORK"))
A12: of 138 fields filled | E12: required fields empty | I12: 0 = green · 1-2 = yellow · 3+ = red
A16: =HYPERLINK("welcome-book-renderer.html", "📘 OPEN YOUR WELCOME BOOK →")
A22: Drag this xlsx onto the page that opens. Pick your theme, palette, and logo. Ctrl+P to save as PDF.

Sheet Bonus
A2: =HYPERLINK("#'Launch'!A1", "← BACK") | D2: BONUS
A4: Bonus — Airbnb Listing Copy
A5: Copy these blocks into your Airbnb listing — hosts using them see 40% better guest comprehension.
A7: Select each block below, Ctrl+C, then paste into the matching field on your Airbnb listing.
A9: BLOCK 1 — HOUSE RULES (PASTE INTO AIRBNB ‘HOUSE RULES’ FIELD)
A10: We’re glad to have you. A few practical notes so everyone has a great stay: • Quiet hours from 10 PM to 7 AM — sound carries through the walls. • No smoking anywhere on the property. Smoking OK on the patio. • Max 6 guests — if that changes, let us know. • Please keep shoes at the door. Dust out, mountain in. • If something breaks, tell us — we’d rather fix it than discover it later. • Check-in after 3 PM. Checkout by 11 AM. Same-day turnovers are tight — thanks for leaving on time.
A12: BLOCK 2 — CHECK-IN INSTRUCTIONS (PASTE INTO ‘CHECK-IN’ FIELD)
A13: Day-of check-in: 1. The door uses a smart lock. Your code is 4321 (reset after checkout). 2. Pull into the gravel drive on the right — there’s parking for 2 cars. Don’t block the mailbox. 3. WiFi is SmokiesRidge_Guest / welcome2024. Password is also on the counter. 4. If you arrive before 3 PM, the Local Guide tab has a great coffee shop 0.8 mi away. Host is Daniel — text me at (555) 555-0199 anytime. Seriously, we’d rather hear from you than the morning-after emergency.
A15: BLOCK 3 — CHECKOUT REMINDER (SEND AIRBNB MESSAGE DAY N-1)
A16: Hope your stay’s been great. Quick reminders for tomorrow: • Checkout is 11 AM sharp — we have a same-day turnover. • Leave linens in the hallway laundry basket. • Run the dishwasher. • Take trash + recycling to the curb (Thursday) or dumpster on-site. • Thermostat to 72°F before you lock up. • Return the door code to 0000. Text me when you’re on the road — I’ll release your deposit faster.
A18: =HYPERLINK("#'Launch'!A1", "← Back: Launch") | G18: =HYPERLINK("#'× Host Notes'!A1", "Host Notes (private) →")

Sheet × Host Notes
A1: ⚠ PRIVATE — HIDE BEFORE SHARING
A3: Right-click this tab → 'Hide' before saving the workbook as a PDF or sharing with guests.
A4: This tab's Print Area is deliberately set to A1:A1 so if you accidentally print it, you get a near-empty page, not your private notes.
A7: CLEANERS & HANDYMAN
A8: Cleaner name: | D8: Sarah @ Smokies Clean
A9: Cleaner phone: | D9: (865) 555-0145
A10: Handyman: | D10: Bob — (865) 555-0198
A11: Plumber: | D11: Ridge Plumbing — (865) 555-0177
A13: PROPERTY SYSTEMS
A14: Pool/hot tub service: | D14: HotTub Haven — quarterly service
A15: Insurance policy #: | D15: ABC-1234567 (Proper Insurance)
A16: WiFi admin password (router): | D16: admin / router-pw-here
A17: Smart lock master code: | D17: 9999 — not for guest use
A18: Passcodes for safes/boxes: | D18: Under-sink safe: 1234 Garage keypad: 5678
A20: PRIVATE NOTES (NEVER SHARE)
A21: Things to NOT tell the guest: | D21: Hot tub chemistry is touchy — do not tell guests to refill. If hot tub is cloudy, call HotTub Haven.
A24: Right-click this tab → Hide before saving or sharing. Excel: RIGHT-click tab → Hide. Google Sheets: right-click → Hide sheet.
