Workbook

Sheet Start
A2: The STR Ledger
A4: TOT Filing Calendar
A5: Never miss an occupancy-tax filing again.
A6: =IF(SUM('TOT Calculator'!H7:H42)=0,"📊 Fill Settings + Revenue Matrix to see your verdict.","→ Next filing = "&TEXT(MIN('Filing List'!C6:C41),"mmm d")&" · Host owes YTD = "&TEXT(SUM('TOT Calculator'!H7:H42),"$#,##0"))
A7: LGL-002 · v2.3 · DEMO
A10: WHAT THIS DOES
A11: Aggregates monthly STR revenue by property and jurisdiction, computes transient occupancy / lodging tax due, and surfaces filing deadlines. Splits 'platform-remitted' (Airbnb files for you) from 'host self-files' so you only chase the filings that are actually yours. Missing a TOT filing = penalty + listing-suspension risk in many jurisdictions.
A18: HOW TO USE
A19: ① Settings — set active tax year, list your properties + jurisdictions, confirm rates.
A20: ② Revenue Matrix — paste or type each property's monthly gross rent + cleaning.
A21: ③ TOT Calculator — auto-computes tax owed; platform-remitted rows show $0 host owes.
A22: ④ Filing List — rolling deadlines, sorted ascending; red <7 days, gold 7-30.
A23: ⑤ Mark Filed + Confirmation # after each submission.
A26: =HYPERLINK("#'Filing List'!A6", "→ GO TO FILING LIST →")
A32: TOT YTD HOST OWES | E32: NEXT DEADLINE | I32: PENDING FILINGS
A33: =SUM('TOT Calculator'!H7:H42) | E33: =IFERROR(TEXT(MINIFS('Filing List'!C6:C41,'Filing List'!E6:E41,"Pending"),"mmm d, yyyy"),"all clear") | I33: =COUNTIF('Filing List'!E6:E41,"Pending")
A35: self-filed only (excl. platform) | E35: earliest pending filing | I35: rolling 12-month view
A38: =HYPERLINK("#'Revenue Matrix'!A1", "Revenue Matrix") | D38: =HYPERLINK("#'TOT Calculator'!A1", "TOT Calculator") | G38: =HYPERLINK("#'Filing List'!A1", "Filing List") | J38: =HYPERLINK("#'Settings'!A1", "Settings")
A41: ⚖ TOT rules vary widely by city/county. This calendar is a working tool, not legal advice. Confirm rate + filing rules with your jurisdiction; rates table dated 2026-01-01 — verify before filing.
A44: Questions? hello@thestrledger.com
A45: LGL-002 · v2.3 · Free updates forever

Sheet Revenue Matrix
A2: =HYPERLINK("#'Start'!A1", "← BACK") | D2: REVENUE MATRIX | J2: =HYPERLINK("#'TOT Calculator'!A1", "NEXT →")
A4: Per-property monthly gross rent + cleaning fees. Two rows per property (G = Gross, C = Cleaning). Paste from your PMS export or type values manually.
A5: Property | B5: Type | C5: Jan | D5: Feb | E5: Mar | F5: Apr | G5: May | H5: Jun | I5: Jul | J5: Aug | K5: Sep | L5: Oct | M5: Nov | N5: Dec | O5: YTD
A6: Smoky Mtn Cabin | B6: G | C6: 4200 | D6: 4400 | E6: 5800 | F6: 5200 | G6: 4900 | H6: 5400 | I6: 6800 | J6: 6200 | K6: 5100 | L6: 4800 | M6: 4200 | N6: 5600 | O6: =SUM(C6:N6)
B7: C | C7: 380 | D7: 410 | E7: 540 | F7: 480 | G7: 460 | H7: 510 | I7: 640 | J7: 580 | K7: 470 | L7: 440 | M7: 390 | N7: 520 | O7: =SUM(C7:N7)
A8: Pigeon Forge Lodge | B8: G | C8: 3800 | D8: 3900 | E8: 5100 | F8: 4700 | G8: 4400 | H8: 4800 | I8: 6200 | J8: 5700 | K8: 4600 | L8: 4200 | M8: 3700 | N8: 4900 | O8: =SUM(C8:N8)
B9: C | C9: 340 | D9: 360 | E9: 470 | F9: 430 | G9: 410 | H9: 440 | I9: 580 | J9: 530 | K9: 420 | L9: 390 | M9: 340 | N9: 450 | O9: =SUM(C9:N9)
A10: Asheville Bungalow | B10: G | C10: 2400 | D10: 2600 | E10: 3400 | F10: 3800 | G10: 4100 | H10: 4400 | I10: 4900 | J10: 4700 | K10: 3900 | L10: 3400 | M10: 2900 | N10: 3700 | O10: =SUM(C10:N10)
B11: C | C11: 220 | D11: 240 | E11: 320 | F11: 350 | G11: 380 | H11: 410 | I11: 460 | J11: 440 | K11: 360 | L11: 320 | M11: 270 | N11: 340 | O11: =SUM(C11:N11)
A13: PORTFOLIO TOTAL (Gross + Cleaning) | C13: =SUM(C6:C11) | D13: =SUM(D6:D11) | E13: =SUM(E6:E11) | F13: =SUM(F6:F11) | G13: =SUM(G6:G11) | H13: =SUM(H6:H11) | I13: =SUM(I6:I11) | J13: =SUM(J6:J11) | ... O13: =SUM(O6:O11)

Sheet TOT Calculator
A2: =HYPERLINK("#'Revenue Matrix'!A1", "← BACK") | D2: TOT CALCULATOR | J2: =HYPERLINK("#'Filing List'!A1", "NEXT →")
A4: Per property × month: taxable revenue × jurisdiction TOT rate. Platform-remitted rows zero out (Airbnb files for you).
A5: Property | B5: Jurisdiction | C5: Month | D5: Gross Rent | E5: Cleaning | F5: Rate | G5: Platform Files? | H5: $ Host Owes
A7: Smoky Mtn Cabin | B7: Sevier County TN | C7: Jan | D7: ='Revenue Matrix'!C6 | E7: ='Revenue Matrix'!C7 | F7: =IFERROR(VLOOKUP(B7,Settings!$B$21:$G$27,2,FALSE),0) | G7: =IFERROR(VLOOKUP(B7,Settings!$B$21:$G$27,5,FALSE),"?") | H7: =IF(G7="Y",0,ROUND((D7+E7)*F7,2))
A8: Smoky Mtn Cabin | B8: Sevier County TN | C8: Feb | D8: ='Revenue Matrix'!D6 | E8: ='Revenue Matrix'!D7 | F8: =IFERROR(VLOOKUP(B8,Settings!$B$21:$G$27,2,FALSE),0) | G8: =IFERROR(VLOOKUP(B8,Settings!$B$21:$G$27,5,FALSE),"?") | H8: =IF(G8="Y",0,ROUND((D8+E8)*F8,2))
A9: Smoky Mtn Cabin | B9: Sevier County TN | C9: Mar | D9: ='Revenue Matrix'!E6 | E9: ='Revenue Matrix'!E7 | F9: =IFERROR(VLOOKUP(B9,Settings!$B$21:$G$27,2,FALSE),0) | G9: =IFERROR(VLOOKUP(B9,Settings!$B$21:$G$27,5,FALSE),"?") | H9: =IF(G9="Y",0,ROUND((D9+E9)*F9,2))
A10: Smoky Mtn Cabin | B10: Sevier County TN | C10: Apr | D10: ='Revenue Matrix'!F6 | E10: ='Revenue Matrix'!F7 | F10: =IFERROR(VLOOKUP(B10,Settings!$B$21:$G$27,2,FALSE),0) | G10: =IFERROR(VLOOKUP(B10,Settings!$B$21:$G$27,5,FALSE),"?") | H10: =IF(G10="Y",0,ROUND((D10+E10)*F10,2))
A11: Smoky Mtn Cabin | B11: Sevier County TN | C11: May | D11: ='Revenue Matrix'!G6 | E11: ='Revenue Matrix'!G7 | F11: =IFERROR(VLOOKUP(B11,Settings!$B$21:$G$27,2,FALSE),0) | G11: =IFERROR(VLOOKUP(B11,Settings!$B$21:$G$27,5,FALSE),"?") | H11: =IF(G11="Y",0,ROUND((D11+E11)*F11,2))
A12: Smoky Mtn Cabin | B12: Sevier County TN | C12: Jun | D12: ='Revenue Matrix'!H6 | E12: ='Revenue Matrix'!H7 | F12: =IFERROR(VLOOKUP(B12,Settings!$B$21:$G$27,2,FALSE),0) | G12: =IFERROR(VLOOKUP(B12,Settings!$B$21:$G$27,5,FALSE),"?") | H12: =IF(G12="Y",0,ROUND((D12+E12)*F12,2))
A13: Smoky Mtn Cabin | B13: Sevier County TN | C13: Jul | D13: ='Revenue Matrix'!I6 | E13: ='Revenue Matrix'!I7 | F13: =IFERROR(VLOOKUP(B13,Settings!$B$21:$G$27,2,FALSE),0) | G13: =IFERROR(VLOOKUP(B13,Settings!$B$21:$G$27,5,FALSE),"?") | H13: =IF(G13="Y",0,ROUND((D13+E13)*F13,2))
A14: Smoky Mtn Cabin | B14: Sevier County TN | C14: Aug | D14: ='Revenue Matrix'!J6 | E14: ='Revenue Matrix'!J7 | F14: =IFERROR(VLOOKUP(B14,Settings!$B$21:$G$27,2,FALSE),0) | G14: =IFERROR(VLOOKUP(B14,Settings!$B$21:$G$27,5,FALSE),"?") | H14: =IF(G14="Y",0,ROUND((D14+E14)*F14,2))
A15: Smoky Mtn Cabin | B15: Sevier County TN | C15: Sep | D15: ='Revenue Matrix'!K6 | E15: ='Revenue Matrix'!K7 | F15: =IFERROR(VLOOKUP(B15,Settings!$B$21:$G$27,2,FALSE),0) | G15: =IFERROR(VLOOKUP(B15,Settings!$B$21:$G$27,5,FALSE),"?") | H15: =IF(G15="Y",0,ROUND((D15+E15)*F15,2))
A16: Smoky Mtn Cabin | B16: Sevier County TN | C16: Oct | D16: ='Revenue Matrix'!L6 | E16: ='Revenue Matrix'!L7 | F16: =IFERROR(VLOOKUP(B16,Settings!$B$21:$G$27,2,FALSE),0) | G16: =IFERROR(VLOOKUP(B16,Settings!$B$21:$G$27,5,FALSE),"?") | H16: =IF(G16="Y",0,ROUND((D16+E16)*F16,2))
A17: Smoky Mtn Cabin | B17: Sevier County TN | C17: Nov | D17: ='Revenue Matrix'!M6 | E17: ='Revenue Matrix'!M7 | F17: =IFERROR(VLOOKUP(B17,Settings!$B$21:$G$27,2,FALSE),0) | G17: =IFERROR(VLOOKUP(B17,Settings!$B$21:$G$27,5,FALSE),"?") | H17: =IF(G17="Y",0,ROUND((D17+E17)*F17,2))
A18: Smoky Mtn Cabin | B18: Sevier County TN | C18: Dec | D18: ='Revenue Matrix'!N6 | E18: ='Revenue Matrix'!N7 | F18: =IFERROR(VLOOKUP(B18,Settings!$B$21:$G$27,2,FALSE),0) | G18: =IFERROR(VLOOKUP(B18,Settings!$B$21:$G$27,5,FALSE),"?") | H18: =IF(G18="Y",0,ROUND((D18+E18)*F18,2))
A19: Pigeon Forge Lodge | B19: Sevier County TN | C19: Jan | D19: ='Revenue Matrix'!C8 | E19: ='Revenue Matrix'!C9 | F19: =IFERROR(VLOOKUP(B19,Settings!$B$21:$G$27,2,FALSE),0) | G19: =IFERROR(VLOOKUP(B19,Settings!$B$21:$G$27,5,FALSE),"?") | H19: =IF(G19="Y",0,ROUND((D19+E19)*F19,2))
A20: Pigeon Forge Lodge | B20: Sevier County TN | C20: Feb | D20: ='Revenue Matrix'!D8 | E20: ='Revenue Matrix'!D9 | F20: =IFERROR(VLOOKUP(B20,Settings!$B$21:$G$27,2,FALSE),0) | G20: =IFERROR(VLOOKUP(B20,Settings!$B$21:$G$27,5,FALSE),"?") | H20: =IF(G20="Y",0,ROUND((D20+E20)*F20,2))
A21: Pigeon Forge Lodge | B21: Sevier County TN | C21: Mar | D21: ='Revenue Matrix'!E8 | E21: ='Revenue Matrix'!E9 | F21: =IFERROR(VLOOKUP(B21,Settings!$B$21:$G$27,2,FALSE),0) | G21: =IFERROR(VLOOKUP(B21,Settings!$B$21:$G$27,5,FALSE),"?") | H21: =IF(G21="Y",0,ROUND((D21+E21)*F21,2))
A22: Pigeon Forge Lodge | B22: Sevier County TN | C22: Apr | D22: ='Revenue Matrix'!F8 | E22: ='Revenue Matrix'!F9 | F22: =IFERROR(VLOOKUP(B22,Settings!$B$21:$G$27,2,FALSE),0) | G22: =IFERROR(VLOOKUP(B22,Settings!$B$21:$G$27,5,FALSE),"?") | H22: =IF(G22="Y",0,ROUND((D22+E22)*F22,2))
A23: Pigeon Forge Lodge | B23: Sevier County TN | C23: May | D23: ='Revenue Matrix'!G8 | E23: ='Revenue Matrix'!G9 | F23: =IFERROR(VLOOKUP(B23,Settings!$B$21:$G$27,2,FALSE),0) | G23: =IFERROR(VLOOKUP(B23,Settings!$B$21:$G$27,5,FALSE),"?") | H23: =IF(G23="Y",0,ROUND((D23+E23)*F23,2))
A24: Pigeon Forge Lodge | B24: Sevier County TN | C24: Jun | D24: ='Revenue Matrix'!H8 | E24: ='Revenue Matrix'!H9 | F24: =IFERROR(VLOOKUP(B24,Settings!$B$21:$G$27,2,FALSE),0) | G24: =IFERROR(VLOOKUP(B24,Settings!$B$21:$G$27,5,FALSE),"?") | H24: =IF(G24="Y",0,ROUND((D24+E24)*F24,2))
A25: Pigeon Forge Lodge | B25: Sevier County TN | C25: Jul | D25: ='Revenue Matrix'!I8 | E25: ='Revenue Matrix'!I9 | F25: =IFERROR(VLOOKUP(B25,Settings!$B$21:$G$27,2,FALSE),0) | G25: =IFERROR(VLOOKUP(B25,Settings!$B$21:$G$27,5,FALSE),"?") | H25: =IF(G25="Y",0,ROUND((D25+E25)*F25,2))
A26: Pigeon Forge Lodge | B26: Sevier County TN | C26: Aug | D26: ='Revenue Matrix'!J8 | E26: ='Revenue Matrix'!J9 | F26: =IFERROR(VLOOKUP(B26,Settings!$B$21:$G$27,2,FALSE),0) | G26: =IFERROR(VLOOKUP(B26,Settings!$B$21:$G$27,5,FALSE),"?") | H26: =IF(G26="Y",0,ROUND((D26+E26)*F26,2))
A27: Pigeon Forge Lodge | B27: Sevier County TN | C27: Sep | D27: ='Revenue Matrix'!K8 | E27: ='Revenue Matrix'!K9 | F27: =IFERROR(VLOOKUP(B27,Settings!$B$21:$G$27,2,FALSE),0) | G27: =IFERROR(VLOOKUP(B27,Settings!$B$21:$G$27,5,FALSE),"?") | H27: =IF(G27="Y",0,ROUND((D27+E27)*F27,2))
A28: Pigeon Forge Lodge | B28: Sevier County TN | C28: Oct | D28: ='Revenue Matrix'!L8 | E28: ='Revenue Matrix'!L9 | F28: =IFERROR(VLOOKUP(B28,Settings!$B$21:$G$27,2,FALSE),0) | G28: =IFERROR(VLOOKUP(B28,Settings!$B$21:$G$27,5,FALSE),"?") | H28: =IF(G28="Y",0,ROUND((D28+E28)*F28,2))
A29: Pigeon Forge Lodge | B29: Sevier County TN | C29: Nov | D29: ='Revenue Matrix'!M8 | E29: ='Revenue Matrix'!M9 | F29: =IFERROR(VLOOKUP(B29,Settings!$B$21:$G$27,2,FALSE),0) | G29: =IFERROR(VLOOKUP(B29,Settings!$B$21:$G$27,5,FALSE),"?") | H29: =IF(G29="Y",0,ROUND((D29+E29)*F29,2))
A30: Pigeon Forge Lodge | B30: Sevier County TN | C30: Dec | D30: ='Revenue Matrix'!N8 | E30: ='Revenue Matrix'!N9 | F30: =IFERROR(VLOOKUP(B30,Settings!$B$21:$G$27,2,FALSE),0) | G30: =IFERROR(VLOOKUP(B30,Settings!$B$21:$G$27,5,FALSE),"?") | H30: =IF(G30="Y",0,ROUND((D30+E30)*F30,2))
A31: Asheville Bungalow | B31: Asheville NC | C31: Jan | D31: ='Revenue Matrix'!C10 | E31: ='Revenue Matrix'!C11 | F31: =IFERROR(VLOOKUP(B31,Settings!$B$21:$G$27,2,FALSE),0) | G31: =IFERROR(VLOOKUP(B31,Settings!$B$21:$G$27,5,FALSE),"?") | H31: =IF(G31="Y",0,ROUND((D31+E31)*F31,2))
A32: Asheville Bungalow | B32: Asheville NC | C32: Feb | D32: ='Revenue Matrix'!D10 | E32: ='Revenue Matrix'!D11 | F32: =IFERROR(VLOOKUP(B32,Settings!$B$21:$G$27,2,FALSE),0) | G32: =IFERROR(VLOOKUP(B32,Settings!$B$21:$G$27,5,FALSE),"?") | H32: =IF(G32="Y",0,ROUND((D32+E32)*F32,2))
A33: Asheville Bungalow | B33: Asheville NC | C33: Mar | D33: ='Revenue Matrix'!E10 | E33: ='Revenue Matrix'!E11 | F33: =IFERROR(VLOOKUP(B33,Settings!$B$21:$G$27,2,FALSE),0) | G33: =IFERROR(VLOOKUP(B33,Settings!$B$21:$G$27,5,FALSE),"?") | H33: =IF(G33="Y",0,ROUND((D33+E33)*F33,2))
A34: Asheville Bungalow | B34: Asheville NC | C34: Apr | D34: ='Revenue Matrix'!F10 | E34: ='Revenue Matrix'!F11 | F34: =IFERROR(VLOOKUP(B34,Settings!$B$21:$G$27,2,FALSE),0) | G34: =IFERROR(VLOOKUP(B34,Settings!$B$21:$G$27,5,FALSE),"?") | H34: =IF(G34="Y",0,ROUND((D34+E34)*F34,2))
A35: Asheville Bungalow | B35: Asheville NC | C35: May | D35: ='Revenue Matrix'!G10 | E35: ='Revenue Matrix'!G11 | F35: =IFERROR(VLOOKUP(B35,Settings!$B$21:$G$27,2,FALSE),0) | G35: =IFERROR(VLOOKUP(B35,Settings!$B$21:$G$27,5,FALSE),"?") | H35: =IF(G35="Y",0,ROUND((D35+E35)*F35,2))
A36: Asheville Bungalow | B36: Asheville NC | C36: Jun | D36: ='Revenue Matrix'!H10 | E36: ='Revenue Matrix'!H11 | F36: =IFERROR(VLOOKUP(B36,Settings!$B$21:$G$27,2,FALSE),0) | G36: =IFERROR(VLOOKUP(B36,Settings!$B$21:$G$27,5,FALSE),"?") | H36: =IF(G36="Y",0,ROUND((D36+E36)*F36,2))
A37: Asheville Bungalow | B37: Asheville NC | C37: Jul | D37: ='Revenue Matrix'!I10 | E37: ='Revenue Matrix'!I11 | F37: =IFERROR(VLOOKUP(B37,Settings!$B$21:$G$27,2,FALSE),0) | G37: =IFERROR(VLOOKUP(B37,Settings!$B$21:$G$27,5,FALSE),"?") | H37: =IF(G37="Y",0,ROUND((D37+E37)*F37,2))
A38: Asheville Bungalow | B38: Asheville NC | C38: Aug | D38: ='Revenue Matrix'!J10 | E38: ='Revenue Matrix'!J11 | F38: =IFERROR(VLOOKUP(B38,Settings!$B$21:$G$27,2,FALSE),0) | G38: =IFERROR(VLOOKUP(B38,Settings!$B$21:$G$27,5,FALSE),"?") | H38: =IF(G38="Y",0,ROUND((D38+E38)*F38,2))
A39: Asheville Bungalow | B39: Asheville NC | C39: Sep | D39: ='Revenue Matrix'!K10 | E39: ='Revenue Matrix'!K11 | F39: =IFERROR(VLOOKUP(B39,Settings!$B$21:$G$27,2,FALSE),0) | G39: =IFERROR(VLOOKUP(B39,Settings!$B$21:$G$27,5,FALSE),"?") | H39: =IF(G39="Y",0,ROUND((D39+E39)*F39,2))
A40: Asheville Bungalow | B40: Asheville NC | C40: Oct | D40: ='Revenue Matrix'!L10 | E40: ='Revenue Matrix'!L11 | F40: =IFERROR(VLOOKUP(B40,Settings!$B$21:$G$27,2,FALSE),0) | G40: =IFERROR(VLOOKUP(B40,Settings!$B$21:$G$27,5,FALSE),"?") | H40: =IF(G40="Y",0,ROUND((D40+E40)*F40,2))
A41: Asheville Bungalow | B41: Asheville NC | C41: Nov | D41: ='Revenue Matrix'!M10 | E41: ='Revenue Matrix'!M11 | F41: =IFERROR(VLOOKUP(B41,Settings!$B$21:$G$27,2,FALSE),0) | G41: =IFERROR(VLOOKUP(B41,Settings!$B$21:$G$27,5,FALSE),"?") | H41: =IF(G41="Y",0,ROUND((D41+E41)*F41,2))
A42: Asheville Bungalow | B42: Asheville NC | C42: Dec | D42: ='Revenue Matrix'!N10 | E42: ='Revenue Matrix'!N11 | F42: =IFERROR(VLOOKUP(B42,Settings!$B$21:$G$27,2,FALSE),0) | G42: =IFERROR(VLOOKUP(B42,Settings!$B$21:$G$27,5,FALSE),"?") | H42: =IF(G42="Y",0,ROUND((D42+E42)*F42,2))
A44: TOTAL — $ HOST OWES YTD | H44: =SUM(H7:H42)

Sheet Filing List
A2: =HYPERLINK("#'TOT Calculator'!A1", "← BACK") | D2: FILING LIST · UPCOMING DEADLINES | J2: =HYPERLINK("#'Settings'!A1", "NEXT →")
A4: 📅 Rolling 12-month forward view per property × period. Red = <7 days, gold = 7-30 days, parchment = >30 days.
A5: Property | B5: Period | C5: Due Date | D5: $ Owed | E5: Status | F5: Confirmation #
A6: Smoky Mtn Cabin | B6: Jan 2026 | C6: 46073 | D6: ='TOT Calculator'!H7 | E6: Pending
A7: Smoky Mtn Cabin | B7: Feb 2026 | C7: 46101 | D7: ='TOT Calculator'!H8 | E7: Pending
A8: Smoky Mtn Cabin | B8: Mar 2026 | C8: 46132 | D8: ='TOT Calculator'!H9 | E8: Pending
A9: Smoky Mtn Cabin | B9: Apr 2026 | C9: 46162 | D9: ='TOT Calculator'!H10 | E9: Pending
A10: Smoky Mtn Cabin | B10: May 2026 | C10: 46193 | D10: ='TOT Calculator'!H11 | E10: Pending
A11: Smoky Mtn Cabin | B11: Jun 2026 | C11: 46223 | D11: ='TOT Calculator'!H12 | E11: Pending
A12: Smoky Mtn Cabin | B12: Jul 2026 | C12: 46254 | D12: ='TOT Calculator'!H13 | E12: Pending
A13: Smoky Mtn Cabin | B13: Aug 2026 | C13: 46285 | D13: ='TOT Calculator'!H14 | E13: Pending
A14: Smoky Mtn Cabin | B14: Sep 2026 | C14: 46315 | D14: ='TOT Calculator'!H15 | E14: Pending
A15: Smoky Mtn Cabin | B15: Oct 2026 | C15: 46346 | D15: ='TOT Calculator'!H16 | E15: Pending
A16: Smoky Mtn Cabin | B16: Nov 2026 | C16: 46376 | D16: ='TOT Calculator'!H17 | E16: Pending
A17: Smoky Mtn Cabin | B17: Dec 2026 | C17: 46407 | D17: ='TOT Calculator'!H18 | E17: Pending
... A41: Asheville Bungalow | B41: Dec 2026 | C41: 46407 | D41: ='TOT Calculator'!H42 | E41: Pending

Sheet Settings
A2: =HYPERLINK("#'Filing List'!A1", "← BACK") | D2: SETTINGS
A4: Active tax year · property list · jurisdiction registry (rate, frequency, due day, platform-remit Y/N).
A5: Active tax year: | B5: 2026
A7: Properties
A8: Property 1: | B8: Smoky Mtn Cabin
A9: Property 2: | B9: Pigeon Forge Lodge
A10: Property 3: | B10: Asheville Bungalow
A11: Property 4:
A12: Property 5:
A13: Property 6:
A14: Property 7:
A15: Property 8:
A16: Property 9:
A17: Property 10:
A19: Jurisdictions
A20: # | B20: Jurisdiction | C20: TOT Rate | D20: Frequency | E20: Due Day | F20: Platform Remits? | G20: Filing URL
A21: 1 | B21: Sevier County TN | C21: 0.03 | D21: Monthly | E21: 20 | F21: Y | G21: https://www.seviercountytn.gov
A22: 2 | B22: Asheville NC | C22: 0.06 | D22: Monthly | E22: 20 | F22: N | G22: https://www.buncombecounty.org/governing/depts/tax
A23: 3 | B23: Nashville TN | C23: 0.06 | D23: Monthly | E23: 20 | F23: Y | G23: https://www.nashville.gov/finance
A24: 4 | B24: New Orleans LA | C24: 0.0675 | D24: Monthly | E24: 20 | F24: N | G24: https://www.nola.gov/finance
A25: 5 | B25: San Diego CA | C25: 0.105 | D25: Monthly | E25: 1 | F25: N | G25: https://www.sandiego.gov/treasurer
A26: 6 | B26: Austin TX | C26: 0.09 | D26: Quarterly | E26: 20 | F26: N | G26: https://www.austintexas.gov/department/hotel-occupancy-tax
A27: 7 | B27: Park City UT | C27: 0.0395 | D27: Monthly | E27: 30 | F27: Y | G27: https://parkcity.org
A29: 📅 Rates table dated 2026-01-01. TOT rules change frequently — verify rate, due day, and platform-remit status with your jurisdiction before filing. This workbook is a working tool, not legal advice.
A31: Year-end Archive
A32: Each January, copy YTD totals into the row for the year you just closed, then clear Revenue Matrix for the new year.
A33: Year | B33: Gross Revenue | C33: Cleaning | D33: $ Host Owes | E33: $ Platform Filed
A34: 2024
A35: 2025
A36: 2026
A37: 2027
A38: 2028
A39: 2029
A40: 2030
