Workbook

Sheet Start
A2: The STR Ledger
A4: STR License Renewal Calendar
A5: Never lose a listing to an expired permit.
A7: LGL-001 · v1.0 · BLANK
A10: ACTIVE | D10: EXPIRING <30 DAYS | G10: EXPIRING 30-90 | J10: FEES YTD
A11: =COUNTIF('Licenses'!H7:H106,"*Active*") | D11: =COUNTIFS('Licenses'!G7:G106,">=0",'Licenses'!G7:G106,"<30") | G11: =COUNTIFS('Licenses'!G7:G106,">=30",'Licenses'!G7:G106,"<90") | J11: =SUMPRODUCT((YEAR('Licenses'!E7:E106)=YEAR(TODAY()))*'Licenses'!I7:I106)
A14: licenses currently in force | D14: renew now — listing risk | G14: schedule renewal soon | J14: renewal fees paid this year
A17: =IF(COUNTIF('Licenses'!H7:H106,"*Expired*")>0,"OPERATING WHILE EXPIRED — STOP. One or more licenses below are past their renewal date. Renew before the next booking starts.","ALL CLEAR — No expired licenses in your portfolio.")
A19: HOW TO USE
A20: 1. Open Licenses — log every STR-related permit per property (STR permit, business license, sales tax, fire/safety, lottery). 2. Check the 12-Month Calendar tab to see fee timing across the next year — set aside cash for the high-fee months. 3. The Status column auto-flips to ⚠ Expired / 🔴 Critical / 🟡 Soon / ✅ Active based on days-to-expiration.
A25: =HYPERLINK("#'Licenses'!A7", "→ Add License") | E25: =HYPERLINK("#'12-Month Calendar'!A1", "12-Month Calendar") | I25: =HYPERLINK("#'Settings'!A1", "Settings")
A29: Need broader coverage across multi-jurisdiction portfolios? Upgrade to OPS-003 License/Permit Tracker at thestrledger.com/upgrade.
A32: Questions? hello@thestrledger.com
A33: LGL-001 · v1.0 · BLANK · Free updates forever

Sheet Licenses
A2: =HYPERLINK("#'Start'!A1", "← BACK") | D2: LICENSES | J2: =HYPERLINK("#'12-Month Calendar'!A1", "NEXT →")
A4: One row per STR-related license. Days-to-expiration and Status auto-calculate from the Expires date — keep that column accurate.
A6: License # | B6: Property | C6: Jurisdiction | D6: Type | E6: Issued | F6: Expires | G6: Days | H6: Status | I6: Renewal $ | J6: Process URL | K6: Lead days | L6: Notes
G7: =IF(F7<>"",F7-TODAY(),"") | H7: =IF(F7="","",IF(G7<0,"⚠ Expired",IF(G7<30,"🔴 Critical",IF(G7<90,"🟡 Soon","✅ Active"))))
G8: =IF(F8<>"",F8-TODAY(),"") | H8: =IF(F8="","",IF(G8<0,"⚠ Expired",IF(G8<30,"🔴 Critical",IF(G8<90,"🟡 Soon","✅ Active"))))
G9: =IF(F9<>"",F9-TODAY(),"") | H9: =IF(F9="","",IF(G9<0,"⚠ Expired",IF(G9<30,"🔴 Critical",IF(G9<90,"🟡 Soon","✅ Active"))))
G10: =IF(F10<>"",F10-TODAY(),"") | H10: =IF(F10="","",IF(G10<0,"⚠ Expired",IF(G10<30,"🔴 Critical",IF(G10<90,"🟡 Soon","✅ Active"))))
G11: =IF(F11<>"",F11-TODAY(),"") | H11: =IF(F11="","",IF(G11<0,"⚠ Expired",IF(G11<30,"🔴 Critical",IF(G11<90,"🟡 Soon","✅ Active"))))
G12: =IF(F12<>"",F12-TODAY(),"") | H12: =IF(F12="","",IF(G12<0,"⚠ Expired",IF(G12<30,"🔴 Critical",IF(G12<90,"🟡 Soon","✅ Active"))))
G13: =IF(F13<>"",F13-TODAY(),"") | H13: =IF(F13="","",IF(G13<0,"⚠ Expired",IF(G13<30,"🔴 Critical",IF(G13<90,"🟡 Soon","✅ Active"))))
G14: =IF(F14<>"",F14-TODAY(),"") | H14: =IF(F14="","",IF(G14<0,"⚠ Expired",IF(G14<30,"🔴 Critical",IF(G14<90,"🟡 Soon","✅ Active"))))
G15: =IF(F15<>"",F15-TODAY(),"") | H15: =IF(F15="","",IF(G15<0,"⚠ Expired",IF(G15<30,"🔴 Critical",IF(G15<90,"🟡 Soon","✅ Active"))))
G16: =IF(F16<>"",F16-TODAY(),"") | H16: =IF(F16="","",IF(G16<0,"⚠ Expired",IF(G16<30,"🔴 Critical",IF(G16<90,"🟡 Soon","✅ Active"))))
G17: =IF(F17<>"",F17-TODAY(),"") | H17: =IF(F17="","",IF(G17<0,"⚠ Expired",IF(G17<30,"🔴 Critical",IF(G17<90,"🟡 Soon","✅ Active"))))
G18: =IF(F18<>"",F18-TODAY(),"") | H18: =IF(F18="","",IF(G18<0,"⚠ Expired",IF(G18<30,"🔴 Critical",IF(G18<90,"🟡 Soon","✅ Active"))))
... G106: =IF(F106<>"",F106-TODAY(),"") | H106: =IF(F106="","",IF(G106<0,"⚠ Expired",IF(G106<30,"🔴 Critical",IF(G106<90,"🟡 Soon","✅ Active"))))

Sheet 12-Month Calendar
A2: =HYPERLINK("#'Licenses'!A1", "← BACK") | D2: 12-MONTH CALENDAR | J2: =HYPERLINK("#'Settings'!A1", "NEXT →")
A4: Forward 12-month grid. Months are driven by Settings!B40 (active calendar year). Each cell shows the renewal fee in the month the license expires.
A6: License # | B6: Property | C6: Type | D6: =TEXT(DATE(Settings!$B$40,1,1),"mmm yyyy") | E6: =TEXT(DATE(Settings!$B$40,2,1),"mmm yyyy") | F6: =TEXT(DATE(Settings!$B$40,3,1),"mmm yyyy") | G6: =TEXT(DATE(Settings!$B$40,4,1),"mmm yyyy") | H6: =TEXT(DATE(Settings!$B$40,5,1),"mmm yyyy") | I6: =TEXT(DATE(Settings!$B$40,6,1),"mmm yyyy") | J6: =TEXT(DATE(Settings!$B$40,7,1),"mmm yyyy") | K6: =TEXT(DATE(Settings!$B$40,8,1),"mmm yyyy") | L6: =TEXT(DATE(Settings!$B$40,9,1),"mmm yyyy") | M6: =TEXT(DATE(Settings!$B$40,10,1),"mmm yyyy") | N6: =TEXT(DATE(Settings!$B$40,11,1),"mmm yyyy") | O6: =TEXT(DATE(Settings!$B$40,12,1),"mmm yyyy")
A7: =IF('Licenses'!A7="","",'Licenses'!A7) | B7: =IF('Licenses'!B7="","",'Licenses'!B7) | C7: =IF('Licenses'!D7="","",'Licenses'!D7) | D7: =IF('Licenses'!F7="","",IF(AND(MONTH('Licenses'!F7)=1,YEAR('Licenses'!F7)=Settings!$B$40),'Licenses'!I7,"")) | E7: =IF('Licenses'!F7="","",IF(AND(MONTH('Licenses'!F7)=2,YEAR('Licenses'!F7)=Settings!$B$40),'Licenses'!I7,"")) | F7: =IF('Licenses'!F7="","",IF(AND(MONTH('Licenses'!F7)=3,YEAR('Licenses'!F7)=Settings!$B$40),'Licenses'!I7,"")) | G7: =IF('Licenses'!F7="","",IF(AND(MONTH('Licenses'!F7)=4,YEAR('Licenses'!F7)=Settings!$B$40),'Licenses'!I7,"")) | H7: =IF('Licenses'!F7="","",IF(AND(MONTH('Licenses'!F7)=5,YEAR('Licenses'!F7)=Settings!$B$40),'Licenses'!I7,"")) | I7: =IF('Licenses'!F7="","",IF(AND(MONTH('Licenses'!F7)=6,YEAR('Licenses'!F7)=Settings!$B$40),'Licenses'!I7,"")) | J7: =IF('Licenses'!F7="","",IF(AND(MONTH('Licenses'!F7)=7,YEAR('Licenses'!F7)=Settings!$B$40),'Licenses'!I7,"")) | K7: =IF('Licenses'!F7="","",IF(AND(MONTH('Licenses'!F7)=8,YEAR('Licenses'!F7)=Settings!$B$40),'Licenses'!I7,"")) | L7: =IF('Licenses'!F7="","",IF(AND(MONTH('Licenses'!F7)=9,YEAR('Licenses'!F7)=Settings!$B$40),'Licenses'!I7,"")) | M7: =IF('Licenses'!F7="","",IF(AND(MONTH('Licenses'!F7)=10,YEAR('Licenses'!F7)=Settings!$B$40),'Licenses'!I7,"")) | N7: =IF('Licenses'!F7="","",IF(AND(MONTH('Licenses'!F7)=11,YEAR('Licenses'!F7)=Settings!$B$40),'Licenses'!I7,"")) | O7: =IF('Licenses'!F7="","",IF(AND(MONTH('Licenses'!F7)=12,YEAR('Licenses'!F7)=Settings!$B$40),'Licenses'!I7,""))
A8: =IF('Licenses'!A8="","",'Licenses'!A8) | B8: =IF('Licenses'!B8="","",'Licenses'!B8) | C8: =IF('Licenses'!D8="","",'Licenses'!D8) | D8: =IF('Licenses'!F8="","",IF(AND(MONTH('Licenses'!F8)=1,YEAR('Licenses'!F8)=Settings!$B$40),'Licenses'!I8,"")) | E8: =IF('Licenses'!F8="","",IF(AND(MONTH('Licenses'!F8)=2,YEAR('Licenses'!F8)=Settings!$B$40),'Licenses'!I8,"")) | F8: =IF('Licenses'!F8="","",IF(AND(MONTH('Licenses'!F8)=3,YEAR('Licenses'!F8)=Settings!$B$40),'Licenses'!I8,"")) | G8: =IF('Licenses'!F8="","",IF(AND(MONTH('Licenses'!F8)=4,YEAR('Licenses'!F8)=Settings!$B$40),'Licenses'!I8,"")) | H8: =IF('Licenses'!F8="","",IF(AND(MONTH('Licenses'!F8)=5,YEAR('Licenses'!F8)=Settings!$B$40),'Licenses'!I8,"")) | I8: =IF('Licenses'!F8="","",IF(AND(MONTH('Licenses'!F8)=6,YEAR('Licenses'!F8)=Settings!$B$40),'Licenses'!I8,"")) | J8: =IF('Licenses'!F8="","",IF(AND(MONTH('Licenses'!F8)=7,YEAR('Licenses'!F8)=Settings!$B$40),'Licenses'!I8,"")) | K8: =IF('Licenses'!F8="","",IF(AND(MONTH('Licenses'!F8)=8,YEAR('Licenses'!F8)=Settings!$B$40),'Licenses'!I8,"")) | L8: =IF('Licenses'!F8="","",IF(AND(MONTH('Licenses'!F8)=9,YEAR('Licenses'!F8)=Settings!$B$40),'Licenses'!I8,"")) | M8: =IF('Licenses'!F8="","",IF(AND(MONTH('Licenses'!F8)=10,YEAR('Licenses'!F8)=Settings!$B$40),'Licenses'!I8,"")) | N8: =IF('Licenses'!F8="","",IF(AND(MONTH('Licenses'!F8)=11,YEAR('Licenses'!F8)=Settings!$B$40),'Licenses'!I8,"")) | O8: =IF('Licenses'!F8="","",IF(AND(MONTH('Licenses'!F8)=12,YEAR('Licenses'!F8)=Settings!$B$40),'Licenses'!I8,""))
A9: =IF('Licenses'!A9="","",'Licenses'!A9) | B9: =IF('Licenses'!B9="","",'Licenses'!B9) | C9: =IF('Licenses'!D9="","",'Licenses'!D9) | D9: =IF('Licenses'!F9="","",IF(AND(MONTH('Licenses'!F9)=1,YEAR('Licenses'!F9)=Settings!$B$40),'Licenses'!I9,"")) | E9: =IF('Licenses'!F9="","",IF(AND(MONTH('Licenses'!F9)=2,YEAR('Licenses'!F9)=Settings!$B$40),'Licenses'!I9,"")) | F9: =IF('Licenses'!F9="","",IF(AND(MONTH('Licenses'!F9)=3,YEAR('Licenses'!F9)=Settings!$B$40),'Licenses'!I9,"")) | G9: =IF('Licenses'!F9="","",IF(AND(MONTH('Licenses'!F9)=4,YEAR('Licenses'!F9)=Settings!$B$40),'Licenses'!I9,"")) | H9: =IF('Licenses'!F9="","",IF(AND(MONTH('Licenses'!F9)=5,YEAR('Licenses'!F9)=Settings!$B$40),'Licenses'!I9,"")) | I9: =IF('Licenses'!F9="","",IF(AND(MONTH('Licenses'!F9)=6,YEAR('Licenses'!F9)=Settings!$B$40),'Licenses'!I9,"")) | J9: =IF('Licenses'!F9="","",IF(AND(MONTH('Licenses'!F9)=7,YEAR('Licenses'!F9)=Settings!$B$40),'Licenses'!I9,"")) | K9: =IF('Licenses'!F9="","",IF(AND(MONTH('Licenses'!F9)=8,YEAR('Licenses'!F9)=Settings!$B$40),'Licenses'!I9,"")) | L9: =IF('Licenses'!F9="","",IF(AND(MONTH('Licenses'!F9)=9,YEAR('Licenses'!F9)=Settings!$B$40),'Licenses'!I9,"")) | M9: =IF('Licenses'!F9="","",IF(AND(MONTH('Licenses'!F9)=10,YEAR('Licenses'!F9)=Settings!$B$40),'Licenses'!I9,"")) | N9: =IF('Licenses'!F9="","",IF(AND(MONTH('Licenses'!F9)=11,YEAR('Licenses'!F9)=Settings!$B$40),'Licenses'!I9,"")) | O9: =IF('Licenses'!F9="","",IF(AND(MONTH('Licenses'!F9)=12,YEAR('Licenses'!F9)=Settings!$B$40),'Licenses'!I9,""))
A10: =IF('Licenses'!A10="","",'Licenses'!A10) | B10: =IF('Licenses'!B10="","",'Licenses'!B10) | C10: =IF('Licenses'!D10="","",'Licenses'!D10) | D10: =IF('Licenses'!F10="","",IF(AND(MONTH('Licenses'!F10)=1,YEAR('Licenses'!F10)=Settings!$B$40),'Licenses'!I10,"")) | E10: =IF('Licenses'!F10="","",IF(AND(MONTH('Licenses'!F10)=2,YEAR('Licenses'!F10)=Settings!$B$40),'Licenses'!I10,"")) | F10: =IF('Licenses'!F10="","",IF(AND(MONTH('Licenses'!F10)=3,YEAR('Licenses'!F10)=Settings!$B$40),'Licenses'!I10,"")) | G10: =IF('Licenses'!F10="","",IF(AND(MONTH('Licenses'!F10)=4,YEAR('Licenses'!F10)=Settings!$B$40),'Licenses'!I10,"")) | H10: =IF('Licenses'!F10="","",IF(AND(MONTH('Licenses'!F10)=5,YEAR('Licenses'!F10)=Settings!$B$40),'Licenses'!I10,"")) | I10: =IF('Licenses'!F10="","",IF(AND(MONTH('Licenses'!F10)=6,YEAR('Licenses'!F10)=Settings!$B$40),'Licenses'!I10,"")) | J10: =IF('Licenses'!F10="","",IF(AND(MONTH('Licenses'!F10)=7,YEAR('Licenses'!F10)=Settings!$B$40),'Licenses'!I10,"")) | K10: =IF('Licenses'!F10="","",IF(AND(MONTH('Licenses'!F10)=8,YEAR('Licenses'!F10)=Settings!$B$40),'Licenses'!I10,"")) | L10: =IF('Licenses'!F10="","",IF(AND(MONTH('Licenses'!F10)=9,YEAR('Licenses'!F10)=Settings!$B$40),'Licenses'!I10,"")) | M10: =IF('Licenses'!F10="","",IF(AND(MONTH('Licenses'!F10)=10,YEAR('Licenses'!F10)=Settings!$B$40),'Licenses'!I10,"")) | N10: =IF('Licenses'!F10="","",IF(AND(MONTH('Licenses'!F10)=11,YEAR('Licenses'!F10)=Settings!$B$40),'Licenses'!I10,"")) | O10: =IF('Licenses'!F10="","",IF(AND(MONTH('Licenses'!F10)=12,YEAR('Licenses'!F10)=Settings!$B$40),'Licenses'!I10,""))
A11: =IF('Licenses'!A11="","",'Licenses'!A11) | B11: =IF('Licenses'!B11="","",'Licenses'!B11) | C11: =IF('Licenses'!D11="","",'Licenses'!D11) | D11: =IF('Licenses'!F11="","",IF(AND(MONTH('Licenses'!F11)=1,YEAR('Licenses'!F11)=Settings!$B$40),'Licenses'!I11,"")) | E11: =IF('Licenses'!F11="","",IF(AND(MONTH('Licenses'!F11)=2,YEAR('Licenses'!F11)=Settings!$B$40),'Licenses'!I11,"")) | F11: =IF('Licenses'!F11="","",IF(AND(MONTH('Licenses'!F11)=3,YEAR('Licenses'!F11)=Settings!$B$40),'Licenses'!I11,"")) | G11: =IF('Licenses'!F11="","",IF(AND(MONTH('Licenses'!F11)=4,YEAR('Licenses'!F11)=Settings!$B$40),'Licenses'!I11,"")) | H11: =IF('Licenses'!F11="","",IF(AND(MONTH('Licenses'!F11)=5,YEAR('Licenses'!F11)=Settings!$B$40),'Licenses'!I11,"")) | I11: =IF('Licenses'!F11="","",IF(AND(MONTH('Licenses'!F11)=6,YEAR('Licenses'!F11)=Settings!$B$40),'Licenses'!I11,"")) | J11: =IF('Licenses'!F11="","",IF(AND(MONTH('Licenses'!F11)=7,YEAR('Licenses'!F11)=Settings!$B$40),'Licenses'!I11,"")) | K11: =IF('Licenses'!F11="","",IF(AND(MONTH('Licenses'!F11)=8,YEAR('Licenses'!F11)=Settings!$B$40),'Licenses'!I11,"")) | L11: =IF('Licenses'!F11="","",IF(AND(MONTH('Licenses'!F11)=9,YEAR('Licenses'!F11)=Settings!$B$40),'Licenses'!I11,"")) | M11: =IF('Licenses'!F11="","",IF(AND(MONTH('Licenses'!F11)=10,YEAR('Licenses'!F11)=Settings!$B$40),'Licenses'!I11,"")) | N11: =IF('Licenses'!F11="","",IF(AND(MONTH('Licenses'!F11)=11,YEAR('Licenses'!F11)=Settings!$B$40),'Licenses'!I11,"")) | O11: =IF('Licenses'!F11="","",IF(AND(MONTH('Licenses'!F11)=12,YEAR('Licenses'!F11)=Settings!$B$40),'Licenses'!I11,""))
A12: =IF('Licenses'!A12="","",'Licenses'!A12) | B12: =IF('Licenses'!B12="","",'Licenses'!B12) | C12: =IF('Licenses'!D12="","",'Licenses'!D12) | D12: =IF('Licenses'!F12="","",IF(AND(MONTH('Licenses'!F12)=1,YEAR('Licenses'!F12)=Settings!$B$40),'Licenses'!I12,"")) | E12: =IF('Licenses'!F12="","",IF(AND(MONTH('Licenses'!F12)=2,YEAR('Licenses'!F12)=Settings!$B$40),'Licenses'!I12,"")) | F12: =IF('Licenses'!F12="","",IF(AND(MONTH('Licenses'!F12)=3,YEAR('Licenses'!F12)=Settings!$B$40),'Licenses'!I12,"")) | G12: =IF('Licenses'!F12="","",IF(AND(MONTH('Licenses'!F12)=4,YEAR('Licenses'!F12)=Settings!$B$40),'Licenses'!I12,"")) | H12: =IF('Licenses'!F12="","",IF(AND(MONTH('Licenses'!F12)=5,YEAR('Licenses'!F12)=Settings!$B$40),'Licenses'!I12,"")) | I12: =IF('Licenses'!F12="","",IF(AND(MONTH('Licenses'!F12)=6,YEAR('Licenses'!F12)=Settings!$B$40),'Licenses'!I12,"")) | J12: =IF('Licenses'!F12="","",IF(AND(MONTH('Licenses'!F12)=7,YEAR('Licenses'!F12)=Settings!$B$40),'Licenses'!I12,"")) | K12: =IF('Licenses'!F12="","",IF(AND(MONTH('Licenses'!F12)=8,YEAR('Licenses'!F12)=Settings!$B$40),'Licenses'!I12,"")) | L12: =IF('Licenses'!F12="","",IF(AND(MONTH('Licenses'!F12)=9,YEAR('Licenses'!F12)=Settings!$B$40),'Licenses'!I12,"")) | M12: =IF('Licenses'!F12="","",IF(AND(MONTH('Licenses'!F12)=10,YEAR('Licenses'!F12)=Settings!$B$40),'Licenses'!I12,"")) | N12: =IF('Licenses'!F12="","",IF(AND(MONTH('Licenses'!F12)=11,YEAR('Licenses'!F12)=Settings!$B$40),'Licenses'!I12,"")) | O12: =IF('Licenses'!F12="","",IF(AND(MONTH('Licenses'!F12)=12,YEAR('Licenses'!F12)=Settings!$B$40),'Licenses'!I12,""))
A13: =IF('Licenses'!A13="","",'Licenses'!A13) | B13: =IF('Licenses'!B13="","",'Licenses'!B13) | C13: =IF('Licenses'!D13="","",'Licenses'!D13) | D13: =IF('Licenses'!F13="","",IF(AND(MONTH('Licenses'!F13)=1,YEAR('Licenses'!F13)=Settings!$B$40),'Licenses'!I13,"")) | E13: =IF('Licenses'!F13="","",IF(AND(MONTH('Licenses'!F13)=2,YEAR('Licenses'!F13)=Settings!$B$40),'Licenses'!I13,"")) | F13: =IF('Licenses'!F13="","",IF(AND(MONTH('Licenses'!F13)=3,YEAR('Licenses'!F13)=Settings!$B$40),'Licenses'!I13,"")) | G13: =IF('Licenses'!F13="","",IF(AND(MONTH('Licenses'!F13)=4,YEAR('Licenses'!F13)=Settings!$B$40),'Licenses'!I13,"")) | H13: =IF('Licenses'!F13="","",IF(AND(MONTH('Licenses'!F13)=5,YEAR('Licenses'!F13)=Settings!$B$40),'Licenses'!I13,"")) | I13: =IF('Licenses'!F13="","",IF(AND(MONTH('Licenses'!F13)=6,YEAR('Licenses'!F13)=Settings!$B$40),'Licenses'!I13,"")) | J13: =IF('Licenses'!F13="","",IF(AND(MONTH('Licenses'!F13)=7,YEAR('Licenses'!F13)=Settings!$B$40),'Licenses'!I13,"")) | K13: =IF('Licenses'!F13="","",IF(AND(MONTH('Licenses'!F13)=8,YEAR('Licenses'!F13)=Settings!$B$40),'Licenses'!I13,"")) | L13: =IF('Licenses'!F13="","",IF(AND(MONTH('Licenses'!F13)=9,YEAR('Licenses'!F13)=Settings!$B$40),'Licenses'!I13,"")) | M13: =IF('Licenses'!F13="","",IF(AND(MONTH('Licenses'!F13)=10,YEAR('Licenses'!F13)=Settings!$B$40),'Licenses'!I13,"")) | N13: =IF('Licenses'!F13="","",IF(AND(MONTH('Licenses'!F13)=11,YEAR('Licenses'!F13)=Settings!$B$40),'Licenses'!I13,"")) | O13: =IF('Licenses'!F13="","",IF(AND(MONTH('Licenses'!F13)=12,YEAR('Licenses'!F13)=Settings!$B$40),'Licenses'!I13,""))
A14: =IF('Licenses'!A14="","",'Licenses'!A14) | B14: =IF('Licenses'!B14="","",'Licenses'!B14) | C14: =IF('Licenses'!D14="","",'Licenses'!D14) | D14: =IF('Licenses'!F14="","",IF(AND(MONTH('Licenses'!F14)=1,YEAR('Licenses'!F14)=Settings!$B$40),'Licenses'!I14,"")) | E14: =IF('Licenses'!F14="","",IF(AND(MONTH('Licenses'!F14)=2,YEAR('Licenses'!F14)=Settings!$B$40),'Licenses'!I14,"")) | F14: =IF('Licenses'!F14="","",IF(AND(MONTH('Licenses'!F14)=3,YEAR('Licenses'!F14)=Settings!$B$40),'Licenses'!I14,"")) | G14: =IF('Licenses'!F14="","",IF(AND(MONTH('Licenses'!F14)=4,YEAR('Licenses'!F14)=Settings!$B$40),'Licenses'!I14,"")) | H14: =IF('Licenses'!F14="","",IF(AND(MONTH('Licenses'!F14)=5,YEAR('Licenses'!F14)=Settings!$B$40),'Licenses'!I14,"")) | I14: =IF('Licenses'!F14="","",IF(AND(MONTH('Licenses'!F14)=6,YEAR('Licenses'!F14)=Settings!$B$40),'Licenses'!I14,"")) | J14: =IF('Licenses'!F14="","",IF(AND(MONTH('Licenses'!F14)=7,YEAR('Licenses'!F14)=Settings!$B$40),'Licenses'!I14,"")) | K14: =IF('Licenses'!F14="","",IF(AND(MONTH('Licenses'!F14)=8,YEAR('Licenses'!F14)=Settings!$B$40),'Licenses'!I14,"")) | L14: =IF('Licenses'!F14="","",IF(AND(MONTH('Licenses'!F14)=9,YEAR('Licenses'!F14)=Settings!$B$40),'Licenses'!I14,"")) | M14: =IF('Licenses'!F14="","",IF(AND(MONTH('Licenses'!F14)=10,YEAR('Licenses'!F14)=Settings!$B$40),'Licenses'!I14,"")) | N14: =IF('Licenses'!F14="","",IF(AND(MONTH('Licenses'!F14)=11,YEAR('Licenses'!F14)=Settings!$B$40),'Licenses'!I14,"")) | O14: =IF('Licenses'!F14="","",IF(AND(MONTH('Licenses'!F14)=12,YEAR('Licenses'!F14)=Settings!$B$40),'Licenses'!I14,""))
A15: =IF('Licenses'!A15="","",'Licenses'!A15) | B15: =IF('Licenses'!B15="","",'Licenses'!B15) | C15: =IF('Licenses'!D15="","",'Licenses'!D15) | D15: =IF('Licenses'!F15="","",IF(AND(MONTH('Licenses'!F15)=1,YEAR('Licenses'!F15)=Settings!$B$40),'Licenses'!I15,"")) | E15: =IF('Licenses'!F15="","",IF(AND(MONTH('Licenses'!F15)=2,YEAR('Licenses'!F15)=Settings!$B$40),'Licenses'!I15,"")) | F15: =IF('Licenses'!F15="","",IF(AND(MONTH('Licenses'!F15)=3,YEAR('Licenses'!F15)=Settings!$B$40),'Licenses'!I15,"")) | G15: =IF('Licenses'!F15="","",IF(AND(MONTH('Licenses'!F15)=4,YEAR('Licenses'!F15)=Settings!$B$40),'Licenses'!I15,"")) | H15: =IF('Licenses'!F15="","",IF(AND(MONTH('Licenses'!F15)=5,YEAR('Licenses'!F15)=Settings!$B$40),'Licenses'!I15,"")) | I15: =IF('Licenses'!F15="","",IF(AND(MONTH('Licenses'!F15)=6,YEAR('Licenses'!F15)=Settings!$B$40),'Licenses'!I15,"")) | J15: =IF('Licenses'!F15="","",IF(AND(MONTH('Licenses'!F15)=7,YEAR('Licenses'!F15)=Settings!$B$40),'Licenses'!I15,"")) | K15: =IF('Licenses'!F15="","",IF(AND(MONTH('Licenses'!F15)=8,YEAR('Licenses'!F15)=Settings!$B$40),'Licenses'!I15,"")) | L15: =IF('Licenses'!F15="","",IF(AND(MONTH('Licenses'!F15)=9,YEAR('Licenses'!F15)=Settings!$B$40),'Licenses'!I15,"")) | M15: =IF('Licenses'!F15="","",IF(AND(MONTH('Licenses'!F15)=10,YEAR('Licenses'!F15)=Settings!$B$40),'Licenses'!I15,"")) | N15: =IF('Licenses'!F15="","",IF(AND(MONTH('Licenses'!F15)=11,YEAR('Licenses'!F15)=Settings!$B$40),'Licenses'!I15,"")) | O15: =IF('Licenses'!F15="","",IF(AND(MONTH('Licenses'!F15)=12,YEAR('Licenses'!F15)=Settings!$B$40),'Licenses'!I15,""))
A16: =IF('Licenses'!A16="","",'Licenses'!A16) | B16: =IF('Licenses'!B16="","",'Licenses'!B16) | C16: =IF('Licenses'!D16="","",'Licenses'!D16) | D16: =IF('Licenses'!F16="","",IF(AND(MONTH('Licenses'!F16)=1,YEAR('Licenses'!F16)=Settings!$B$40),'Licenses'!I16,"")) | E16: =IF('Licenses'!F16="","",IF(AND(MONTH('Licenses'!F16)=2,YEAR('Licenses'!F16)=Settings!$B$40),'Licenses'!I16,"")) | F16: =IF('Licenses'!F16="","",IF(AND(MONTH('Licenses'!F16)=3,YEAR('Licenses'!F16)=Settings!$B$40),'Licenses'!I16,"")) | G16: =IF('Licenses'!F16="","",IF(AND(MONTH('Licenses'!F16)=4,YEAR('Licenses'!F16)=Settings!$B$40),'Licenses'!I16,"")) | H16: =IF('Licenses'!F16="","",IF(AND(MONTH('Licenses'!F16)=5,YEAR('Licenses'!F16)=Settings!$B$40),'Licenses'!I16,"")) | I16: =IF('Licenses'!F16="","",IF(AND(MONTH('Licenses'!F16)=6,YEAR('Licenses'!F16)=Settings!$B$40),'Licenses'!I16,"")) | J16: =IF('Licenses'!F16="","",IF(AND(MONTH('Licenses'!F16)=7,YEAR('Licenses'!F16)=Settings!$B$40),'Licenses'!I16,"")) | K16: =IF('Licenses'!F16="","",IF(AND(MONTH('Licenses'!F16)=8,YEAR('Licenses'!F16)=Settings!$B$40),'Licenses'!I16,"")) | L16: =IF('Licenses'!F16="","",IF(AND(MONTH('Licenses'!F16)=9,YEAR('Licenses'!F16)=Settings!$B$40),'Licenses'!I16,"")) | M16: =IF('Licenses'!F16="","",IF(AND(MONTH('Licenses'!F16)=10,YEAR('Licenses'!F16)=Settings!$B$40),'Licenses'!I16,"")) | N16: =IF('Licenses'!F16="","",IF(AND(MONTH('Licenses'!F16)=11,YEAR('Licenses'!F16)=Settings!$B$40),'Licenses'!I16,"")) | O16: =IF('Licenses'!F16="","",IF(AND(MONTH('Licenses'!F16)=12,YEAR('Licenses'!F16)=Settings!$B$40),'Licenses'!I16,""))
A17: =IF('Licenses'!A17="","",'Licenses'!A17) | B17: =IF('Licenses'!B17="","",'Licenses'!B17) | C17: =IF('Licenses'!D17="","",'Licenses'!D17) | D17: =IF('Licenses'!F17="","",IF(AND(MONTH('Licenses'!F17)=1,YEAR('Licenses'!F17)=Settings!$B$40),'Licenses'!I17,"")) | E17: =IF('Licenses'!F17="","",IF(AND(MONTH('Licenses'!F17)=2,YEAR('Licenses'!F17)=Settings!$B$40),'Licenses'!I17,"")) | F17: =IF('Licenses'!F17="","",IF(AND(MONTH('Licenses'!F17)=3,YEAR('Licenses'!F17)=Settings!$B$40),'Licenses'!I17,"")) | G17: =IF('Licenses'!F17="","",IF(AND(MONTH('Licenses'!F17)=4,YEAR('Licenses'!F17)=Settings!$B$40),'Licenses'!I17,"")) | H17: =IF('Licenses'!F17="","",IF(AND(MONTH('Licenses'!F17)=5,YEAR('Licenses'!F17)=Settings!$B$40),'Licenses'!I17,"")) | I17: =IF('Licenses'!F17="","",IF(AND(MONTH('Licenses'!F17)=6,YEAR('Licenses'!F17)=Settings!$B$40),'Licenses'!I17,"")) | J17: =IF('Licenses'!F17="","",IF(AND(MONTH('Licenses'!F17)=7,YEAR('Licenses'!F17)=Settings!$B$40),'Licenses'!I17,"")) | K17: =IF('Licenses'!F17="","",IF(AND(MONTH('Licenses'!F17)=8,YEAR('Licenses'!F17)=Settings!$B$40),'Licenses'!I17,"")) | L17: =IF('Licenses'!F17="","",IF(AND(MONTH('Licenses'!F17)=9,YEAR('Licenses'!F17)=Settings!$B$40),'Licenses'!I17,"")) | M17: =IF('Licenses'!F17="","",IF(AND(MONTH('Licenses'!F17)=10,YEAR('Licenses'!F17)=Settings!$B$40),'Licenses'!I17,"")) | N17: =IF('Licenses'!F17="","",IF(AND(MONTH('Licenses'!F17)=11,YEAR('Licenses'!F17)=Settings!$B$40),'Licenses'!I17,"")) | O17: =IF('Licenses'!F17="","",IF(AND(MONTH('Licenses'!F17)=12,YEAR('Licenses'!F17)=Settings!$B$40),'Licenses'!I17,""))
A18: =IF('Licenses'!A18="","",'Licenses'!A18) | B18: =IF('Licenses'!B18="","",'Licenses'!B18) | C18: =IF('Licenses'!D18="","",'Licenses'!D18) | D18: =IF('Licenses'!F18="","",IF(AND(MONTH('Licenses'!F18)=1,YEAR('Licenses'!F18)=Settings!$B$40),'Licenses'!I18,"")) | E18: =IF('Licenses'!F18="","",IF(AND(MONTH('Licenses'!F18)=2,YEAR('Licenses'!F18)=Settings!$B$40),'Licenses'!I18,"")) | F18: =IF('Licenses'!F18="","",IF(AND(MONTH('Licenses'!F18)=3,YEAR('Licenses'!F18)=Settings!$B$40),'Licenses'!I18,"")) | G18: =IF('Licenses'!F18="","",IF(AND(MONTH('Licenses'!F18)=4,YEAR('Licenses'!F18)=Settings!$B$40),'Licenses'!I18,"")) | H18: =IF('Licenses'!F18="","",IF(AND(MONTH('Licenses'!F18)=5,YEAR('Licenses'!F18)=Settings!$B$40),'Licenses'!I18,"")) | I18: =IF('Licenses'!F18="","",IF(AND(MONTH('Licenses'!F18)=6,YEAR('Licenses'!F18)=Settings!$B$40),'Licenses'!I18,"")) | J18: =IF('Licenses'!F18="","",IF(AND(MONTH('Licenses'!F18)=7,YEAR('Licenses'!F18)=Settings!$B$40),'Licenses'!I18,"")) | K18: =IF('Licenses'!F18="","",IF(AND(MONTH('Licenses'!F18)=8,YEAR('Licenses'!F18)=Settings!$B$40),'Licenses'!I18,"")) | L18: =IF('Licenses'!F18="","",IF(AND(MONTH('Licenses'!F18)=9,YEAR('Licenses'!F18)=Settings!$B$40),'Licenses'!I18,"")) | M18: =IF('Licenses'!F18="","",IF(AND(MONTH('Licenses'!F18)=10,YEAR('Licenses'!F18)=Settings!$B$40),'Licenses'!I18,"")) | N18: =IF('Licenses'!F18="","",IF(AND(MONTH('Licenses'!F18)=11,YEAR('Licenses'!F18)=Settings!$B$40),'Licenses'!I18,"")) | O18: =IF('Licenses'!F18="","",IF(AND(MONTH('Licenses'!F18)=12,YEAR('Licenses'!F18)=Settings!$B$40),'Licenses'!I18,""))
... A106: =IF('Licenses'!A106="","",'Licenses'!A106) | B106: =IF('Licenses'!B106="","",'Licenses'!B106) | C106: =IF('Licenses'!D106="","",'Licenses'!D106) | D106: =IF('Licenses'!F106="","",IF(AND(MONTH('Licenses'!F106)=1,YEAR('Licenses'!F106)=Settings!$B$40),'Licenses'!I106,"")) | E106: =IF('Licenses'!F106="","",IF(AND(MONTH('Licenses'!F106)=2,YEAR('Licenses'!F106)=Settings!$B$40),'Licenses'!I106,"")) | F106: =IF('Licenses'!F106="","",IF(AND(MONTH('Licenses'!F106)=3,YEAR('Licenses'!F106)=Settings!$B$40),'Licenses'!I106,"")) | G106: =IF('Licenses'!F106="","",IF(AND(MONTH('Licenses'!F106)=4,YEAR('Licenses'!F106)=Settings!$B$40),'Licenses'!I106,"")) | H106: =IF('Licenses'!F106="","",IF(AND(MONTH('Licenses'!F106)=5,YEAR('Licenses'!F106)=Settings!$B$40),'Licenses'!I106,"")) | I106: =IF('Licenses'!F106="","",IF(AND(MONTH('Licenses'!F106)=6,YEAR('Licenses'!F106)=Settings!$B$40),'Licenses'!I106,"")) | J106: =IF('Licenses'!F106="","",IF(AND(MONTH('Licenses'!F106)=7,YEAR('Licenses'!F106)=Settings!$B$40),'Licenses'!I106,"")) | K106: =IF('Licenses'!F106="","",IF(AND(MONTH('Licenses'!F106)=8,YEAR('Licenses'!F106)=Settings!$B$40),'Licenses'!I106,"")) | L106: =IF('Licenses'!F106="","",IF(AND(MONTH('Licenses'!F106)=9,YEAR('Licenses'!F106)=Settings!$B$40),'Licenses'!I106,"")) | M106: =IF('Licenses'!F106="","",IF(AND(MONTH('Licenses'!F106)=10,YEAR('Licenses'!F106)=Settings!$B$40),'Licenses'!I106,"")) | N106: =IF('Licenses'!F106="","",IF(AND(MONTH('Licenses'!F106)=11,YEAR('Licenses'!F106)=Settings!$B$40),'Licenses'!I106,"")) | O106: =IF('Licenses'!F106="","",IF(AND(MONTH('Licenses'!F106)=12,YEAR('Licenses'!F106)=Settings!$B$40),'Licenses'!I106,""))
A107: TOTAL | D107: =SUM(D7:D106) | E107: =SUM(E7:E106) | F107: =SUM(F7:F106) | G107: =SUM(G7:G106) | H107: =SUM(H7:H106) | I107: =SUM(I7:I106) | J107: =SUM(J7:J106) | K107: =SUM(K7:K106) | ... O107: =SUM(O7:O106)

Sheet Settings
A2: =HYPERLINK("#'12-Month Calendar'!A1", "← BACK") | D2: SETTINGS
A4: Lists drive dropdowns on the Licenses tab. The active calendar year drives the 12-Month Calendar — bump it each January.
B5: Smokies Ridge Cabin | D5: ← Property list (B5:B14)
B6: Creek Side
B7: Lakeside Lodge
B8: Mountain View Loft
B9: Pigeon Forge Retreat
B16: Gatlinburg, TN | D16: ← Jurisdictions (B16:B25)
B17: Sevierville, TN
B18: Sevier County, TN
B19: State of Tennessee
B20: Pigeon Forge, TN
B27: STR Permit | D27: ← License types (B27:B36)
B28: Business License
B29: Sales Tax
B30: Fire/Safety
B31: Lottery
B32: Health
B33: Other
B38: 90 | D38: ← Renewal alert window (days)
B40: 2026 | D40: ← Active calendar year (drives 12-Month Calendar)
B43: YEAR-END ARCHIVE — copy KPIs each January
B44: Year | C44: Active licenses | D44: Total fees $ | E44: # Renewals filed
B45: 2026
B46: 2027
B47: 2028
B48: 2029
B49: 2030
B50: 2031
