Workbook

Sheet Start
A2: The STR Ledger
A4: Supply Inventory + Par-Level Restock
A5: Never run out of TP between guests again.
A7: OPS-005 · v2.2 · BLANK
A10: WHAT THIS DOES
A11: Tracks consumables (linens, toiletries, cleaning supplies, paper goods) per property with a par level — the minimum quantity you keep on hand. When on-hand drops below par, the item shows up on the Restock List with the shortfall and dollar cost. Vendor Quick Order pages bundle every below-par item into copy-paste shopping lists for Costco, Amazon, Sam's Club, and local stores.
A18: HOW TO USE
A19: ① Settings: edit the property list, vendor list, and category list to match your portfolio.
A20: ② Inventory tab: add every consumable — SKU, item, property, par level, current count, vendor, unit cost.
A21: ③ After each turnover: update the On-hand column. Shortfall and $ to restock recalculate automatically.
A22: ④ Restock List: glance at the count of items below par and the total restock cost — sorted by shortfall.
A23: ⑤ Vendor Quick Order: open the page for the vendor you're shopping at, copy the list, paste into the cart.
A24: ⑥ When supplies arrive: bump the On-hand count and update Last Restocked date — par alerts clear automatically.
A27: =HYPERLINK("#'Inventory'!A6", "→ OPEN INVENTORY (LOG ON-HAND COUNTS)")
A32: ITEMS TRACKED | E32: ITEMS BELOW PAR | I32: $ TO RESTOCK
A33: =COUNTA(Inventory!A6:A205) | E33: =COUNTIF(Inventory!G6:G205,">0") | I33: =SUM(Inventory!K6:K205)
A35: rows on the Inventory tab | E35: need restock now | I35: shortfall × unit cost
A39: =HYPERLINK("#'Restock List'!A1", "→ Restock List") | D39: =HYPERLINK("#'Vendor Quick Order'!A1", "Vendor Quick Order") | G39: =HYPERLINK("#'Inventory'!A1", "Inventory") | J39: =HYPERLINK("#'Settings'!A1", "Settings")
A42: 🧺 PAR-LEVEL RULE: par = (linen sets per turnover × turnovers between restocks) + 1 buffer set. For a 4-bed Queen, 2 turnovers/wk, weekly Costco run → par = (4 × 2) + 4 = 12 sheet sets. Build it in once, stop scrambling forever.
A44: ⚠ Update On-hand counts after every turnover. Stale counts = surprise shortages. The Restock List is only as honest as the column to its left.
A47: Questions? hello@thestrledger.com
A48: OPS-005 · v2.2 · Free updates forever

Sheet Inventory
A2: =HYPERLINK("#'Start'!A1", "← BACK") | D2: INVENTORY | J2: =HYPERLINK("#'Restock List'!A1", "NEXT →")
A4: Master register — SKU, item, property, par, on-hand, vendor, unit cost
A5: SKU | B5: Item | C5: Category | D5: Property | E5: Par | F5: On-hand | G5: Shortfall | H5: Vendor | I5: Unit cost | J5: Reorder qty | K5: $ to restock | L5: Last restocked | M5: Notes
G6: =IF(OR(E6="",F6=""),"",MAX(0,E6-F6)) | K6: =IF(OR(G6="",I6=""),"",G6*I6)
G7: =IF(OR(E7="",F7=""),"",MAX(0,E7-F7)) | K7: =IF(OR(G7="",I7=""),"",G7*I7)
G8: =IF(OR(E8="",F8=""),"",MAX(0,E8-F8)) | K8: =IF(OR(G8="",I8=""),"",G8*I8)
G9: =IF(OR(E9="",F9=""),"",MAX(0,E9-F9)) | K9: =IF(OR(G9="",I9=""),"",G9*I9)
G10: =IF(OR(E10="",F10=""),"",MAX(0,E10-F10)) | K10: =IF(OR(G10="",I10=""),"",G10*I10)
G11: =IF(OR(E11="",F11=""),"",MAX(0,E11-F11)) | K11: =IF(OR(G11="",I11=""),"",G11*I11)
G12: =IF(OR(E12="",F12=""),"",MAX(0,E12-F12)) | K12: =IF(OR(G12="",I12=""),"",G12*I12)
G13: =IF(OR(E13="",F13=""),"",MAX(0,E13-F13)) | K13: =IF(OR(G13="",I13=""),"",G13*I13)
G14: =IF(OR(E14="",F14=""),"",MAX(0,E14-F14)) | K14: =IF(OR(G14="",I14=""),"",G14*I14)
G15: =IF(OR(E15="",F15=""),"",MAX(0,E15-F15)) | K15: =IF(OR(G15="",I15=""),"",G15*I15)
G16: =IF(OR(E16="",F16=""),"",MAX(0,E16-F16)) | K16: =IF(OR(G16="",I16=""),"",G16*I16)
G17: =IF(OR(E17="",F17=""),"",MAX(0,E17-F17)) | K17: =IF(OR(G17="",I17=""),"",G17*I17)
... G205: =IF(OR(E205="",F205=""),"",MAX(0,E205-F205)) | K205: =IF(OR(G205="",I205=""),"",G205*I205)

Sheet Restock List
A2: =HYPERLINK("#'Inventory'!A1", "← BACK") | D2: RESTOCK LIST · WHAT TO BUY NOW | J2: =HYPERLINK("#'Vendor Quick Order'!A1", "NEXT →")
A4: 📄 PRINT THIS LIST — items where on-hand < par, sorted by shortfall (largest first).
A5: ="Items below par: "&COUNTIF(Inventory!G6:G205,">0")&" · $ to restock total: $"&TEXT(SUM(Inventory!K6:K205),"#,##0.00")
A7: SKU | B7: Item | C7: Property | D7: Vendor | E7: Par | F7: On-hand | G7: Shortfall | H7: Unit cost | I7: $ to restock
A8: =IFERROR(IF(IFERROR(AGGREGATE(14,6,(Inventory!$G$6:$G$205+(205-ROW(Inventory!$G$6:$G$205))/10000)/(Inventory!$G$6:$G$205>0),1),"")="","",INDEX(Inventory!$A$6:$A$205,IFERROR(MATCH(IFERROR(AGGREGATE(14,6,(Inventory!$G$6:$G$205+(205-ROW(Inventory!$G$6:$G$205))/10000)/(Inventory!$G$6:$G$205>0),1),""),(Inventory!$G$6:$G$205+(205-ROW(Inventory!$G$6:$G$205))/10000),0),""))),"") | B8: =IFERROR(IF(IFERROR(AGGREGATE(14,6,(Inventory!$G$6:$G$205+(205-ROW(Inventory!$G$6:$G$205))/10000)/(Inventory!$G$6:$G$205>0),1),"")="","",INDEX(Inventory!$B$6:$B$205,IFERROR(MATCH(IFERROR(AGGREGATE(14,6,(Inventory!$G$6:$G$205+(205-ROW(Inventory!$G$6:$G$205))/10000)/(Inventory!$G$6:$G$205>0),1),""),(Inventory!$G$6:$G$205+(205-ROW(Inventory!$G$6:$G$205))/10000),0),""))),"") | C8: =IFERROR(IF(IFERROR(AGGREGATE(14,6,(Inventory!$G$6:$G$205+(205-ROW(Inventory!$G$6:$G$205))/10000)/(Inventory!$G$6:$G$205>0),1),"")="","",INDEX(Inventory!$D$6:$D$205,IFERROR(MATCH(IFERROR(AGGREGATE(14,6,(Inventory!$G$6:$G$205+(205-ROW(Inventory!$G$6:$G$205))/10000)/(Inventory!$G$6:$G$205>0),1),""),(Inventory!$G$6:$G$205+(205-ROW(Inventory!$G$6:$G$205))/10000),0),""))),"") | D8: =IFERROR(IF(IFERROR(AGGREGATE(14,6,(Inventory!$G$6:$G$205+(205-ROW(Inventory!$G$6:$G$205))/10000)/(Inventory!$G$6:$G$205>0),1),"")="","",INDEX(Inventory!$H$6:$H$205,IFERROR(MATCH(IFERROR(AGGREGATE(14,6,(Inventory!$G$6:$G$205+(205-ROW(Inventory!$G$6:$G$205))/10000)/(Inventory!$G$6:$G$205>0),1),""),(Inventory!$G$6:$G$205+(205-ROW(Inventory!$G$6:$G$205))/10000),0),""))),"") | E8: =IFERROR(IF(IFERROR(AGGREGATE(14,6,(Inventory!$G$6:$G$205+(205-ROW(Inventory!$G$6:$G$205))/10000)/(Inventory!$G$6:$G$205>0),1),"")="","",INDEX(Inventory!$E$6:$E$205,IFERROR(MATCH(IFERROR(AGGREGATE(14,6,(Inventory!$G$6:$G$205+(205-ROW(Inventory!$G$6:$G$205))/10000)/(Inventory!$G$6:$G$205>0),1),""),(Inventory!$G$6:$G$205+(205-ROW(Inventory!$G$6:$G$205))/10000),0),""))),"") | F8: =IFERROR(IF(IFERROR(AGGREGATE(14,6,(Inventory!$G$6:$G$205+(205-ROW(Inventory!$G$6:$G$205))/10000)/(Inventory!$G$6:$G$205>0),1),"")="","",INDEX(Inventory!$F$6:$F$205,IFERROR(MATCH(IFERROR(AGGREGATE(14,6,(Inventory!$G$6:$G$205+(205-ROW(Inventory!$G$6:$G$205))/10000)/(Inventory!$G$6:$G$205>0),1),""),(Inventory!$G$6:$G$205+(205-ROW(Inventory!$G$6:$G$205))/10000),0),""))),"") | G8: =IFERROR(IF(IFERROR(AGGREGATE(14,6,(Inventory!$G$6:$G$205+(205-ROW(Inventory!$G$6:$G$205))/10000)/(Inventory!$G$6:$G$205>0),1),"")="","",INDEX(Inventory!$G$6:$G$205,IFERROR(MATCH(IFERROR(AGGREGATE(14,6,(Inventory!$G$6:$G$205+(205-ROW(Inventory!$G$6:$G$205))/10000)/(Inventory!$G$6:$G$205>0),1),""),(Inventory!$G$6:$G$205+(205-ROW(Inventory!$G$6:$G$205))/10000),0),""))),"") | H8: =IFERROR(IF(IFERROR(AGGREGATE(14,6,(Inventory!$G$6:$G$205+(205-ROW(Inventory!$G$6:$G$205))/10000)/(Inventory!$G$6:$G$205>0),1),"")="","",INDEX(Inventory!$I$6:$I$205,IFERROR(MATCH(IFERROR(AGGREGATE(14,6,(Inventory!$G$6:$G$205+(205-ROW(Inventory!$G$6:$G$205))/10000)/(Inventory!$G$6:$G$205>0),1),""),(Inventory!$G$6:$G$205+(205-ROW(Inventory!$G$6:$G$205))/10000),0),""))),"") | I8: =IFERROR(IF(IFERROR(AGGREGATE(14,6,(Inventory!$G$6:$G$205+(205-ROW(Inventory!$G$6:$G$205))/10000)/(Inventory!$G$6:$G$205>0),1),"")="","",INDEX(Inventory!$K$6:$K$205,IFERROR(MATCH(IFERROR(AGGREGATE(14,6,(Inventory!$G$6:$G$205+(205-ROW(Inventory!$G$6:$G$205))/10000)/(Inventory!$G$6:$G$205>0),1),""),(Inventory!$G$6:$G$205+(205-ROW(Inventory!$G$6:$G$205))/10000),0),""))),"")
A9: =IFERROR(IF(IFERROR(AGGREGATE(14,6,(Inventory!$G$6:$G$205+(205-ROW(Inventory!$G$6:$G$205))/10000)/(Inventory!$G$6:$G$205>0),2),"")="","",INDEX(Inventory!$A$6:$A$205,IFERROR(MATCH(IFERROR(AGGREGATE(14,6,(Inventory!$G$6:$G$205+(205-ROW(Inventory!$G$6:$G$205))/10000)/(Inventory!$G$6:$G$205>0),2),""),(Inventory!$G$6:$G$205+(205-ROW(Inventory!$G$6:$G$205))/10000),0),""))),"") | B9: =IFERROR(IF(IFERROR(AGGREGATE(14,6,(Inventory!$G$6:$G$205+(205-ROW(Inventory!$G$6:$G$205))/10000)/(Inventory!$G$6:$G$205>0),2),"")="","",INDEX(Inventory!$B$6:$B$205,IFERROR(MATCH(IFERROR(AGGREGATE(14,6,(Inventory!$G$6:$G$205+(205-ROW(Inventory!$G$6:$G$205))/10000)/(Inventory!$G$6:$G$205>0),2),""),(Inventory!$G$6:$G$205+(205-ROW(Inventory!$G$6:$G$205))/10000),0),""))),"") | C9: =IFERROR(IF(IFERROR(AGGREGATE(14,6,(Inventory!$G$6:$G$205+(205-ROW(Inventory!$G$6:$G$205))/10000)/(Inventory!$G$6:$G$205>0),2),"")="","",INDEX(Inventory!$D$6:$D$205,IFERROR(MATCH(IFERROR(AGGREGATE(14,6,(Inventory!$G$6:$G$205+(205-ROW(Inventory!$G$6:$G$205))/10000)/(Inventory!$G$6:$G$205>0),2),""),(Inventory!$G$6:$G$205+(205-ROW(Inventory!$G$6:$G$205))/10000),0),""))),"") | D9: =IFERROR(IF(IFERROR(AGGREGATE(14,6,(Inventory!$G$6:$G$205+(205-ROW(Inventory!$G$6:$G$205))/10000)/(Inventory!$G$6:$G$205>0),2),"")="","",INDEX(Inventory!$H$6:$H$205,IFERROR(MATCH(IFERROR(AGGREGATE(14,6,(Inventory!$G$6:$G$205+(205-ROW(Inventory!$G$6:$G$205))/10000)/(Inventory!$G$6:$G$205>0),2),""),(Inventory!$G$6:$G$205+(205-ROW(Inventory!$G$6:$G$205))/10000),0),""))),"") | E9: =IFERROR(IF(IFERROR(AGGREGATE(14,6,(Inventory!$G$6:$G$205+(205-ROW(Inventory!$G$6:$G$205))/10000)/(Inventory!$G$6:$G$205>0),2),"")="","",INDEX(Inventory!$E$6:$E$205,IFERROR(MATCH(IFERROR(AGGREGATE(14,6,(Inventory!$G$6:$G$205+(205-ROW(Inventory!$G$6:$G$205))/10000)/(Inventory!$G$6:$G$205>0),2),""),(Inventory!$G$6:$G$205+(205-ROW(Inventory!$G$6:$G$205))/10000),0),""))),"") | F9: =IFERROR(IF(IFERROR(AGGREGATE(14,6,(Inventory!$G$6:$G$205+(205-ROW(Inventory!$G$6:$G$205))/10000)/(Inventory!$G$6:$G$205>0),2),"")="","",INDEX(Inventory!$F$6:$F$205,IFERROR(MATCH(IFERROR(AGGREGATE(14,6,(Inventory!$G$6:$G$205+(205-ROW(Inventory!$G$6:$G$205))/10000)/(Inventory!$G$6:$G$205>0),2),""),(Inventory!$G$6:$G$205+(205-ROW(Inventory!$G$6:$G$205))/10000),0),""))),"") | G9: =IFERROR(IF(IFERROR(AGGREGATE(14,6,(Inventory!$G$6:$G$205+(205-ROW(Inventory!$G$6:$G$205))/10000)/(Inventory!$G$6:$G$205>0),2),"")="","",INDEX(Inventory!$G$6:$G$205,IFERROR(MATCH(IFERROR(AGGREGATE(14,6,(Inventory!$G$6:$G$205+(205-ROW(Inventory!$G$6:$G$205))/10000)/(Inventory!$G$6:$G$205>0),2),""),(Inventory!$G$6:$G$205+(205-ROW(Inventory!$G$6:$G$205))/10000),0),""))),"") | H9: =IFERROR(IF(IFERROR(AGGREGATE(14,6,(Inventory!$G$6:$G$205+(205-ROW(Inventory!$G$6:$G$205))/10000)/(Inventory!$G$6:$G$205>0),2),"")="","",INDEX(Inventory!$I$6:$I$205,IFERROR(MATCH(IFERROR(AGGREGATE(14,6,(Inventory!$G$6:$G$205+(205-ROW(Inventory!$G$6:$G$205))/10000)/(Inventory!$G$6:$G$205>0),2),""),(Inventory!$G$6:$G$205+(205-ROW(Inventory!$G$6:$G$205))/10000),0),""))),"") | I9: =IFERROR(IF(IFERROR(AGGREGATE(14,6,(Inventory!$G$6:$G$205+(205-ROW(Inventory!$G$6:$G$205))/10000)/(Inventory!$G$6:$G$205>0),2),"")="","",INDEX(Inventory!$K$6:$K$205,IFERROR(MATCH(IFERROR(AGGREGATE(14,6,(Inventory!$G$6:$G$205+(205-ROW(Inventory!$G$6:$G$205))/10000)/(Inventory!$G$6:$G$205>0),2),""),(Inventory!$G$6:$G$205+(205-ROW(Inventory!$G$6:$G$205))/10000),0),""))),"")
A10: =IFERROR(IF(IFERROR(AGGREGATE(14,6,(Inventory!$G$6:$G$205+(205-ROW(Inventory!$G$6:$G$205))/10000)/(Inventory!$G$6:$G$205>0),3),"")="","",INDEX(Inventory!$A$6:$A$205,IFERROR(MATCH(IFERROR(AGGREGATE(14,6,(Inventory!$G$6:$G$205+(205-ROW(Inventory!$G$6:$G$205))/10000)/(Inventory!$G$6:$G$205>0),3),""),(Inventory!$G$6:$G$205+(205-ROW(Inventory!$G$6:$G$205))/10000),0),""))),"") | B10: =IFERROR(IF(IFERROR(AGGREGATE(14,6,(Inventory!$G$6:$G$205+(205-ROW(Inventory!$G$6:$G$205))/10000)/(Inventory!$G$6:$G$205>0),3),"")="","",INDEX(Inventory!$B$6:$B$205,IFERROR(MATCH(IFERROR(AGGREGATE(14,6,(Inventory!$G$6:$G$205+(205-ROW(Inventory!$G$6:$G$205))/10000)/(Inventory!$G$6:$G$205>0),3),""),(Inventory!$G$6:$G$205+(205-ROW(Inventory!$G$6:$G$205))/10000),0),""))),"") | C10: =IFERROR(IF(IFERROR(AGGREGATE(14,6,(Inventory!$G$6:$G$205+(205-ROW(Inventory!$G$6:$G$205))/10000)/(Inventory!$G$6:$G$205>0),3),"")="","",INDEX(Inventory!$D$6:$D$205,IFERROR(MATCH(IFERROR(AGGREGATE(14,6,(Inventory!$G$6:$G$205+(205-ROW(Inventory!$G$6:$G$205))/10000)/(Inventory!$G$6:$G$205>0),3),""),(Inventory!$G$6:$G$205+(205-ROW(Inventory!$G$6:$G$205))/10000),0),""))),"") | D10: =IFERROR(IF(IFERROR(AGGREGATE(14,6,(Inventory!$G$6:$G$205+(205-ROW(Inventory!$G$6:$G$205))/10000)/(Inventory!$G$6:$G$205>0),3),"")="","",INDEX(Inventory!$H$6:$H$205,IFERROR(MATCH(IFERROR(AGGREGATE(14,6,(Inventory!$G$6:$G$205+(205-ROW(Inventory!$G$6:$G$205))/10000)/(Inventory!$G$6:$G$205>0),3),""),(Inventory!$G$6:$G$205+(205-ROW(Inventory!$G$6:$G$205))/10000),0),""))),"") | E10: =IFERROR(IF(IFERROR(AGGREGATE(14,6,(Inventory!$G$6:$G$205+(205-ROW(Inventory!$G$6:$G$205))/10000)/(Inventory!$G$6:$G$205>0),3),"")="","",INDEX(Inventory!$E$6:$E$205,IFERROR(MATCH(IFERROR(AGGREGATE(14,6,(Inventory!$G$6:$G$205+(205-ROW(Inventory!$G$6:$G$205))/10000)/(Inventory!$G$6:$G$205>0),3),""),(Inventory!$G$6:$G$205+(205-ROW(Inventory!$G$6:$G$205))/10000),0),""))),"") | F10: =IFERROR(IF(IFERROR(AGGREGATE(14,6,(Inventory!$G$6:$G$205+(205-ROW(Inventory!$G$6:$G$205))/10000)/(Inventory!$G$6:$G$205>0),3),"")="","",INDEX(Inventory!$F$6:$F$205,IFERROR(MATCH(IFERROR(AGGREGATE(14,6,(Inventory!$G$6:$G$205+(205-ROW(Inventory!$G$6:$G$205))/10000)/(Inventory!$G$6:$G$205>0),3),""),(Inventory!$G$6:$G$205+(205-ROW(Inventory!$G$6:$G$205))/10000),0),""))),"") | G10: =IFERROR(IF(IFERROR(AGGREGATE(14,6,(Inventory!$G$6:$G$205+(205-ROW(Inventory!$G$6:$G$205))/10000)/(Inventory!$G$6:$G$205>0),3),"")="","",INDEX(Inventory!$G$6:$G$205,IFERROR(MATCH(IFERROR(AGGREGATE(14,6,(Inventory!$G$6:$G$205+(205-ROW(Inventory!$G$6:$G$205))/10000)/(Inventory!$G$6:$G$205>0),3),""),(Inventory!$G$6:$G$205+(205-ROW(Inventory!$G$6:$G$205))/10000),0),""))),"") | H10: =IFERROR(IF(IFERROR(AGGREGATE(14,6,(Inventory!$G$6:$G$205+(205-ROW(Inventory!$G$6:$G$205))/10000)/(Inventory!$G$6:$G$205>0),3),"")="","",INDEX(Inventory!$I$6:$I$205,IFERROR(MATCH(IFERROR(AGGREGATE(14,6,(Inventory!$G$6:$G$205+(205-ROW(Inventory!$G$6:$G$205))/10000)/(Inventory!$G$6:$G$205>0),3),""),(Inventory!$G$6:$G$205+(205-ROW(Inventory!$G$6:$G$205))/10000),0),""))),"") | I10: =IFERROR(IF(IFERROR(AGGREGATE(14,6,(Inventory!$G$6:$G$205+(205-ROW(Inventory!$G$6:$G$205))/10000)/(Inventory!$G$6:$G$205>0),3),"")="","",INDEX(Inventory!$K$6:$K$205,IFERROR(MATCH(IFERROR(AGGREGATE(14,6,(Inventory!$G$6:$G$205+(205-ROW(Inventory!$G$6:$G$205))/10000)/(Inventory!$G$6:$G$205>0),3),""),(Inventory!$G$6:$G$205+(205-ROW(Inventory!$G$6:$G$205))/10000),0),""))),"")
A11: =IFERROR(IF(IFERROR(AGGREGATE(14,6,(Inventory!$G$6:$G$205+(205-ROW(Inventory!$G$6:$G$205))/10000)/(Inventory!$G$6:$G$205>0),4),"")="","",INDEX(Inventory!$A$6:$A$205,IFERROR(MATCH(IFERROR(AGGREGATE(14,6,(Inventory!$G$6:$G$205+(205-ROW(Inventory!$G$6:$G$205))/10000)/(Inventory!$G$6:$G$205>0),4),""),(Inventory!$G$6:$G$205+(205-ROW(Inventory!$G$6:$G$205))/10000),0),""))),"") | B11: =IFERROR(IF(IFERROR(AGGREGATE(14,6,(Inventory!$G$6:$G$205+(205-ROW(Inventory!$G$6:$G$205))/10000)/(Inventory!$G$6:$G$205>0),4),"")="","",INDEX(Inventory!$B$6:$B$205,IFERROR(MATCH(IFERROR(AGGREGATE(14,6,(Inventory!$G$6:$G$205+(205-ROW(Inventory!$G$6:$G$205))/10000)/(Inventory!$G$6:$G$205>0),4),""),(Inventory!$G$6:$G$205+(205-ROW(Inventory!$G$6:$G$205))/10000),0),""))),"") | C11: =IFERROR(IF(IFERROR(AGGREGATE(14,6,(Inventory!$G$6:$G$205+(205-ROW(Inventory!$G$6:$G$205))/10000)/(Inventory!$G$6:$G$205>0),4),"")="","",INDEX(Inventory!$D$6:$D$205,IFERROR(MATCH(IFERROR(AGGREGATE(14,6,(Inventory!$G$6:$G$205+(205-ROW(Inventory!$G$6:$G$205))/10000)/(Inventory!$G$6:$G$205>0),4),""),(Inventory!$G$6:$G$205+(205-ROW(Inventory!$G$6:$G$205))/10000),0),""))),"") | D11: =IFERROR(IF(IFERROR(AGGREGATE(14,6,(Inventory!$G$6:$G$205+(205-ROW(Inventory!$G$6:$G$205))/10000)/(Inventory!$G$6:$G$205>0),4),"")="","",INDEX(Inventory!$H$6:$H$205,IFERROR(MATCH(IFERROR(AGGREGATE(14,6,(Inventory!$G$6:$G$205+(205-ROW(Inventory!$G$6:$G$205))/10000)/(Inventory!$G$6:$G$205>0),4),""),(Inventory!$G$6:$G$205+(205-ROW(Inventory!$G$6:$G$205))/10000),0),""))),"") | E11: =IFERROR(IF(IFERROR(AGGREGATE(14,6,(Inventory!$G$6:$G$205+(205-ROW(Inventory!$G$6:$G$205))/10000)/(Inventory!$G$6:$G$205>0),4),"")="","",INDEX(Inventory!$E$6:$E$205,IFERROR(MATCH(IFERROR(AGGREGATE(14,6,(Inventory!$G$6:$G$205+(205-ROW(Inventory!$G$6:$G$205))/10000)/(Inventory!$G$6:$G$205>0),4),""),(Inventory!$G$6:$G$205+(205-ROW(Inventory!$G$6:$G$205))/10000),0),""))),"") | F11: =IFERROR(IF(IFERROR(AGGREGATE(14,6,(Inventory!$G$6:$G$205+(205-ROW(Inventory!$G$6:$G$205))/10000)/(Inventory!$G$6:$G$205>0),4),"")="","",INDEX(Inventory!$F$6:$F$205,IFERROR(MATCH(IFERROR(AGGREGATE(14,6,(Inventory!$G$6:$G$205+(205-ROW(Inventory!$G$6:$G$205))/10000)/(Inventory!$G$6:$G$205>0),4),""),(Inventory!$G$6:$G$205+(205-ROW(Inventory!$G$6:$G$205))/10000),0),""))),"") | G11: =IFERROR(IF(IFERROR(AGGREGATE(14,6,(Inventory!$G$6:$G$205+(205-ROW(Inventory!$G$6:$G$205))/10000)/(Inventory!$G$6:$G$205>0),4),"")="","",INDEX(Inventory!$G$6:$G$205,IFERROR(MATCH(IFERROR(AGGREGATE(14,6,(Inventory!$G$6:$G$205+(205-ROW(Inventory!$G$6:$G$205))/10000)/(Inventory!$G$6:$G$205>0),4),""),(Inventory!$G$6:$G$205+(205-ROW(Inventory!$G$6:$G$205))/10000),0),""))),"") | H11: =IFERROR(IF(IFERROR(AGGREGATE(14,6,(Inventory!$G$6:$G$205+(205-ROW(Inventory!$G$6:$G$205))/10000)/(Inventory!$G$6:$G$205>0),4),"")="","",INDEX(Inventory!$I$6:$I$205,IFERROR(MATCH(IFERROR(AGGREGATE(14,6,(Inventory!$G$6:$G$205+(205-ROW(Inventory!$G$6:$G$205))/10000)/(Inventory!$G$6:$G$205>0),4),""),(Inventory!$G$6:$G$205+(205-ROW(Inventory!$G$6:$G$205))/10000),0),""))),"") | I11: =IFERROR(IF(IFERROR(AGGREGATE(14,6,(Inventory!$G$6:$G$205+(205-ROW(Inventory!$G$6:$G$205))/10000)/(Inventory!$G$6:$G$205>0),4),"")="","",INDEX(Inventory!$K$6:$K$205,IFERROR(MATCH(IFERROR(AGGREGATE(14,6,(Inventory!$G$6:$G$205+(205-ROW(Inventory!$G$6:$G$205))/10000)/(Inventory!$G$6:$G$205>0),4),""),(Inventory!$G$6:$G$205+(205-ROW(Inventory!$G$6:$G$205))/10000),0),""))),"")
A12: =IFERROR(IF(IFERROR(AGGREGATE(14,6,(Inventory!$G$6:$G$205+(205-ROW(Inventory!$G$6:$G$205))/10000)/(Inventory!$G$6:$G$205>0),5),"")="","",INDEX(Inventory!$A$6:$A$205,IFERROR(MATCH(IFERROR(AGGREGATE(14,6,(Inventory!$G$6:$G$205+(205-ROW(Inventory!$G$6:$G$205))/10000)/(Inventory!$G$6:$G$205>0),5),""),(Inventory!$G$6:$G$205+(205-ROW(Inventory!$G$6:$G$205))/10000),0),""))),"") | B12: =IFERROR(IF(IFERROR(AGGREGATE(14,6,(Inventory!$G$6:$G$205+(205-ROW(Inventory!$G$6:$G$205))/10000)/(Inventory!$G$6:$G$205>0),5),"")="","",INDEX(Inventory!$B$6:$B$205,IFERROR(MATCH(IFERROR(AGGREGATE(14,6,(Inventory!$G$6:$G$205+(205-ROW(Inventory!$G$6:$G$205))/10000)/(Inventory!$G$6:$G$205>0),5),""),(Inventory!$G$6:$G$205+(205-ROW(Inventory!$G$6:$G$205))/10000),0),""))),"") | C12: =IFERROR(IF(IFERROR(AGGREGATE(14,6,(Inventory!$G$6:$G$205+(205-ROW(Inventory!$G$6:$G$205))/10000)/(Inventory!$G$6:$G$205>0),5),"")="","",INDEX(Inventory!$D$6:$D$205,IFERROR(MATCH(IFERROR(AGGREGATE(14,6,(Inventory!$G$6:$G$205+(205-ROW(Inventory!$G$6:$G$205))/10000)/(Inventory!$G$6:$G$205>0),5),""),(Inventory!$G$6:$G$205+(205-ROW(Inventory!$G$6:$G$205))/10000),0),""))),"") | D12: =IFERROR(IF(IFERROR(AGGREGATE(14,6,(Inventory!$G$6:$G$205+(205-ROW(Inventory!$G$6:$G$205))/10000)/(Inventory!$G$6:$G$205>0),5),"")="","",INDEX(Inventory!$H$6:$H$205,IFERROR(MATCH(IFERROR(AGGREGATE(14,6,(Inventory!$G$6:$G$205+(205-ROW(Inventory!$G$6:$G$205))/10000)/(Inventory!$G$6:$G$205>0),5),""),(Inventory!$G$6:$G$205+(205-ROW(Inventory!$G$6:$G$205))/10000),0),""))),"") | E12: =IFERROR(IF(IFERROR(AGGREGATE(14,6,(Inventory!$G$6:$G$205+(205-ROW(Inventory!$G$6:$G$205))/10000)/(Inventory!$G$6:$G$205>0),5),"")="","",INDEX(Inventory!$E$6:$E$205,IFERROR(MATCH(IFERROR(AGGREGATE(14,6,(Inventory!$G$6:$G$205+(205-ROW(Inventory!$G$6:$G$205))/10000)/(Inventory!$G$6:$G$205>0),5),""),(Inventory!$G$6:$G$205+(205-ROW(Inventory!$G$6:$G$205))/10000),0),""))),"") | F12: =IFERROR(IF(IFERROR(AGGREGATE(14,6,(Inventory!$G$6:$G$205+(205-ROW(Inventory!$G$6:$G$205))/10000)/(Inventory!$G$6:$G$205>0),5),"")="","",INDEX(Inventory!$F$6:$F$205,IFERROR(MATCH(IFERROR(AGGREGATE(14,6,(Inventory!$G$6:$G$205+(205-ROW(Inventory!$G$6:$G$205))/10000)/(Inventory!$G$6:$G$205>0),5),""),(Inventory!$G$6:$G$205+(205-ROW(Inventory!$G$6:$G$205))/10000),0),""))),"") | G12: =IFERROR(IF(IFERROR(AGGREGATE(14,6,(Inventory!$G$6:$G$205+(205-ROW(Inventory!$G$6:$G$205))/10000)/(Inventory!$G$6:$G$205>0),5),"")="","",INDEX(Inventory!$G$6:$G$205,IFERROR(MATCH(IFERROR(AGGREGATE(14,6,(Inventory!$G$6:$G$205+(205-ROW(Inventory!$G$6:$G$205))/10000)/(Inventory!$G$6:$G$205>0),5),""),(Inventory!$G$6:$G$205+(205-ROW(Inventory!$G$6:$G$205))/10000),0),""))),"") | H12: =IFERROR(IF(IFERROR(AGGREGATE(14,6,(Inventory!$G$6:$G$205+(205-ROW(Inventory!$G$6:$G$205))/10000)/(Inventory!$G$6:$G$205>0),5),"")="","",INDEX(Inventory!$I$6:$I$205,IFERROR(MATCH(IFERROR(AGGREGATE(14,6,(Inventory!$G$6:$G$205+(205-ROW(Inventory!$G$6:$G$205))/10000)/(Inventory!$G$6:$G$205>0),5),""),(Inventory!$G$6:$G$205+(205-ROW(Inventory!$G$6:$G$205))/10000),0),""))),"") | I12: =IFERROR(IF(IFERROR(AGGREGATE(14,6,(Inventory!$G$6:$G$205+(205-ROW(Inventory!$G$6:$G$205))/10000)/(Inventory!$G$6:$G$205>0),5),"")="","",INDEX(Inventory!$K$6:$K$205,IFERROR(MATCH(IFERROR(AGGREGATE(14,6,(Inventory!$G$6:$G$205+(205-ROW(Inventory!$G$6:$G$205))/10000)/(Inventory!$G$6:$G$205>0),5),""),(Inventory!$G$6:$G$205+(205-ROW(Inventory!$G$6:$G$205))/10000),0),""))),"")
A13: =IFERROR(IF(IFERROR(AGGREGATE(14,6,(Inventory!$G$6:$G$205+(205-ROW(Inventory!$G$6:$G$205))/10000)/(Inventory!$G$6:$G$205>0),6),"")="","",INDEX(Inventory!$A$6:$A$205,IFERROR(MATCH(IFERROR(AGGREGATE(14,6,(Inventory!$G$6:$G$205+(205-ROW(Inventory!$G$6:$G$205))/10000)/(Inventory!$G$6:$G$205>0),6),""),(Inventory!$G$6:$G$205+(205-ROW(Inventory!$G$6:$G$205))/10000),0),""))),"") | B13: =IFERROR(IF(IFERROR(AGGREGATE(14,6,(Inventory!$G$6:$G$205+(205-ROW(Inventory!$G$6:$G$205))/10000)/(Inventory!$G$6:$G$205>0),6),"")="","",INDEX(Inventory!$B$6:$B$205,IFERROR(MATCH(IFERROR(AGGREGATE(14,6,(Inventory!$G$6:$G$205+(205-ROW(Inventory!$G$6:$G$205))/10000)/(Inventory!$G$6:$G$205>0),6),""),(Inventory!$G$6:$G$205+(205-ROW(Inventory!$G$6:$G$205))/10000),0),""))),"") | C13: =IFERROR(IF(IFERROR(AGGREGATE(14,6,(Inventory!$G$6:$G$205+(205-ROW(Inventory!$G$6:$G$205))/10000)/(Inventory!$G$6:$G$205>0),6),"")="","",INDEX(Inventory!$D$6:$D$205,IFERROR(MATCH(IFERROR(AGGREGATE(14,6,(Inventory!$G$6:$G$205+(205-ROW(Inventory!$G$6:$G$205))/10000)/(Inventory!$G$6:$G$205>0),6),""),(Inventory!$G$6:$G$205+(205-ROW(Inventory!$G$6:$G$205))/10000),0),""))),"") | D13: =IFERROR(IF(IFERROR(AGGREGATE(14,6,(Inventory!$G$6:$G$205+(205-ROW(Inventory!$G$6:$G$205))/10000)/(Inventory!$G$6:$G$205>0),6),"")="","",INDEX(Inventory!$H$6:$H$205,IFERROR(MATCH(IFERROR(AGGREGATE(14,6,(Inventory!$G$6:$G$205+(205-ROW(Inventory!$G$6:$G$205))/10000)/(Inventory!$G$6:$G$205>0),6),""),(Inventory!$G$6:$G$205+(205-ROW(Inventory!$G$6:$G$205))/10000),0),""))),"") | E13: =IFERROR(IF(IFERROR(AGGREGATE(14,6,(Inventory!$G$6:$G$205+(205-ROW(Inventory!$G$6:$G$205))/10000)/(Inventory!$G$6:$G$205>0),6),"")="","",INDEX(Inventory!$E$6:$E$205,IFERROR(MATCH(IFERROR(AGGREGATE(14,6,(Inventory!$G$6:$G$205+(205-ROW(Inventory!$G$6:$G$205))/10000)/(Inventory!$G$6:$G$205>0),6),""),(Inventory!$G$6:$G$205+(205-ROW(Inventory!$G$6:$G$205))/10000),0),""))),"") | F13: =IFERROR(IF(IFERROR(AGGREGATE(14,6,(Inventory!$G$6:$G$205+(205-ROW(Inventory!$G$6:$G$205))/10000)/(Inventory!$G$6:$G$205>0),6),"")="","",INDEX(Inventory!$F$6:$F$205,IFERROR(MATCH(IFERROR(AGGREGATE(14,6,(Inventory!$G$6:$G$205+(205-ROW(Inventory!$G$6:$G$205))/10000)/(Inventory!$G$6:$G$205>0),6),""),(Inventory!$G$6:$G$205+(205-ROW(Inventory!$G$6:$G$205))/10000),0),""))),"") | G13: =IFERROR(IF(IFERROR(AGGREGATE(14,6,(Inventory!$G$6:$G$205+(205-ROW(Inventory!$G$6:$G$205))/10000)/(Inventory!$G$6:$G$205>0),6),"")="","",INDEX(Inventory!$G$6:$G$205,IFERROR(MATCH(IFERROR(AGGREGATE(14,6,(Inventory!$G$6:$G$205+(205-ROW(Inventory!$G$6:$G$205))/10000)/(Inventory!$G$6:$G$205>0),6),""),(Inventory!$G$6:$G$205+(205-ROW(Inventory!$G$6:$G$205))/10000),0),""))),"") | H13: =IFERROR(IF(IFERROR(AGGREGATE(14,6,(Inventory!$G$6:$G$205+(205-ROW(Inventory!$G$6:$G$205))/10000)/(Inventory!$G$6:$G$205>0),6),"")="","",INDEX(Inventory!$I$6:$I$205,IFERROR(MATCH(IFERROR(AGGREGATE(14,6,(Inventory!$G$6:$G$205+(205-ROW(Inventory!$G$6:$G$205))/10000)/(Inventory!$G$6:$G$205>0),6),""),(Inventory!$G$6:$G$205+(205-ROW(Inventory!$G$6:$G$205))/10000),0),""))),"") | I13: =IFERROR(IF(IFERROR(AGGREGATE(14,6,(Inventory!$G$6:$G$205+(205-ROW(Inventory!$G$6:$G$205))/10000)/(Inventory!$G$6:$G$205>0),6),"")="","",INDEX(Inventory!$K$6:$K$205,IFERROR(MATCH(IFERROR(AGGREGATE(14,6,(Inventory!$G$6:$G$205+(205-ROW(Inventory!$G$6:$G$205))/10000)/(Inventory!$G$6:$G$205>0),6),""),(Inventory!$G$6:$G$205+(205-ROW(Inventory!$G$6:$G$205))/10000),0),""))),"")
A14: =IFERROR(IF(IFERROR(AGGREGATE(14,6,(Inventory!$G$6:$G$205+(205-ROW(Inventory!$G$6:$G$205))/10000)/(Inventory!$G$6:$G$205>0),7),"")="","",INDEX(Inventory!$A$6:$A$205,IFERROR(MATCH(IFERROR(AGGREGATE(14,6,(Inventory!$G$6:$G$205+(205-ROW(Inventory!$G$6:$G$205))/10000)/(Inventory!$G$6:$G$205>0),7),""),(Inventory!$G$6:$G$205+(205-ROW(Inventory!$G$6:$G$205))/10000),0),""))),"") | B14: =IFERROR(IF(IFERROR(AGGREGATE(14,6,(Inventory!$G$6:$G$205+(205-ROW(Inventory!$G$6:$G$205))/10000)/(Inventory!$G$6:$G$205>0),7),"")="","",INDEX(Inventory!$B$6:$B$205,IFERROR(MATCH(IFERROR(AGGREGATE(14,6,(Inventory!$G$6:$G$205+(205-ROW(Inventory!$G$6:$G$205))/10000)/(Inventory!$G$6:$G$205>0),7),""),(Inventory!$G$6:$G$205+(205-ROW(Inventory!$G$6:$G$205))/10000),0),""))),"") | C14: =IFERROR(IF(IFERROR(AGGREGATE(14,6,(Inventory!$G$6:$G$205+(205-ROW(Inventory!$G$6:$G$205))/10000)/(Inventory!$G$6:$G$205>0),7),"")="","",INDEX(Inventory!$D$6:$D$205,IFERROR(MATCH(IFERROR(AGGREGATE(14,6,(Inventory!$G$6:$G$205+(205-ROW(Inventory!$G$6:$G$205))/10000)/(Inventory!$G$6:$G$205>0),7),""),(Inventory!$G$6:$G$205+(205-ROW(Inventory!$G$6:$G$205))/10000),0),""))),"") | D14: =IFERROR(IF(IFERROR(AGGREGATE(14,6,(Inventory!$G$6:$G$205+(205-ROW(Inventory!$G$6:$G$205))/10000)/(Inventory!$G$6:$G$205>0),7),"")="","",INDEX(Inventory!$H$6:$H$205,IFERROR(MATCH(IFERROR(AGGREGATE(14,6,(Inventory!$G$6:$G$205+(205-ROW(Inventory!$G$6:$G$205))/10000)/(Inventory!$G$6:$G$205>0),7),""),(Inventory!$G$6:$G$205+(205-ROW(Inventory!$G$6:$G$205))/10000),0),""))),"") | E14: =IFERROR(IF(IFERROR(AGGREGATE(14,6,(Inventory!$G$6:$G$205+(205-ROW(Inventory!$G$6:$G$205))/10000)/(Inventory!$G$6:$G$205>0),7),"")="","",INDEX(Inventory!$E$6:$E$205,IFERROR(MATCH(IFERROR(AGGREGATE(14,6,(Inventory!$G$6:$G$205+(205-ROW(Inventory!$G$6:$G$205))/10000)/(Inventory!$G$6:$G$205>0),7),""),(Inventory!$G$6:$G$205+(205-ROW(Inventory!$G$6:$G$205))/10000),0),""))),"") | F14: =IFERROR(IF(IFERROR(AGGREGATE(14,6,(Inventory!$G$6:$G$205+(205-ROW(Inventory!$G$6:$G$205))/10000)/(Inventory!$G$6:$G$205>0),7),"")="","",INDEX(Inventory!$F$6:$F$205,IFERROR(MATCH(IFERROR(AGGREGATE(14,6,(Inventory!$G$6:$G$205+(205-ROW(Inventory!$G$6:$G$205))/10000)/(Inventory!$G$6:$G$205>0),7),""),(Inventory!$G$6:$G$205+(205-ROW(Inventory!$G$6:$G$205))/10000),0),""))),"") | G14: =IFERROR(IF(IFERROR(AGGREGATE(14,6,(Inventory!$G$6:$G$205+(205-ROW(Inventory!$G$6:$G$205))/10000)/(Inventory!$G$6:$G$205>0),7),"")="","",INDEX(Inventory!$G$6:$G$205,IFERROR(MATCH(IFERROR(AGGREGATE(14,6,(Inventory!$G$6:$G$205+(205-ROW(Inventory!$G$6:$G$205))/10000)/(Inventory!$G$6:$G$205>0),7),""),(Inventory!$G$6:$G$205+(205-ROW(Inventory!$G$6:$G$205))/10000),0),""))),"") | H14: =IFERROR(IF(IFERROR(AGGREGATE(14,6,(Inventory!$G$6:$G$205+(205-ROW(Inventory!$G$6:$G$205))/10000)/(Inventory!$G$6:$G$205>0),7),"")="","",INDEX(Inventory!$I$6:$I$205,IFERROR(MATCH(IFERROR(AGGREGATE(14,6,(Inventory!$G$6:$G$205+(205-ROW(Inventory!$G$6:$G$205))/10000)/(Inventory!$G$6:$G$205>0),7),""),(Inventory!$G$6:$G$205+(205-ROW(Inventory!$G$6:$G$205))/10000),0),""))),"") | I14: =IFERROR(IF(IFERROR(AGGREGATE(14,6,(Inventory!$G$6:$G$205+(205-ROW(Inventory!$G$6:$G$205))/10000)/(Inventory!$G$6:$G$205>0),7),"")="","",INDEX(Inventory!$K$6:$K$205,IFERROR(MATCH(IFERROR(AGGREGATE(14,6,(Inventory!$G$6:$G$205+(205-ROW(Inventory!$G$6:$G$205))/10000)/(Inventory!$G$6:$G$205>0),7),""),(Inventory!$G$6:$G$205+(205-ROW(Inventory!$G$6:$G$205))/10000),0),""))),"")
A15: =IFERROR(IF(IFERROR(AGGREGATE(14,6,(Inventory!$G$6:$G$205+(205-ROW(Inventory!$G$6:$G$205))/10000)/(Inventory!$G$6:$G$205>0),8),"")="","",INDEX(Inventory!$A$6:$A$205,IFERROR(MATCH(IFERROR(AGGREGATE(14,6,(Inventory!$G$6:$G$205+(205-ROW(Inventory!$G$6:$G$205))/10000)/(Inventory!$G$6:$G$205>0),8),""),(Inventory!$G$6:$G$205+(205-ROW(Inventory!$G$6:$G$205))/10000),0),""))),"") | B15: =IFERROR(IF(IFERROR(AGGREGATE(14,6,(Inventory!$G$6:$G$205+(205-ROW(Inventory!$G$6:$G$205))/10000)/(Inventory!$G$6:$G$205>0),8),"")="","",INDEX(Inventory!$B$6:$B$205,IFERROR(MATCH(IFERROR(AGGREGATE(14,6,(Inventory!$G$6:$G$205+(205-ROW(Inventory!$G$6:$G$205))/10000)/(Inventory!$G$6:$G$205>0),8),""),(Inventory!$G$6:$G$205+(205-ROW(Inventory!$G$6:$G$205))/10000),0),""))),"") | C15: =IFERROR(IF(IFERROR(AGGREGATE(14,6,(Inventory!$G$6:$G$205+(205-ROW(Inventory!$G$6:$G$205))/10000)/(Inventory!$G$6:$G$205>0),8),"")="","",INDEX(Inventory!$D$6:$D$205,IFERROR(MATCH(IFERROR(AGGREGATE(14,6,(Inventory!$G$6:$G$205+(205-ROW(Inventory!$G$6:$G$205))/10000)/(Inventory!$G$6:$G$205>0),8),""),(Inventory!$G$6:$G$205+(205-ROW(Inventory!$G$6:$G$205))/10000),0),""))),"") | D15: =IFERROR(IF(IFERROR(AGGREGATE(14,6,(Inventory!$G$6:$G$205+(205-ROW(Inventory!$G$6:$G$205))/10000)/(Inventory!$G$6:$G$205>0),8),"")="","",INDEX(Inventory!$H$6:$H$205,IFERROR(MATCH(IFERROR(AGGREGATE(14,6,(Inventory!$G$6:$G$205+(205-ROW(Inventory!$G$6:$G$205))/10000)/(Inventory!$G$6:$G$205>0),8),""),(Inventory!$G$6:$G$205+(205-ROW(Inventory!$G$6:$G$205))/10000),0),""))),"") | E15: =IFERROR(IF(IFERROR(AGGREGATE(14,6,(Inventory!$G$6:$G$205+(205-ROW(Inventory!$G$6:$G$205))/10000)/(Inventory!$G$6:$G$205>0),8),"")="","",INDEX(Inventory!$E$6:$E$205,IFERROR(MATCH(IFERROR(AGGREGATE(14,6,(Inventory!$G$6:$G$205+(205-ROW(Inventory!$G$6:$G$205))/10000)/(Inventory!$G$6:$G$205>0),8),""),(Inventory!$G$6:$G$205+(205-ROW(Inventory!$G$6:$G$205))/10000),0),""))),"") | F15: =IFERROR(IF(IFERROR(AGGREGATE(14,6,(Inventory!$G$6:$G$205+(205-ROW(Inventory!$G$6:$G$205))/10000)/(Inventory!$G$6:$G$205>0),8),"")="","",INDEX(Inventory!$F$6:$F$205,IFERROR(MATCH(IFERROR(AGGREGATE(14,6,(Inventory!$G$6:$G$205+(205-ROW(Inventory!$G$6:$G$205))/10000)/(Inventory!$G$6:$G$205>0),8),""),(Inventory!$G$6:$G$205+(205-ROW(Inventory!$G$6:$G$205))/10000),0),""))),"") | G15: =IFERROR(IF(IFERROR(AGGREGATE(14,6,(Inventory!$G$6:$G$205+(205-ROW(Inventory!$G$6:$G$205))/10000)/(Inventory!$G$6:$G$205>0),8),"")="","",INDEX(Inventory!$G$6:$G$205,IFERROR(MATCH(IFERROR(AGGREGATE(14,6,(Inventory!$G$6:$G$205+(205-ROW(Inventory!$G$6:$G$205))/10000)/(Inventory!$G$6:$G$205>0),8),""),(Inventory!$G$6:$G$205+(205-ROW(Inventory!$G$6:$G$205))/10000),0),""))),"") | H15: =IFERROR(IF(IFERROR(AGGREGATE(14,6,(Inventory!$G$6:$G$205+(205-ROW(Inventory!$G$6:$G$205))/10000)/(Inventory!$G$6:$G$205>0),8),"")="","",INDEX(Inventory!$I$6:$I$205,IFERROR(MATCH(IFERROR(AGGREGATE(14,6,(Inventory!$G$6:$G$205+(205-ROW(Inventory!$G$6:$G$205))/10000)/(Inventory!$G$6:$G$205>0),8),""),(Inventory!$G$6:$G$205+(205-ROW(Inventory!$G$6:$G$205))/10000),0),""))),"") | I15: =IFERROR(IF(IFERROR(AGGREGATE(14,6,(Inventory!$G$6:$G$205+(205-ROW(Inventory!$G$6:$G$205))/10000)/(Inventory!$G$6:$G$205>0),8),"")="","",INDEX(Inventory!$K$6:$K$205,IFERROR(MATCH(IFERROR(AGGREGATE(14,6,(Inventory!$G$6:$G$205+(205-ROW(Inventory!$G$6:$G$205))/10000)/(Inventory!$G$6:$G$205>0),8),""),(Inventory!$G$6:$G$205+(205-ROW(Inventory!$G$6:$G$205))/10000),0),""))),"")
A16: =IFERROR(IF(IFERROR(AGGREGATE(14,6,(Inventory!$G$6:$G$205+(205-ROW(Inventory!$G$6:$G$205))/10000)/(Inventory!$G$6:$G$205>0),9),"")="","",INDEX(Inventory!$A$6:$A$205,IFERROR(MATCH(IFERROR(AGGREGATE(14,6,(Inventory!$G$6:$G$205+(205-ROW(Inventory!$G$6:$G$205))/10000)/(Inventory!$G$6:$G$205>0),9),""),(Inventory!$G$6:$G$205+(205-ROW(Inventory!$G$6:$G$205))/10000),0),""))),"") | B16: =IFERROR(IF(IFERROR(AGGREGATE(14,6,(Inventory!$G$6:$G$205+(205-ROW(Inventory!$G$6:$G$205))/10000)/(Inventory!$G$6:$G$205>0),9),"")="","",INDEX(Inventory!$B$6:$B$205,IFERROR(MATCH(IFERROR(AGGREGATE(14,6,(Inventory!$G$6:$G$205+(205-ROW(Inventory!$G$6:$G$205))/10000)/(Inventory!$G$6:$G$205>0),9),""),(Inventory!$G$6:$G$205+(205-ROW(Inventory!$G$6:$G$205))/10000),0),""))),"") | C16: =IFERROR(IF(IFERROR(AGGREGATE(14,6,(Inventory!$G$6:$G$205+(205-ROW(Inventory!$G$6:$G$205))/10000)/(Inventory!$G$6:$G$205>0),9),"")="","",INDEX(Inventory!$D$6:$D$205,IFERROR(MATCH(IFERROR(AGGREGATE(14,6,(Inventory!$G$6:$G$205+(205-ROW(Inventory!$G$6:$G$205))/10000)/(Inventory!$G$6:$G$205>0),9),""),(Inventory!$G$6:$G$205+(205-ROW(Inventory!$G$6:$G$205))/10000),0),""))),"") | D16: =IFERROR(IF(IFERROR(AGGREGATE(14,6,(Inventory!$G$6:$G$205+(205-ROW(Inventory!$G$6:$G$205))/10000)/(Inventory!$G$6:$G$205>0),9),"")="","",INDEX(Inventory!$H$6:$H$205,IFERROR(MATCH(IFERROR(AGGREGATE(14,6,(Inventory!$G$6:$G$205+(205-ROW(Inventory!$G$6:$G$205))/10000)/(Inventory!$G$6:$G$205>0),9),""),(Inventory!$G$6:$G$205+(205-ROW(Inventory!$G$6:$G$205))/10000),0),""))),"") | E16: =IFERROR(IF(IFERROR(AGGREGATE(14,6,(Inventory!$G$6:$G$205+(205-ROW(Inventory!$G$6:$G$205))/10000)/(Inventory!$G$6:$G$205>0),9),"")="","",INDEX(Inventory!$E$6:$E$205,IFERROR(MATCH(IFERROR(AGGREGATE(14,6,(Inventory!$G$6:$G$205+(205-ROW(Inventory!$G$6:$G$205))/10000)/(Inventory!$G$6:$G$205>0),9),""),(Inventory!$G$6:$G$205+(205-ROW(Inventory!$G$6:$G$205))/10000),0),""))),"") | F16: =IFERROR(IF(IFERROR(AGGREGATE(14,6,(Inventory!$G$6:$G$205+(205-ROW(Inventory!$G$6:$G$205))/10000)/(Inventory!$G$6:$G$205>0),9),"")="","",INDEX(Inventory!$F$6:$F$205,IFERROR(MATCH(IFERROR(AGGREGATE(14,6,(Inventory!$G$6:$G$205+(205-ROW(Inventory!$G$6:$G$205))/10000)/(Inventory!$G$6:$G$205>0),9),""),(Inventory!$G$6:$G$205+(205-ROW(Inventory!$G$6:$G$205))/10000),0),""))),"") | G16: =IFERROR(IF(IFERROR(AGGREGATE(14,6,(Inventory!$G$6:$G$205+(205-ROW(Inventory!$G$6:$G$205))/10000)/(Inventory!$G$6:$G$205>0),9),"")="","",INDEX(Inventory!$G$6:$G$205,IFERROR(MATCH(IFERROR(AGGREGATE(14,6,(Inventory!$G$6:$G$205+(205-ROW(Inventory!$G$6:$G$205))/10000)/(Inventory!$G$6:$G$205>0),9),""),(Inventory!$G$6:$G$205+(205-ROW(Inventory!$G$6:$G$205))/10000),0),""))),"") | H16: =IFERROR(IF(IFERROR(AGGREGATE(14,6,(Inventory!$G$6:$G$205+(205-ROW(Inventory!$G$6:$G$205))/10000)/(Inventory!$G$6:$G$205>0),9),"")="","",INDEX(Inventory!$I$6:$I$205,IFERROR(MATCH(IFERROR(AGGREGATE(14,6,(Inventory!$G$6:$G$205+(205-ROW(Inventory!$G$6:$G$205))/10000)/(Inventory!$G$6:$G$205>0),9),""),(Inventory!$G$6:$G$205+(205-ROW(Inventory!$G$6:$G$205))/10000),0),""))),"") | I16: =IFERROR(IF(IFERROR(AGGREGATE(14,6,(Inventory!$G$6:$G$205+(205-ROW(Inventory!$G$6:$G$205))/10000)/(Inventory!$G$6:$G$205>0),9),"")="","",INDEX(Inventory!$K$6:$K$205,IFERROR(MATCH(IFERROR(AGGREGATE(14,6,(Inventory!$G$6:$G$205+(205-ROW(Inventory!$G$6:$G$205))/10000)/(Inventory!$G$6:$G$205>0),9),""),(Inventory!$G$6:$G$205+(205-ROW(Inventory!$G$6:$G$205))/10000),0),""))),"")
A17: =IFERROR(IF(IFERROR(AGGREGATE(14,6,(Inventory!$G$6:$G$205+(205-ROW(Inventory!$G$6:$G$205))/10000)/(Inventory!$G$6:$G$205>0),10),"")="","",INDEX(Inventory!$A$6:$A$205,IFERROR(MATCH(IFERROR(AGGREGATE(14,6,(Inventory!$G$6:$G$205+(205-ROW(Inventory!$G$6:$G$205))/10000)/(Inventory!$G$6:$G$205>0),10),""),(Inventory!$G$6:$G$205+(205-ROW(Inventory!$G$6:$G$205))/10000),0),""))),"") | B17: =IFERROR(IF(IFERROR(AGGREGATE(14,6,(Inventory!$G$6:$G$205+(205-ROW(Inventory!$G$6:$G$205))/10000)/(Inventory!$G$6:$G$205>0),10),"")="","",INDEX(Inventory!$B$6:$B$205,IFERROR(MATCH(IFERROR(AGGREGATE(14,6,(Inventory!$G$6:$G$205+(205-ROW(Inventory!$G$6:$G$205))/10000)/(Inventory!$G$6:$G$205>0),10),""),(Inventory!$G$6:$G$205+(205-ROW(Inventory!$G$6:$G$205))/10000),0),""))),"") | C17: =IFERROR(IF(IFERROR(AGGREGATE(14,6,(Inventory!$G$6:$G$205+(205-ROW(Inventory!$G$6:$G$205))/10000)/(Inventory!$G$6:$G$205>0),10),"")="","",INDEX(Inventory!$D$6:$D$205,IFERROR(MATCH(IFERROR(AGGREGATE(14,6,(Inventory!$G$6:$G$205+(205-ROW(Inventory!$G$6:$G$205))/10000)/(Inventory!$G$6:$G$205>0),10),""),(Inventory!$G$6:$G$205+(205-ROW(Inventory!$G$6:$G$205))/10000),0),""))),"") | D17: =IFERROR(IF(IFERROR(AGGREGATE(14,6,(Inventory!$G$6:$G$205+(205-ROW(Inventory!$G$6:$G$205))/10000)/(Inventory!$G$6:$G$205>0),10),"")="","",INDEX(Inventory!$H$6:$H$205,IFERROR(MATCH(IFERROR(AGGREGATE(14,6,(Inventory!$G$6:$G$205+(205-ROW(Inventory!$G$6:$G$205))/10000)/(Inventory!$G$6:$G$205>0),10),""),(Inventory!$G$6:$G$205+(205-ROW(Inventory!$G$6:$G$205))/10000),0),""))),"") | E17: =IFERROR(IF(IFERROR(AGGREGATE(14,6,(Inventory!$G$6:$G$205+(205-ROW(Inventory!$G$6:$G$205))/10000)/(Inventory!$G$6:$G$205>0),10),"")="","",INDEX(Inventory!$E$6:$E$205,IFERROR(MATCH(IFERROR(AGGREGATE(14,6,(Inventory!$G$6:$G$205+(205-ROW(Inventory!$G$6:$G$205))/10000)/(Inventory!$G$6:$G$205>0),10),""),(Inventory!$G$6:$G$205+(205-ROW(Inventory!$G$6:$G$205))/10000),0),""))),"") | F17: =IFERROR(IF(IFERROR(AGGREGATE(14,6,(Inventory!$G$6:$G$205+(205-ROW(Inventory!$G$6:$G$205))/10000)/(Inventory!$G$6:$G$205>0),10),"")="","",INDEX(Inventory!$F$6:$F$205,IFERROR(MATCH(IFERROR(AGGREGATE(14,6,(Inventory!$G$6:$G$205+(205-ROW(Inventory!$G$6:$G$205))/10000)/(Inventory!$G$6:$G$205>0),10),""),(Inventory!$G$6:$G$205+(205-ROW(Inventory!$G$6:$G$205))/10000),0),""))),"") | G17: =IFERROR(IF(IFERROR(AGGREGATE(14,6,(Inventory!$G$6:$G$205+(205-ROW(Inventory!$G$6:$G$205))/10000)/(Inventory!$G$6:$G$205>0),10),"")="","",INDEX(Inventory!$G$6:$G$205,IFERROR(MATCH(IFERROR(AGGREGATE(14,6,(Inventory!$G$6:$G$205+(205-ROW(Inventory!$G$6:$G$205))/10000)/(Inventory!$G$6:$G$205>0),10),""),(Inventory!$G$6:$G$205+(205-ROW(Inventory!$G$6:$G$205))/10000),0),""))),"") | H17: =IFERROR(IF(IFERROR(AGGREGATE(14,6,(Inventory!$G$6:$G$205+(205-ROW(Inventory!$G$6:$G$205))/10000)/(Inventory!$G$6:$G$205>0),10),"")="","",INDEX(Inventory!$I$6:$I$205,IFERROR(MATCH(IFERROR(AGGREGATE(14,6,(Inventory!$G$6:$G$205+(205-ROW(Inventory!$G$6:$G$205))/10000)/(Inventory!$G$6:$G$205>0),10),""),(Inventory!$G$6:$G$205+(205-ROW(Inventory!$G$6:$G$205))/10000),0),""))),"") | I17: =IFERROR(IF(IFERROR(AGGREGATE(14,6,(Inventory!$G$6:$G$205+(205-ROW(Inventory!$G$6:$G$205))/10000)/(Inventory!$G$6:$G$205>0),10),"")="","",INDEX(Inventory!$K$6:$K$205,IFERROR(MATCH(IFERROR(AGGREGATE(14,6,(Inventory!$G$6:$G$205+(205-ROW(Inventory!$G$6:$G$205))/10000)/(Inventory!$G$6:$G$205>0),10),""),(Inventory!$G$6:$G$205+(205-ROW(Inventory!$G$6:$G$205))/10000),0),""))),"")
A18: =IFERROR(IF(IFERROR(AGGREGATE(14,6,(Inventory!$G$6:$G$205+(205-ROW(Inventory!$G$6:$G$205))/10000)/(Inventory!$G$6:$G$205>0),11),"")="","",INDEX(Inventory!$A$6:$A$205,IFERROR(MATCH(IFERROR(AGGREGATE(14,6,(Inventory!$G$6:$G$205+(205-ROW(Inventory!$G$6:$G$205))/10000)/(Inventory!$G$6:$G$205>0),11),""),(Inventory!$G$6:$G$205+(205-ROW(Inventory!$G$6:$G$205))/10000),0),""))),"") | B18: =IFERROR(IF(IFERROR(AGGREGATE(14,6,(Inventory!$G$6:$G$205+(205-ROW(Inventory!$G$6:$G$205))/10000)/(Inventory!$G$6:$G$205>0),11),"")="","",INDEX(Inventory!$B$6:$B$205,IFERROR(MATCH(IFERROR(AGGREGATE(14,6,(Inventory!$G$6:$G$205+(205-ROW(Inventory!$G$6:$G$205))/10000)/(Inventory!$G$6:$G$205>0),11),""),(Inventory!$G$6:$G$205+(205-ROW(Inventory!$G$6:$G$205))/10000),0),""))),"") | C18: =IFERROR(IF(IFERROR(AGGREGATE(14,6,(Inventory!$G$6:$G$205+(205-ROW(Inventory!$G$6:$G$205))/10000)/(Inventory!$G$6:$G$205>0),11),"")="","",INDEX(Inventory!$D$6:$D$205,IFERROR(MATCH(IFERROR(AGGREGATE(14,6,(Inventory!$G$6:$G$205+(205-ROW(Inventory!$G$6:$G$205))/10000)/(Inventory!$G$6:$G$205>0),11),""),(Inventory!$G$6:$G$205+(205-ROW(Inventory!$G$6:$G$205))/10000),0),""))),"") | D18: =IFERROR(IF(IFERROR(AGGREGATE(14,6,(Inventory!$G$6:$G$205+(205-ROW(Inventory!$G$6:$G$205))/10000)/(Inventory!$G$6:$G$205>0),11),"")="","",INDEX(Inventory!$H$6:$H$205,IFERROR(MATCH(IFERROR(AGGREGATE(14,6,(Inventory!$G$6:$G$205+(205-ROW(Inventory!$G$6:$G$205))/10000)/(Inventory!$G$6:$G$205>0),11),""),(Inventory!$G$6:$G$205+(205-ROW(Inventory!$G$6:$G$205))/10000),0),""))),"") | E18: =IFERROR(IF(IFERROR(AGGREGATE(14,6,(Inventory!$G$6:$G$205+(205-ROW(Inventory!$G$6:$G$205))/10000)/(Inventory!$G$6:$G$205>0),11),"")="","",INDEX(Inventory!$E$6:$E$205,IFERROR(MATCH(IFERROR(AGGREGATE(14,6,(Inventory!$G$6:$G$205+(205-ROW(Inventory!$G$6:$G$205))/10000)/(Inventory!$G$6:$G$205>0),11),""),(Inventory!$G$6:$G$205+(205-ROW(Inventory!$G$6:$G$205))/10000),0),""))),"") | F18: =IFERROR(IF(IFERROR(AGGREGATE(14,6,(Inventory!$G$6:$G$205+(205-ROW(Inventory!$G$6:$G$205))/10000)/(Inventory!$G$6:$G$205>0),11),"")="","",INDEX(Inventory!$F$6:$F$205,IFERROR(MATCH(IFERROR(AGGREGATE(14,6,(Inventory!$G$6:$G$205+(205-ROW(Inventory!$G$6:$G$205))/10000)/(Inventory!$G$6:$G$205>0),11),""),(Inventory!$G$6:$G$205+(205-ROW(Inventory!$G$6:$G$205))/10000),0),""))),"") | G18: =IFERROR(IF(IFERROR(AGGREGATE(14,6,(Inventory!$G$6:$G$205+(205-ROW(Inventory!$G$6:$G$205))/10000)/(Inventory!$G$6:$G$205>0),11),"")="","",INDEX(Inventory!$G$6:$G$205,IFERROR(MATCH(IFERROR(AGGREGATE(14,6,(Inventory!$G$6:$G$205+(205-ROW(Inventory!$G$6:$G$205))/10000)/(Inventory!$G$6:$G$205>0),11),""),(Inventory!$G$6:$G$205+(205-ROW(Inventory!$G$6:$G$205))/10000),0),""))),"") | H18: =IFERROR(IF(IFERROR(AGGREGATE(14,6,(Inventory!$G$6:$G$205+(205-ROW(Inventory!$G$6:$G$205))/10000)/(Inventory!$G$6:$G$205>0),11),"")="","",INDEX(Inventory!$I$6:$I$205,IFERROR(MATCH(IFERROR(AGGREGATE(14,6,(Inventory!$G$6:$G$205+(205-ROW(Inventory!$G$6:$G$205))/10000)/(Inventory!$G$6:$G$205>0),11),""),(Inventory!$G$6:$G$205+(205-ROW(Inventory!$G$6:$G$205))/10000),0),""))),"") | I18: =IFERROR(IF(IFERROR(AGGREGATE(14,6,(Inventory!$G$6:$G$205+(205-ROW(Inventory!$G$6:$G$205))/10000)/(Inventory!$G$6:$G$205>0),11),"")="","",INDEX(Inventory!$K$6:$K$205,IFERROR(MATCH(IFERROR(AGGREGATE(14,6,(Inventory!$G$6:$G$205+(205-ROW(Inventory!$G$6:$G$205))/10000)/(Inventory!$G$6:$G$205>0),11),""),(Inventory!$G$6:$G$205+(205-ROW(Inventory!$G$6:$G$205))/10000),0),""))),"")
A19: =IFERROR(IF(IFERROR(AGGREGATE(14,6,(Inventory!$G$6:$G$205+(205-ROW(Inventory!$G$6:$G$205))/10000)/(Inventory!$G$6:$G$205>0),12),"")="","",INDEX(Inventory!$A$6:$A$205,IFERROR(MATCH(IFERROR(AGGREGATE(14,6,(Inventory!$G$6:$G$205+(205-ROW(Inventory!$G$6:$G$205))/10000)/(Inventory!$G$6:$G$205>0),12),""),(Inventory!$G$6:$G$205+(205-ROW(Inventory!$G$6:$G$205))/10000),0),""))),"") | B19: =IFERROR(IF(IFERROR(AGGREGATE(14,6,(Inventory!$G$6:$G$205+(205-ROW(Inventory!$G$6:$G$205))/10000)/(Inventory!$G$6:$G$205>0),12),"")="","",INDEX(Inventory!$B$6:$B$205,IFERROR(MATCH(IFERROR(AGGREGATE(14,6,(Inventory!$G$6:$G$205+(205-ROW(Inventory!$G$6:$G$205))/10000)/(Inventory!$G$6:$G$205>0),12),""),(Inventory!$G$6:$G$205+(205-ROW(Inventory!$G$6:$G$205))/10000),0),""))),"") | C19: =IFERROR(IF(IFERROR(AGGREGATE(14,6,(Inventory!$G$6:$G$205+(205-ROW(Inventory!$G$6:$G$205))/10000)/(Inventory!$G$6:$G$205>0),12),"")="","",INDEX(Inventory!$D$6:$D$205,IFERROR(MATCH(IFERROR(AGGREGATE(14,6,(Inventory!$G$6:$G$205+(205-ROW(Inventory!$G$6:$G$205))/10000)/(Inventory!$G$6:$G$205>0),12),""),(Inventory!$G$6:$G$205+(205-ROW(Inventory!$G$6:$G$205))/10000),0),""))),"") | D19: =IFERROR(IF(IFERROR(AGGREGATE(14,6,(Inventory!$G$6:$G$205+(205-ROW(Inventory!$G$6:$G$205))/10000)/(Inventory!$G$6:$G$205>0),12),"")="","",INDEX(Inventory!$H$6:$H$205,IFERROR(MATCH(IFERROR(AGGREGATE(14,6,(Inventory!$G$6:$G$205+(205-ROW(Inventory!$G$6:$G$205))/10000)/(Inventory!$G$6:$G$205>0),12),""),(Inventory!$G$6:$G$205+(205-ROW(Inventory!$G$6:$G$205))/10000),0),""))),"") | E19: =IFERROR(IF(IFERROR(AGGREGATE(14,6,(Inventory!$G$6:$G$205+(205-ROW(Inventory!$G$6:$G$205))/10000)/(Inventory!$G$6:$G$205>0),12),"")="","",INDEX(Inventory!$E$6:$E$205,IFERROR(MATCH(IFERROR(AGGREGATE(14,6,(Inventory!$G$6:$G$205+(205-ROW(Inventory!$G$6:$G$205))/10000)/(Inventory!$G$6:$G$205>0),12),""),(Inventory!$G$6:$G$205+(205-ROW(Inventory!$G$6:$G$205))/10000),0),""))),"") | F19: =IFERROR(IF(IFERROR(AGGREGATE(14,6,(Inventory!$G$6:$G$205+(205-ROW(Inventory!$G$6:$G$205))/10000)/(Inventory!$G$6:$G$205>0),12),"")="","",INDEX(Inventory!$F$6:$F$205,IFERROR(MATCH(IFERROR(AGGREGATE(14,6,(Inventory!$G$6:$G$205+(205-ROW(Inventory!$G$6:$G$205))/10000)/(Inventory!$G$6:$G$205>0),12),""),(Inventory!$G$6:$G$205+(205-ROW(Inventory!$G$6:$G$205))/10000),0),""))),"") | G19: =IFERROR(IF(IFERROR(AGGREGATE(14,6,(Inventory!$G$6:$G$205+(205-ROW(Inventory!$G$6:$G$205))/10000)/(Inventory!$G$6:$G$205>0),12),"")="","",INDEX(Inventory!$G$6:$G$205,IFERROR(MATCH(IFERROR(AGGREGATE(14,6,(Inventory!$G$6:$G$205+(205-ROW(Inventory!$G$6:$G$205))/10000)/(Inventory!$G$6:$G$205>0),12),""),(Inventory!$G$6:$G$205+(205-ROW(Inventory!$G$6:$G$205))/10000),0),""))),"") | H19: =IFERROR(IF(IFERROR(AGGREGATE(14,6,(Inventory!$G$6:$G$205+(205-ROW(Inventory!$G$6:$G$205))/10000)/(Inventory!$G$6:$G$205>0),12),"")="","",INDEX(Inventory!$I$6:$I$205,IFERROR(MATCH(IFERROR(AGGREGATE(14,6,(Inventory!$G$6:$G$205+(205-ROW(Inventory!$G$6:$G$205))/10000)/(Inventory!$G$6:$G$205>0),12),""),(Inventory!$G$6:$G$205+(205-ROW(Inventory!$G$6:$G$205))/10000),0),""))),"") | I19: =IFERROR(IF(IFERROR(AGGREGATE(14,6,(Inventory!$G$6:$G$205+(205-ROW(Inventory!$G$6:$G$205))/10000)/(Inventory!$G$6:$G$205>0),12),"")="","",INDEX(Inventory!$K$6:$K$205,IFERROR(MATCH(IFERROR(AGGREGATE(14,6,(Inventory!$G$6:$G$205+(205-ROW(Inventory!$G$6:$G$205))/10000)/(Inventory!$G$6:$G$205>0),12),""),(Inventory!$G$6:$G$205+(205-ROW(Inventory!$G$6:$G$205))/10000),0),""))),"")
A20: =IFERROR(IF(IFERROR(AGGREGATE(14,6,(Inventory!$G$6:$G$205+(205-ROW(Inventory!$G$6:$G$205))/10000)/(Inventory!$G$6:$G$205>0),13),"")="","",INDEX(Inventory!$A$6:$A$205,IFERROR(MATCH(IFERROR(AGGREGATE(14,6,(Inventory!$G$6:$G$205+(205-ROW(Inventory!$G$6:$G$205))/10000)/(Inventory!$G$6:$G$205>0),13),""),(Inventory!$G$6:$G$205+(205-ROW(Inventory!$G$6:$G$205))/10000),0),""))),"") | B20: =IFERROR(IF(IFERROR(AGGREGATE(14,6,(Inventory!$G$6:$G$205+(205-ROW(Inventory!$G$6:$G$205))/10000)/(Inventory!$G$6:$G$205>0),13),"")="","",INDEX(Inventory!$B$6:$B$205,IFERROR(MATCH(IFERROR(AGGREGATE(14,6,(Inventory!$G$6:$G$205+(205-ROW(Inventory!$G$6:$G$205))/10000)/(Inventory!$G$6:$G$205>0),13),""),(Inventory!$G$6:$G$205+(205-ROW(Inventory!$G$6:$G$205))/10000),0),""))),"") | C20: =IFERROR(IF(IFERROR(AGGREGATE(14,6,(Inventory!$G$6:$G$205+(205-ROW(Inventory!$G$6:$G$205))/10000)/(Inventory!$G$6:$G$205>0),13),"")="","",INDEX(Inventory!$D$6:$D$205,IFERROR(MATCH(IFERROR(AGGREGATE(14,6,(Inventory!$G$6:$G$205+(205-ROW(Inventory!$G$6:$G$205))/10000)/(Inventory!$G$6:$G$205>0),13),""),(Inventory!$G$6:$G$205+(205-ROW(Inventory!$G$6:$G$205))/10000),0),""))),"") | D20: =IFERROR(IF(IFERROR(AGGREGATE(14,6,(Inventory!$G$6:$G$205+(205-ROW(Inventory!$G$6:$G$205))/10000)/(Inventory!$G$6:$G$205>0),13),"")="","",INDEX(Inventory!$H$6:$H$205,IFERROR(MATCH(IFERROR(AGGREGATE(14,6,(Inventory!$G$6:$G$205+(205-ROW(Inventory!$G$6:$G$205))/10000)/(Inventory!$G$6:$G$205>0),13),""),(Inventory!$G$6:$G$205+(205-ROW(Inventory!$G$6:$G$205))/10000),0),""))),"") | E20: =IFERROR(IF(IFERROR(AGGREGATE(14,6,(Inventory!$G$6:$G$205+(205-ROW(Inventory!$G$6:$G$205))/10000)/(Inventory!$G$6:$G$205>0),13),"")="","",INDEX(Inventory!$E$6:$E$205,IFERROR(MATCH(IFERROR(AGGREGATE(14,6,(Inventory!$G$6:$G$205+(205-ROW(Inventory!$G$6:$G$205))/10000)/(Inventory!$G$6:$G$205>0),13),""),(Inventory!$G$6:$G$205+(205-ROW(Inventory!$G$6:$G$205))/10000),0),""))),"") | F20: =IFERROR(IF(IFERROR(AGGREGATE(14,6,(Inventory!$G$6:$G$205+(205-ROW(Inventory!$G$6:$G$205))/10000)/(Inventory!$G$6:$G$205>0),13),"")="","",INDEX(Inventory!$F$6:$F$205,IFERROR(MATCH(IFERROR(AGGREGATE(14,6,(Inventory!$G$6:$G$205+(205-ROW(Inventory!$G$6:$G$205))/10000)/(Inventory!$G$6:$G$205>0),13),""),(Inventory!$G$6:$G$205+(205-ROW(Inventory!$G$6:$G$205))/10000),0),""))),"") | G20: =IFERROR(IF(IFERROR(AGGREGATE(14,6,(Inventory!$G$6:$G$205+(205-ROW(Inventory!$G$6:$G$205))/10000)/(Inventory!$G$6:$G$205>0),13),"")="","",INDEX(Inventory!$G$6:$G$205,IFERROR(MATCH(IFERROR(AGGREGATE(14,6,(Inventory!$G$6:$G$205+(205-ROW(Inventory!$G$6:$G$205))/10000)/(Inventory!$G$6:$G$205>0),13),""),(Inventory!$G$6:$G$205+(205-ROW(Inventory!$G$6:$G$205))/10000),0),""))),"") | H20: =IFERROR(IF(IFERROR(AGGREGATE(14,6,(Inventory!$G$6:$G$205+(205-ROW(Inventory!$G$6:$G$205))/10000)/(Inventory!$G$6:$G$205>0),13),"")="","",INDEX(Inventory!$I$6:$I$205,IFERROR(MATCH(IFERROR(AGGREGATE(14,6,(Inventory!$G$6:$G$205+(205-ROW(Inventory!$G$6:$G$205))/10000)/(Inventory!$G$6:$G$205>0),13),""),(Inventory!$G$6:$G$205+(205-ROW(Inventory!$G$6:$G$205))/10000),0),""))),"") | I20: =IFERROR(IF(IFERROR(AGGREGATE(14,6,(Inventory!$G$6:$G$205+(205-ROW(Inventory!$G$6:$G$205))/10000)/(Inventory!$G$6:$G$205>0),13),"")="","",INDEX(Inventory!$K$6:$K$205,IFERROR(MATCH(IFERROR(AGGREGATE(14,6,(Inventory!$G$6:$G$205+(205-ROW(Inventory!$G$6:$G$205))/10000)/(Inventory!$G$6:$G$205>0),13),""),(Inventory!$G$6:$G$205+(205-ROW(Inventory!$G$6:$G$205))/10000),0),""))),"")
A21: =IFERROR(IF(IFERROR(AGGREGATE(14,6,(Inventory!$G$6:$G$205+(205-ROW(Inventory!$G$6:$G$205))/10000)/(Inventory!$G$6:$G$205>0),14),"")="","",INDEX(Inventory!$A$6:$A$205,IFERROR(MATCH(IFERROR(AGGREGATE(14,6,(Inventory!$G$6:$G$205+(205-ROW(Inventory!$G$6:$G$205))/10000)/(Inventory!$G$6:$G$205>0),14),""),(Inventory!$G$6:$G$205+(205-ROW(Inventory!$G$6:$G$205))/10000),0),""))),"") | B21: =IFERROR(IF(IFERROR(AGGREGATE(14,6,(Inventory!$G$6:$G$205+(205-ROW(Inventory!$G$6:$G$205))/10000)/(Inventory!$G$6:$G$205>0),14),"")="","",INDEX(Inventory!$B$6:$B$205,IFERROR(MATCH(IFERROR(AGGREGATE(14,6,(Inventory!$G$6:$G$205+(205-ROW(Inventory!$G$6:$G$205))/10000)/(Inventory!$G$6:$G$205>0),14),""),(Inventory!$G$6:$G$205+(205-ROW(Inventory!$G$6:$G$205))/10000),0),""))),"") | C21: =IFERROR(IF(IFERROR(AGGREGATE(14,6,(Inventory!$G$6:$G$205+(205-ROW(Inventory!$G$6:$G$205))/10000)/(Inventory!$G$6:$G$205>0),14),"")="","",INDEX(Inventory!$D$6:$D$205,IFERROR(MATCH(IFERROR(AGGREGATE(14,6,(Inventory!$G$6:$G$205+(205-ROW(Inventory!$G$6:$G$205))/10000)/(Inventory!$G$6:$G$205>0),14),""),(Inventory!$G$6:$G$205+(205-ROW(Inventory!$G$6:$G$205))/10000),0),""))),"") | D21: =IFERROR(IF(IFERROR(AGGREGATE(14,6,(Inventory!$G$6:$G$205+(205-ROW(Inventory!$G$6:$G$205))/10000)/(Inventory!$G$6:$G$205>0),14),"")="","",INDEX(Inventory!$H$6:$H$205,IFERROR(MATCH(IFERROR(AGGREGATE(14,6,(Inventory!$G$6:$G$205+(205-ROW(Inventory!$G$6:$G$205))/10000)/(Inventory!$G$6:$G$205>0),14),""),(Inventory!$G$6:$G$205+(205-ROW(Inventory!$G$6:$G$205))/10000),0),""))),"") | E21: =IFERROR(IF(IFERROR(AGGREGATE(14,6,(Inventory!$G$6:$G$205+(205-ROW(Inventory!$G$6:$G$205))/10000)/(Inventory!$G$6:$G$205>0),14),"")="","",INDEX(Inventory!$E$6:$E$205,IFERROR(MATCH(IFERROR(AGGREGATE(14,6,(Inventory!$G$6:$G$205+(205-ROW(Inventory!$G$6:$G$205))/10000)/(Inventory!$G$6:$G$205>0),14),""),(Inventory!$G$6:$G$205+(205-ROW(Inventory!$G$6:$G$205))/10000),0),""))),"") | F21: =IFERROR(IF(IFERROR(AGGREGATE(14,6,(Inventory!$G$6:$G$205+(205-ROW(Inventory!$G$6:$G$205))/10000)/(Inventory!$G$6:$G$205>0),14),"")="","",INDEX(Inventory!$F$6:$F$205,IFERROR(MATCH(IFERROR(AGGREGATE(14,6,(Inventory!$G$6:$G$205+(205-ROW(Inventory!$G$6:$G$205))/10000)/(Inventory!$G$6:$G$205>0),14),""),(Inventory!$G$6:$G$205+(205-ROW(Inventory!$G$6:$G$205))/10000),0),""))),"") | G21: =IFERROR(IF(IFERROR(AGGREGATE(14,6,(Inventory!$G$6:$G$205+(205-ROW(Inventory!$G$6:$G$205))/10000)/(Inventory!$G$6:$G$205>0),14),"")="","",INDEX(Inventory!$G$6:$G$205,IFERROR(MATCH(IFERROR(AGGREGATE(14,6,(Inventory!$G$6:$G$205+(205-ROW(Inventory!$G$6:$G$205))/10000)/(Inventory!$G$6:$G$205>0),14),""),(Inventory!$G$6:$G$205+(205-ROW(Inventory!$G$6:$G$205))/10000),0),""))),"") | H21: =IFERROR(IF(IFERROR(AGGREGATE(14,6,(Inventory!$G$6:$G$205+(205-ROW(Inventory!$G$6:$G$205))/10000)/(Inventory!$G$6:$G$205>0),14),"")="","",INDEX(Inventory!$I$6:$I$205,IFERROR(MATCH(IFERROR(AGGREGATE(14,6,(Inventory!$G$6:$G$205+(205-ROW(Inventory!$G$6:$G$205))/10000)/(Inventory!$G$6:$G$205>0),14),""),(Inventory!$G$6:$G$205+(205-ROW(Inventory!$G$6:$G$205))/10000),0),""))),"") | I21: =IFERROR(IF(IFERROR(AGGREGATE(14,6,(Inventory!$G$6:$G$205+(205-ROW(Inventory!$G$6:$G$205))/10000)/(Inventory!$G$6:$G$205>0),14),"")="","",INDEX(Inventory!$K$6:$K$205,IFERROR(MATCH(IFERROR(AGGREGATE(14,6,(Inventory!$G$6:$G$205+(205-ROW(Inventory!$G$6:$G$205))/10000)/(Inventory!$G$6:$G$205>0),14),""),(Inventory!$G$6:$G$205+(205-ROW(Inventory!$G$6:$G$205))/10000),0),""))),"")
A22: =IFERROR(IF(IFERROR(AGGREGATE(14,6,(Inventory!$G$6:$G$205+(205-ROW(Inventory!$G$6:$G$205))/10000)/(Inventory!$G$6:$G$205>0),15),"")="","",INDEX(Inventory!$A$6:$A$205,IFERROR(MATCH(IFERROR(AGGREGATE(14,6,(Inventory!$G$6:$G$205+(205-ROW(Inventory!$G$6:$G$205))/10000)/(Inventory!$G$6:$G$205>0),15),""),(Inventory!$G$6:$G$205+(205-ROW(Inventory!$G$6:$G$205))/10000),0),""))),"") | B22: =IFERROR(IF(IFERROR(AGGREGATE(14,6,(Inventory!$G$6:$G$205+(205-ROW(Inventory!$G$6:$G$205))/10000)/(Inventory!$G$6:$G$205>0),15),"")="","",INDEX(Inventory!$B$6:$B$205,IFERROR(MATCH(IFERROR(AGGREGATE(14,6,(Inventory!$G$6:$G$205+(205-ROW(Inventory!$G$6:$G$205))/10000)/(Inventory!$G$6:$G$205>0),15),""),(Inventory!$G$6:$G$205+(205-ROW(Inventory!$G$6:$G$205))/10000),0),""))),"") | C22: =IFERROR(IF(IFERROR(AGGREGATE(14,6,(Inventory!$G$6:$G$205+(205-ROW(Inventory!$G$6:$G$205))/10000)/(Inventory!$G$6:$G$205>0),15),"")="","",INDEX(Inventory!$D$6:$D$205,IFERROR(MATCH(IFERROR(AGGREGATE(14,6,(Inventory!$G$6:$G$205+(205-ROW(Inventory!$G$6:$G$205))/10000)/(Inventory!$G$6:$G$205>0),15),""),(Inventory!$G$6:$G$205+(205-ROW(Inventory!$G$6:$G$205))/10000),0),""))),"") | D22: =IFERROR(IF(IFERROR(AGGREGATE(14,6,(Inventory!$G$6:$G$205+(205-ROW(Inventory!$G$6:$G$205))/10000)/(Inventory!$G$6:$G$205>0),15),"")="","",INDEX(Inventory!$H$6:$H$205,IFERROR(MATCH(IFERROR(AGGREGATE(14,6,(Inventory!$G$6:$G$205+(205-ROW(Inventory!$G$6:$G$205))/10000)/(Inventory!$G$6:$G$205>0),15),""),(Inventory!$G$6:$G$205+(205-ROW(Inventory!$G$6:$G$205))/10000),0),""))),"") | E22: =IFERROR(IF(IFERROR(AGGREGATE(14,6,(Inventory!$G$6:$G$205+(205-ROW(Inventory!$G$6:$G$205))/10000)/(Inventory!$G$6:$G$205>0),15),"")="","",INDEX(Inventory!$E$6:$E$205,IFERROR(MATCH(IFERROR(AGGREGATE(14,6,(Inventory!$G$6:$G$205+(205-ROW(Inventory!$G$6:$G$205))/10000)/(Inventory!$G$6:$G$205>0),15),""),(Inventory!$G$6:$G$205+(205-ROW(Inventory!$G$6:$G$205))/10000),0),""))),"") | F22: =IFERROR(IF(IFERROR(AGGREGATE(14,6,(Inventory!$G$6:$G$205+(205-ROW(Inventory!$G$6:$G$205))/10000)/(Inventory!$G$6:$G$205>0),15),"")="","",INDEX(Inventory!$F$6:$F$205,IFERROR(MATCH(IFERROR(AGGREGATE(14,6,(Inventory!$G$6:$G$205+(205-ROW(Inventory!$G$6:$G$205))/10000)/(Inventory!$G$6:$G$205>0),15),""),(Inventory!$G$6:$G$205+(205-ROW(Inventory!$G$6:$G$205))/10000),0),""))),"") | G22: =IFERROR(IF(IFERROR(AGGREGATE(14,6,(Inventory!$G$6:$G$205+(205-ROW(Inventory!$G$6:$G$205))/10000)/(Inventory!$G$6:$G$205>0),15),"")="","",INDEX(Inventory!$G$6:$G$205,IFERROR(MATCH(IFERROR(AGGREGATE(14,6,(Inventory!$G$6:$G$205+(205-ROW(Inventory!$G$6:$G$205))/10000)/(Inventory!$G$6:$G$205>0),15),""),(Inventory!$G$6:$G$205+(205-ROW(Inventory!$G$6:$G$205))/10000),0),""))),"") | H22: =IFERROR(IF(IFERROR(AGGREGATE(14,6,(Inventory!$G$6:$G$205+(205-ROW(Inventory!$G$6:$G$205))/10000)/(Inventory!$G$6:$G$205>0),15),"")="","",INDEX(Inventory!$I$6:$I$205,IFERROR(MATCH(IFERROR(AGGREGATE(14,6,(Inventory!$G$6:$G$205+(205-ROW(Inventory!$G$6:$G$205))/10000)/(Inventory!$G$6:$G$205>0),15),""),(Inventory!$G$6:$G$205+(205-ROW(Inventory!$G$6:$G$205))/10000),0),""))),"") | I22: =IFERROR(IF(IFERROR(AGGREGATE(14,6,(Inventory!$G$6:$G$205+(205-ROW(Inventory!$G$6:$G$205))/10000)/(Inventory!$G$6:$G$205>0),15),"")="","",INDEX(Inventory!$K$6:$K$205,IFERROR(MATCH(IFERROR(AGGREGATE(14,6,(Inventory!$G$6:$G$205+(205-ROW(Inventory!$G$6:$G$205))/10000)/(Inventory!$G$6:$G$205>0),15),""),(Inventory!$G$6:$G$205+(205-ROW(Inventory!$G$6:$G$205))/10000),0),""))),"")
A23: =IFERROR(IF(IFERROR(AGGREGATE(14,6,(Inventory!$G$6:$G$205+(205-ROW(Inventory!$G$6:$G$205))/10000)/(Inventory!$G$6:$G$205>0),16),"")="","",INDEX(Inventory!$A$6:$A$205,IFERROR(MATCH(IFERROR(AGGREGATE(14,6,(Inventory!$G$6:$G$205+(205-ROW(Inventory!$G$6:$G$205))/10000)/(Inventory!$G$6:$G$205>0),16),""),(Inventory!$G$6:$G$205+(205-ROW(Inventory!$G$6:$G$205))/10000),0),""))),"") | B23: =IFERROR(IF(IFERROR(AGGREGATE(14,6,(Inventory!$G$6:$G$205+(205-ROW(Inventory!$G$6:$G$205))/10000)/(Inventory!$G$6:$G$205>0),16),"")="","",INDEX(Inventory!$B$6:$B$205,IFERROR(MATCH(IFERROR(AGGREGATE(14,6,(Inventory!$G$6:$G$205+(205-ROW(Inventory!$G$6:$G$205))/10000)/(Inventory!$G$6:$G$205>0),16),""),(Inventory!$G$6:$G$205+(205-ROW(Inventory!$G$6:$G$205))/10000),0),""))),"") | C23: =IFERROR(IF(IFERROR(AGGREGATE(14,6,(Inventory!$G$6:$G$205+(205-ROW(Inventory!$G$6:$G$205))/10000)/(Inventory!$G$6:$G$205>0),16),"")="","",INDEX(Inventory!$D$6:$D$205,IFERROR(MATCH(IFERROR(AGGREGATE(14,6,(Inventory!$G$6:$G$205+(205-ROW(Inventory!$G$6:$G$205))/10000)/(Inventory!$G$6:$G$205>0),16),""),(Inventory!$G$6:$G$205+(205-ROW(Inventory!$G$6:$G$205))/10000),0),""))),"") | D23: =IFERROR(IF(IFERROR(AGGREGATE(14,6,(Inventory!$G$6:$G$205+(205-ROW(Inventory!$G$6:$G$205))/10000)/(Inventory!$G$6:$G$205>0),16),"")="","",INDEX(Inventory!$H$6:$H$205,IFERROR(MATCH(IFERROR(AGGREGATE(14,6,(Inventory!$G$6:$G$205+(205-ROW(Inventory!$G$6:$G$205))/10000)/(Inventory!$G$6:$G$205>0),16),""),(Inventory!$G$6:$G$205+(205-ROW(Inventory!$G$6:$G$205))/10000),0),""))),"") | E23: =IFERROR(IF(IFERROR(AGGREGATE(14,6,(Inventory!$G$6:$G$205+(205-ROW(Inventory!$G$6:$G$205))/10000)/(Inventory!$G$6:$G$205>0),16),"")="","",INDEX(Inventory!$E$6:$E$205,IFERROR(MATCH(IFERROR(AGGREGATE(14,6,(Inventory!$G$6:$G$205+(205-ROW(Inventory!$G$6:$G$205))/10000)/(Inventory!$G$6:$G$205>0),16),""),(Inventory!$G$6:$G$205+(205-ROW(Inventory!$G$6:$G$205))/10000),0),""))),"") | F23: =IFERROR(IF(IFERROR(AGGREGATE(14,6,(Inventory!$G$6:$G$205+(205-ROW(Inventory!$G$6:$G$205))/10000)/(Inventory!$G$6:$G$205>0),16),"")="","",INDEX(Inventory!$F$6:$F$205,IFERROR(MATCH(IFERROR(AGGREGATE(14,6,(Inventory!$G$6:$G$205+(205-ROW(Inventory!$G$6:$G$205))/10000)/(Inventory!$G$6:$G$205>0),16),""),(Inventory!$G$6:$G$205+(205-ROW(Inventory!$G$6:$G$205))/10000),0),""))),"") | G23: =IFERROR(IF(IFERROR(AGGREGATE(14,6,(Inventory!$G$6:$G$205+(205-ROW(Inventory!$G$6:$G$205))/10000)/(Inventory!$G$6:$G$205>0),16),"")="","",INDEX(Inventory!$G$6:$G$205,IFERROR(MATCH(IFERROR(AGGREGATE(14,6,(Inventory!$G$6:$G$205+(205-ROW(Inventory!$G$6:$G$205))/10000)/(Inventory!$G$6:$G$205>0),16),""),(Inventory!$G$6:$G$205+(205-ROW(Inventory!$G$6:$G$205))/10000),0),""))),"") | H23: =IFERROR(IF(IFERROR(AGGREGATE(14,6,(Inventory!$G$6:$G$205+(205-ROW(Inventory!$G$6:$G$205))/10000)/(Inventory!$G$6:$G$205>0),16),"")="","",INDEX(Inventory!$I$6:$I$205,IFERROR(MATCH(IFERROR(AGGREGATE(14,6,(Inventory!$G$6:$G$205+(205-ROW(Inventory!$G$6:$G$205))/10000)/(Inventory!$G$6:$G$205>0),16),""),(Inventory!$G$6:$G$205+(205-ROW(Inventory!$G$6:$G$205))/10000),0),""))),"") | I23: =IFERROR(IF(IFERROR(AGGREGATE(14,6,(Inventory!$G$6:$G$205+(205-ROW(Inventory!$G$6:$G$205))/10000)/(Inventory!$G$6:$G$205>0),16),"")="","",INDEX(Inventory!$K$6:$K$205,IFERROR(MATCH(IFERROR(AGGREGATE(14,6,(Inventory!$G$6:$G$205+(205-ROW(Inventory!$G$6:$G$205))/10000)/(Inventory!$G$6:$G$205>0),16),""),(Inventory!$G$6:$G$205+(205-ROW(Inventory!$G$6:$G$205))/10000),0),""))),"")
A24: =IFERROR(IF(IFERROR(AGGREGATE(14,6,(Inventory!$G$6:$G$205+(205-ROW(Inventory!$G$6:$G$205))/10000)/(Inventory!$G$6:$G$205>0),17),"")="","",INDEX(Inventory!$A$6:$A$205,IFERROR(MATCH(IFERROR(AGGREGATE(14,6,(Inventory!$G$6:$G$205+(205-ROW(Inventory!$G$6:$G$205))/10000)/(Inventory!$G$6:$G$205>0),17),""),(Inventory!$G$6:$G$205+(205-ROW(Inventory!$G$6:$G$205))/10000),0),""))),"") | B24: =IFERROR(IF(IFERROR(AGGREGATE(14,6,(Inventory!$G$6:$G$205+(205-ROW(Inventory!$G$6:$G$205))/10000)/(Inventory!$G$6:$G$205>0),17),"")="","",INDEX(Inventory!$B$6:$B$205,IFERROR(MATCH(IFERROR(AGGREGATE(14,6,(Inventory!$G$6:$G$205+(205-ROW(Inventory!$G$6:$G$205))/10000)/(Inventory!$G$6:$G$205>0),17),""),(Inventory!$G$6:$G$205+(205-ROW(Inventory!$G$6:$G$205))/10000),0),""))),"") | C24: =IFERROR(IF(IFERROR(AGGREGATE(14,6,(Inventory!$G$6:$G$205+(205-ROW(Inventory!$G$6:$G$205))/10000)/(Inventory!$G$6:$G$205>0),17),"")="","",INDEX(Inventory!$D$6:$D$205,IFERROR(MATCH(IFERROR(AGGREGATE(14,6,(Inventory!$G$6:$G$205+(205-ROW(Inventory!$G$6:$G$205))/10000)/(Inventory!$G$6:$G$205>0),17),""),(Inventory!$G$6:$G$205+(205-ROW(Inventory!$G$6:$G$205))/10000),0),""))),"") | D24: =IFERROR(IF(IFERROR(AGGREGATE(14,6,(Inventory!$G$6:$G$205+(205-ROW(Inventory!$G$6:$G$205))/10000)/(Inventory!$G$6:$G$205>0),17),"")="","",INDEX(Inventory!$H$6:$H$205,IFERROR(MATCH(IFERROR(AGGREGATE(14,6,(Inventory!$G$6:$G$205+(205-ROW(Inventory!$G$6:$G$205))/10000)/(Inventory!$G$6:$G$205>0),17),""),(Inventory!$G$6:$G$205+(205-ROW(Inventory!$G$6:$G$205))/10000),0),""))),"") | E24: =IFERROR(IF(IFERROR(AGGREGATE(14,6,(Inventory!$G$6:$G$205+(205-ROW(Inventory!$G$6:$G$205))/10000)/(Inventory!$G$6:$G$205>0),17),"")="","",INDEX(Inventory!$E$6:$E$205,IFERROR(MATCH(IFERROR(AGGREGATE(14,6,(Inventory!$G$6:$G$205+(205-ROW(Inventory!$G$6:$G$205))/10000)/(Inventory!$G$6:$G$205>0),17),""),(Inventory!$G$6:$G$205+(205-ROW(Inventory!$G$6:$G$205))/10000),0),""))),"") | F24: =IFERROR(IF(IFERROR(AGGREGATE(14,6,(Inventory!$G$6:$G$205+(205-ROW(Inventory!$G$6:$G$205))/10000)/(Inventory!$G$6:$G$205>0),17),"")="","",INDEX(Inventory!$F$6:$F$205,IFERROR(MATCH(IFERROR(AGGREGATE(14,6,(Inventory!$G$6:$G$205+(205-ROW(Inventory!$G$6:$G$205))/10000)/(Inventory!$G$6:$G$205>0),17),""),(Inventory!$G$6:$G$205+(205-ROW(Inventory!$G$6:$G$205))/10000),0),""))),"") | G24: =IFERROR(IF(IFERROR(AGGREGATE(14,6,(Inventory!$G$6:$G$205+(205-ROW(Inventory!$G$6:$G$205))/10000)/(Inventory!$G$6:$G$205>0),17),"")="","",INDEX(Inventory!$G$6:$G$205,IFERROR(MATCH(IFERROR(AGGREGATE(14,6,(Inventory!$G$6:$G$205+(205-ROW(Inventory!$G$6:$G$205))/10000)/(Inventory!$G$6:$G$205>0),17),""),(Inventory!$G$6:$G$205+(205-ROW(Inventory!$G$6:$G$205))/10000),0),""))),"") | H24: =IFERROR(IF(IFERROR(AGGREGATE(14,6,(Inventory!$G$6:$G$205+(205-ROW(Inventory!$G$6:$G$205))/10000)/(Inventory!$G$6:$G$205>0),17),"")="","",INDEX(Inventory!$I$6:$I$205,IFERROR(MATCH(IFERROR(AGGREGATE(14,6,(Inventory!$G$6:$G$205+(205-ROW(Inventory!$G$6:$G$205))/10000)/(Inventory!$G$6:$G$205>0),17),""),(Inventory!$G$6:$G$205+(205-ROW(Inventory!$G$6:$G$205))/10000),0),""))),"") | I24: =IFERROR(IF(IFERROR(AGGREGATE(14,6,(Inventory!$G$6:$G$205+(205-ROW(Inventory!$G$6:$G$205))/10000)/(Inventory!$G$6:$G$205>0),17),"")="","",INDEX(Inventory!$K$6:$K$205,IFERROR(MATCH(IFERROR(AGGREGATE(14,6,(Inventory!$G$6:$G$205+(205-ROW(Inventory!$G$6:$G$205))/10000)/(Inventory!$G$6:$G$205>0),17),""),(Inventory!$G$6:$G$205+(205-ROW(Inventory!$G$6:$G$205))/10000),0),""))),"")
A25: =IFERROR(IF(IFERROR(AGGREGATE(14,6,(Inventory!$G$6:$G$205+(205-ROW(Inventory!$G$6:$G$205))/10000)/(Inventory!$G$6:$G$205>0),18),"")="","",INDEX(Inventory!$A$6:$A$205,IFERROR(MATCH(IFERROR(AGGREGATE(14,6,(Inventory!$G$6:$G$205+(205-ROW(Inventory!$G$6:$G$205))/10000)/(Inventory!$G$6:$G$205>0),18),""),(Inventory!$G$6:$G$205+(205-ROW(Inventory!$G$6:$G$205))/10000),0),""))),"") | B25: =IFERROR(IF(IFERROR(AGGREGATE(14,6,(Inventory!$G$6:$G$205+(205-ROW(Inventory!$G$6:$G$205))/10000)/(Inventory!$G$6:$G$205>0),18),"")="","",INDEX(Inventory!$B$6:$B$205,IFERROR(MATCH(IFERROR(AGGREGATE(14,6,(Inventory!$G$6:$G$205+(205-ROW(Inventory!$G$6:$G$205))/10000)/(Inventory!$G$6:$G$205>0),18),""),(Inventory!$G$6:$G$205+(205-ROW(Inventory!$G$6:$G$205))/10000),0),""))),"") | C25: =IFERROR(IF(IFERROR(AGGREGATE(14,6,(Inventory!$G$6:$G$205+(205-ROW(Inventory!$G$6:$G$205))/10000)/(Inventory!$G$6:$G$205>0),18),"")="","",INDEX(Inventory!$D$6:$D$205,IFERROR(MATCH(IFERROR(AGGREGATE(14,6,(Inventory!$G$6:$G$205+(205-ROW(Inventory!$G$6:$G$205))/10000)/(Inventory!$G$6:$G$205>0),18),""),(Inventory!$G$6:$G$205+(205-ROW(Inventory!$G$6:$G$205))/10000),0),""))),"") | D25: =IFERROR(IF(IFERROR(AGGREGATE(14,6,(Inventory!$G$6:$G$205+(205-ROW(Inventory!$G$6:$G$205))/10000)/(Inventory!$G$6:$G$205>0),18),"")="","",INDEX(Inventory!$H$6:$H$205,IFERROR(MATCH(IFERROR(AGGREGATE(14,6,(Inventory!$G$6:$G$205+(205-ROW(Inventory!$G$6:$G$205))/10000)/(Inventory!$G$6:$G$205>0),18),""),(Inventory!$G$6:$G$205+(205-ROW(Inventory!$G$6:$G$205))/10000),0),""))),"") | E25: =IFERROR(IF(IFERROR(AGGREGATE(14,6,(Inventory!$G$6:$G$205+(205-ROW(Inventory!$G$6:$G$205))/10000)/(Inventory!$G$6:$G$205>0),18),"")="","",INDEX(Inventory!$E$6:$E$205,IFERROR(MATCH(IFERROR(AGGREGATE(14,6,(Inventory!$G$6:$G$205+(205-ROW(Inventory!$G$6:$G$205))/10000)/(Inventory!$G$6:$G$205>0),18),""),(Inventory!$G$6:$G$205+(205-ROW(Inventory!$G$6:$G$205))/10000),0),""))),"") | F25: =IFERROR(IF(IFERROR(AGGREGATE(14,6,(Inventory!$G$6:$G$205+(205-ROW(Inventory!$G$6:$G$205))/10000)/(Inventory!$G$6:$G$205>0),18),"")="","",INDEX(Inventory!$F$6:$F$205,IFERROR(MATCH(IFERROR(AGGREGATE(14,6,(Inventory!$G$6:$G$205+(205-ROW(Inventory!$G$6:$G$205))/10000)/(Inventory!$G$6:$G$205>0),18),""),(Inventory!$G$6:$G$205+(205-ROW(Inventory!$G$6:$G$205))/10000),0),""))),"") | G25: =IFERROR(IF(IFERROR(AGGREGATE(14,6,(Inventory!$G$6:$G$205+(205-ROW(Inventory!$G$6:$G$205))/10000)/(Inventory!$G$6:$G$205>0),18),"")="","",INDEX(Inventory!$G$6:$G$205,IFERROR(MATCH(IFERROR(AGGREGATE(14,6,(Inventory!$G$6:$G$205+(205-ROW(Inventory!$G$6:$G$205))/10000)/(Inventory!$G$6:$G$205>0),18),""),(Inventory!$G$6:$G$205+(205-ROW(Inventory!$G$6:$G$205))/10000),0),""))),"") | H25: =IFERROR(IF(IFERROR(AGGREGATE(14,6,(Inventory!$G$6:$G$205+(205-ROW(Inventory!$G$6:$G$205))/10000)/(Inventory!$G$6:$G$205>0),18),"")="","",INDEX(Inventory!$I$6:$I$205,IFERROR(MATCH(IFERROR(AGGREGATE(14,6,(Inventory!$G$6:$G$205+(205-ROW(Inventory!$G$6:$G$205))/10000)/(Inventory!$G$6:$G$205>0),18),""),(Inventory!$G$6:$G$205+(205-ROW(Inventory!$G$6:$G$205))/10000),0),""))),"") | I25: =IFERROR(IF(IFERROR(AGGREGATE(14,6,(Inventory!$G$6:$G$205+(205-ROW(Inventory!$G$6:$G$205))/10000)/(Inventory!$G$6:$G$205>0),18),"")="","",INDEX(Inventory!$K$6:$K$205,IFERROR(MATCH(IFERROR(AGGREGATE(14,6,(Inventory!$G$6:$G$205+(205-ROW(Inventory!$G$6:$G$205))/10000)/(Inventory!$G$6:$G$205>0),18),""),(Inventory!$G$6:$G$205+(205-ROW(Inventory!$G$6:$G$205))/10000),0),""))),"")
A26: =IFERROR(IF(IFERROR(AGGREGATE(14,6,(Inventory!$G$6:$G$205+(205-ROW(Inventory!$G$6:$G$205))/10000)/(Inventory!$G$6:$G$205>0),19),"")="","",INDEX(Inventory!$A$6:$A$205,IFERROR(MATCH(IFERROR(AGGREGATE(14,6,(Inventory!$G$6:$G$205+(205-ROW(Inventory!$G$6:$G$205))/10000)/(Inventory!$G$6:$G$205>0),19),""),(Inventory!$G$6:$G$205+(205-ROW(Inventory!$G$6:$G$205))/10000),0),""))),"") | B26: =IFERROR(IF(IFERROR(AGGREGATE(14,6,(Inventory!$G$6:$G$205+(205-ROW(Inventory!$G$6:$G$205))/10000)/(Inventory!$G$6:$G$205>0),19),"")="","",INDEX(Inventory!$B$6:$B$205,IFERROR(MATCH(IFERROR(AGGREGATE(14,6,(Inventory!$G$6:$G$205+(205-ROW(Inventory!$G$6:$G$205))/10000)/(Inventory!$G$6:$G$205>0),19),""),(Inventory!$G$6:$G$205+(205-ROW(Inventory!$G$6:$G$205))/10000),0),""))),"") | C26: =IFERROR(IF(IFERROR(AGGREGATE(14,6,(Inventory!$G$6:$G$205+(205-ROW(Inventory!$G$6:$G$205))/10000)/(Inventory!$G$6:$G$205>0),19),"")="","",INDEX(Inventory!$D$6:$D$205,IFERROR(MATCH(IFERROR(AGGREGATE(14,6,(Inventory!$G$6:$G$205+(205-ROW(Inventory!$G$6:$G$205))/10000)/(Inventory!$G$6:$G$205>0),19),""),(Inventory!$G$6:$G$205+(205-ROW(Inventory!$G$6:$G$205))/10000),0),""))),"") | D26: =IFERROR(IF(IFERROR(AGGREGATE(14,6,(Inventory!$G$6:$G$205+(205-ROW(Inventory!$G$6:$G$205))/10000)/(Inventory!$G$6:$G$205>0),19),"")="","",INDEX(Inventory!$H$6:$H$205,IFERROR(MATCH(IFERROR(AGGREGATE(14,6,(Inventory!$G$6:$G$205+(205-ROW(Inventory!$G$6:$G$205))/10000)/(Inventory!$G$6:$G$205>0),19),""),(Inventory!$G$6:$G$205+(205-ROW(Inventory!$G$6:$G$205))/10000),0),""))),"") | E26: =IFERROR(IF(IFERROR(AGGREGATE(14,6,(Inventory!$G$6:$G$205+(205-ROW(Inventory!$G$6:$G$205))/10000)/(Inventory!$G$6:$G$205>0),19),"")="","",INDEX(Inventory!$E$6:$E$205,IFERROR(MATCH(IFERROR(AGGREGATE(14,6,(Inventory!$G$6:$G$205+(205-ROW(Inventory!$G$6:$G$205))/10000)/(Inventory!$G$6:$G$205>0),19),""),(Inventory!$G$6:$G$205+(205-ROW(Inventory!$G$6:$G$205))/10000),0),""))),"") | F26: =IFERROR(IF(IFERROR(AGGREGATE(14,6,(Inventory!$G$6:$G$205+(205-ROW(Inventory!$G$6:$G$205))/10000)/(Inventory!$G$6:$G$205>0),19),"")="","",INDEX(Inventory!$F$6:$F$205,IFERROR(MATCH(IFERROR(AGGREGATE(14,6,(Inventory!$G$6:$G$205+(205-ROW(Inventory!$G$6:$G$205))/10000)/(Inventory!$G$6:$G$205>0),19),""),(Inventory!$G$6:$G$205+(205-ROW(Inventory!$G$6:$G$205))/10000),0),""))),"") | G26: =IFERROR(IF(IFERROR(AGGREGATE(14,6,(Inventory!$G$6:$G$205+(205-ROW(Inventory!$G$6:$G$205))/10000)/(Inventory!$G$6:$G$205>0),19),"")="","",INDEX(Inventory!$G$6:$G$205,IFERROR(MATCH(IFERROR(AGGREGATE(14,6,(Inventory!$G$6:$G$205+(205-ROW(Inventory!$G$6:$G$205))/10000)/(Inventory!$G$6:$G$205>0),19),""),(Inventory!$G$6:$G$205+(205-ROW(Inventory!$G$6:$G$205))/10000),0),""))),"") | H26: =IFERROR(IF(IFERROR(AGGREGATE(14,6,(Inventory!$G$6:$G$205+(205-ROW(Inventory!$G$6:$G$205))/10000)/(Inventory!$G$6:$G$205>0),19),"")="","",INDEX(Inventory!$I$6:$I$205,IFERROR(MATCH(IFERROR(AGGREGATE(14,6,(Inventory!$G$6:$G$205+(205-ROW(Inventory!$G$6:$G$205))/10000)/(Inventory!$G$6:$G$205>0),19),""),(Inventory!$G$6:$G$205+(205-ROW(Inventory!$G$6:$G$205))/10000),0),""))),"") | I26: =IFERROR(IF(IFERROR(AGGREGATE(14,6,(Inventory!$G$6:$G$205+(205-ROW(Inventory!$G$6:$G$205))/10000)/(Inventory!$G$6:$G$205>0),19),"")="","",INDEX(Inventory!$K$6:$K$205,IFERROR(MATCH(IFERROR(AGGREGATE(14,6,(Inventory!$G$6:$G$205+(205-ROW(Inventory!$G$6:$G$205))/10000)/(Inventory!$G$6:$G$205>0),19),""),(Inventory!$G$6:$G$205+(205-ROW(Inventory!$G$6:$G$205))/10000),0),""))),"")
A27: =IFERROR(IF(IFERROR(AGGREGATE(14,6,(Inventory!$G$6:$G$205+(205-ROW(Inventory!$G$6:$G$205))/10000)/(Inventory!$G$6:$G$205>0),20),"")="","",INDEX(Inventory!$A$6:$A$205,IFERROR(MATCH(IFERROR(AGGREGATE(14,6,(Inventory!$G$6:$G$205+(205-ROW(Inventory!$G$6:$G$205))/10000)/(Inventory!$G$6:$G$205>0),20),""),(Inventory!$G$6:$G$205+(205-ROW(Inventory!$G$6:$G$205))/10000),0),""))),"") | B27: =IFERROR(IF(IFERROR(AGGREGATE(14,6,(Inventory!$G$6:$G$205+(205-ROW(Inventory!$G$6:$G$205))/10000)/(Inventory!$G$6:$G$205>0),20),"")="","",INDEX(Inventory!$B$6:$B$205,IFERROR(MATCH(IFERROR(AGGREGATE(14,6,(Inventory!$G$6:$G$205+(205-ROW(Inventory!$G$6:$G$205))/10000)/(Inventory!$G$6:$G$205>0),20),""),(Inventory!$G$6:$G$205+(205-ROW(Inventory!$G$6:$G$205))/10000),0),""))),"") | C27: =IFERROR(IF(IFERROR(AGGREGATE(14,6,(Inventory!$G$6:$G$205+(205-ROW(Inventory!$G$6:$G$205))/10000)/(Inventory!$G$6:$G$205>0),20),"")="","",INDEX(Inventory!$D$6:$D$205,IFERROR(MATCH(IFERROR(AGGREGATE(14,6,(Inventory!$G$6:$G$205+(205-ROW(Inventory!$G$6:$G$205))/10000)/(Inventory!$G$6:$G$205>0),20),""),(Inventory!$G$6:$G$205+(205-ROW(Inventory!$G$6:$G$205))/10000),0),""))),"") | D27: =IFERROR(IF(IFERROR(AGGREGATE(14,6,(Inventory!$G$6:$G$205+(205-ROW(Inventory!$G$6:$G$205))/10000)/(Inventory!$G$6:$G$205>0),20),"")="","",INDEX(Inventory!$H$6:$H$205,IFERROR(MATCH(IFERROR(AGGREGATE(14,6,(Inventory!$G$6:$G$205+(205-ROW(Inventory!$G$6:$G$205))/10000)/(Inventory!$G$6:$G$205>0),20),""),(Inventory!$G$6:$G$205+(205-ROW(Inventory!$G$6:$G$205))/10000),0),""))),"") | E27: =IFERROR(IF(IFERROR(AGGREGATE(14,6,(Inventory!$G$6:$G$205+(205-ROW(Inventory!$G$6:$G$205))/10000)/(Inventory!$G$6:$G$205>0),20),"")="","",INDEX(Inventory!$E$6:$E$205,IFERROR(MATCH(IFERROR(AGGREGATE(14,6,(Inventory!$G$6:$G$205+(205-ROW(Inventory!$G$6:$G$205))/10000)/(Inventory!$G$6:$G$205>0),20),""),(Inventory!$G$6:$G$205+(205-ROW(Inventory!$G$6:$G$205))/10000),0),""))),"") | F27: =IFERROR(IF(IFERROR(AGGREGATE(14,6,(Inventory!$G$6:$G$205+(205-ROW(Inventory!$G$6:$G$205))/10000)/(Inventory!$G$6:$G$205>0),20),"")="","",INDEX(Inventory!$F$6:$F$205,IFERROR(MATCH(IFERROR(AGGREGATE(14,6,(Inventory!$G$6:$G$205+(205-ROW(Inventory!$G$6:$G$205))/10000)/(Inventory!$G$6:$G$205>0),20),""),(Inventory!$G$6:$G$205+(205-ROW(Inventory!$G$6:$G$205))/10000),0),""))),"") | G27: =IFERROR(IF(IFERROR(AGGREGATE(14,6,(Inventory!$G$6:$G$205+(205-ROW(Inventory!$G$6:$G$205))/10000)/(Inventory!$G$6:$G$205>0),20),"")="","",INDEX(Inventory!$G$6:$G$205,IFERROR(MATCH(IFERROR(AGGREGATE(14,6,(Inventory!$G$6:$G$205+(205-ROW(Inventory!$G$6:$G$205))/10000)/(Inventory!$G$6:$G$205>0),20),""),(Inventory!$G$6:$G$205+(205-ROW(Inventory!$G$6:$G$205))/10000),0),""))),"") | H27: =IFERROR(IF(IFERROR(AGGREGATE(14,6,(Inventory!$G$6:$G$205+(205-ROW(Inventory!$G$6:$G$205))/10000)/(Inventory!$G$6:$G$205>0),20),"")="","",INDEX(Inventory!$I$6:$I$205,IFERROR(MATCH(IFERROR(AGGREGATE(14,6,(Inventory!$G$6:$G$205+(205-ROW(Inventory!$G$6:$G$205))/10000)/(Inventory!$G$6:$G$205>0),20),""),(Inventory!$G$6:$G$205+(205-ROW(Inventory!$G$6:$G$205))/10000),0),""))),"") | I27: =IFERROR(IF(IFERROR(AGGREGATE(14,6,(Inventory!$G$6:$G$205+(205-ROW(Inventory!$G$6:$G$205))/10000)/(Inventory!$G$6:$G$205>0),20),"")="","",INDEX(Inventory!$K$6:$K$205,IFERROR(MATCH(IFERROR(AGGREGATE(14,6,(Inventory!$G$6:$G$205+(205-ROW(Inventory!$G$6:$G$205))/10000)/(Inventory!$G$6:$G$205>0),20),""),(Inventory!$G$6:$G$205+(205-ROW(Inventory!$G$6:$G$205))/10000),0),""))),"")
A28: =IFERROR(IF(IFERROR(AGGREGATE(14,6,(Inventory!$G$6:$G$205+(205-ROW(Inventory!$G$6:$G$205))/10000)/(Inventory!$G$6:$G$205>0),21),"")="","",INDEX(Inventory!$A$6:$A$205,IFERROR(MATCH(IFERROR(AGGREGATE(14,6,(Inventory!$G$6:$G$205+(205-ROW(Inventory!$G$6:$G$205))/10000)/(Inventory!$G$6:$G$205>0),21),""),(Inventory!$G$6:$G$205+(205-ROW(Inventory!$G$6:$G$205))/10000),0),""))),"") | B28: =IFERROR(IF(IFERROR(AGGREGATE(14,6,(Inventory!$G$6:$G$205+(205-ROW(Inventory!$G$6:$G$205))/10000)/(Inventory!$G$6:$G$205>0),21),"")="","",INDEX(Inventory!$B$6:$B$205,IFERROR(MATCH(IFERROR(AGGREGATE(14,6,(Inventory!$G$6:$G$205+(205-ROW(Inventory!$G$6:$G$205))/10000)/(Inventory!$G$6:$G$205>0),21),""),(Inventory!$G$6:$G$205+(205-ROW(Inventory!$G$6:$G$205))/10000),0),""))),"") | C28: =IFERROR(IF(IFERROR(AGGREGATE(14,6,(Inventory!$G$6:$G$205+(205-ROW(Inventory!$G$6:$G$205))/10000)/(Inventory!$G$6:$G$205>0),21),"")="","",INDEX(Inventory!$D$6:$D$205,IFERROR(MATCH(IFERROR(AGGREGATE(14,6,(Inventory!$G$6:$G$205+(205-ROW(Inventory!$G$6:$G$205))/10000)/(Inventory!$G$6:$G$205>0),21),""),(Inventory!$G$6:$G$205+(205-ROW(Inventory!$G$6:$G$205))/10000),0),""))),"") | D28: =IFERROR(IF(IFERROR(AGGREGATE(14,6,(Inventory!$G$6:$G$205+(205-ROW(Inventory!$G$6:$G$205))/10000)/(Inventory!$G$6:$G$205>0),21),"")="","",INDEX(Inventory!$H$6:$H$205,IFERROR(MATCH(IFERROR(AGGREGATE(14,6,(Inventory!$G$6:$G$205+(205-ROW(Inventory!$G$6:$G$205))/10000)/(Inventory!$G$6:$G$205>0),21),""),(Inventory!$G$6:$G$205+(205-ROW(Inventory!$G$6:$G$205))/10000),0),""))),"") | E28: =IFERROR(IF(IFERROR(AGGREGATE(14,6,(Inventory!$G$6:$G$205+(205-ROW(Inventory!$G$6:$G$205))/10000)/(Inventory!$G$6:$G$205>0),21),"")="","",INDEX(Inventory!$E$6:$E$205,IFERROR(MATCH(IFERROR(AGGREGATE(14,6,(Inventory!$G$6:$G$205+(205-ROW(Inventory!$G$6:$G$205))/10000)/(Inventory!$G$6:$G$205>0),21),""),(Inventory!$G$6:$G$205+(205-ROW(Inventory!$G$6:$G$205))/10000),0),""))),"") | F28: =IFERROR(IF(IFERROR(AGGREGATE(14,6,(Inventory!$G$6:$G$205+(205-ROW(Inventory!$G$6:$G$205))/10000)/(Inventory!$G$6:$G$205>0),21),"")="","",INDEX(Inventory!$F$6:$F$205,IFERROR(MATCH(IFERROR(AGGREGATE(14,6,(Inventory!$G$6:$G$205+(205-ROW(Inventory!$G$6:$G$205))/10000)/(Inventory!$G$6:$G$205>0),21),""),(Inventory!$G$6:$G$205+(205-ROW(Inventory!$G$6:$G$205))/10000),0),""))),"") | G28: =IFERROR(IF(IFERROR(AGGREGATE(14,6,(Inventory!$G$6:$G$205+(205-ROW(Inventory!$G$6:$G$205))/10000)/(Inventory!$G$6:$G$205>0),21),"")="","",INDEX(Inventory!$G$6:$G$205,IFERROR(MATCH(IFERROR(AGGREGATE(14,6,(Inventory!$G$6:$G$205+(205-ROW(Inventory!$G$6:$G$205))/10000)/(Inventory!$G$6:$G$205>0),21),""),(Inventory!$G$6:$G$205+(205-ROW(Inventory!$G$6:$G$205))/10000),0),""))),"") | H28: =IFERROR(IF(IFERROR(AGGREGATE(14,6,(Inventory!$G$6:$G$205+(205-ROW(Inventory!$G$6:$G$205))/10000)/(Inventory!$G$6:$G$205>0),21),"")="","",INDEX(Inventory!$I$6:$I$205,IFERROR(MATCH(IFERROR(AGGREGATE(14,6,(Inventory!$G$6:$G$205+(205-ROW(Inventory!$G$6:$G$205))/10000)/(Inventory!$G$6:$G$205>0),21),""),(Inventory!$G$6:$G$205+(205-ROW(Inventory!$G$6:$G$205))/10000),0),""))),"") | I28: =IFERROR(IF(IFERROR(AGGREGATE(14,6,(Inventory!$G$6:$G$205+(205-ROW(Inventory!$G$6:$G$205))/10000)/(Inventory!$G$6:$G$205>0),21),"")="","",INDEX(Inventory!$K$6:$K$205,IFERROR(MATCH(IFERROR(AGGREGATE(14,6,(Inventory!$G$6:$G$205+(205-ROW(Inventory!$G$6:$G$205))/10000)/(Inventory!$G$6:$G$205>0),21),""),(Inventory!$G$6:$G$205+(205-ROW(Inventory!$G$6:$G$205))/10000),0),""))),"")
A29: =IFERROR(IF(IFERROR(AGGREGATE(14,6,(Inventory!$G$6:$G$205+(205-ROW(Inventory!$G$6:$G$205))/10000)/(Inventory!$G$6:$G$205>0),22),"")="","",INDEX(Inventory!$A$6:$A$205,IFERROR(MATCH(IFERROR(AGGREGATE(14,6,(Inventory!$G$6:$G$205+(205-ROW(Inventory!$G$6:$G$205))/10000)/(Inventory!$G$6:$G$205>0),22),""),(Inventory!$G$6:$G$205+(205-ROW(Inventory!$G$6:$G$205))/10000),0),""))),"") | B29: =IFERROR(IF(IFERROR(AGGREGATE(14,6,(Inventory!$G$6:$G$205+(205-ROW(Inventory!$G$6:$G$205))/10000)/(Inventory!$G$6:$G$205>0),22),"")="","",INDEX(Inventory!$B$6:$B$205,IFERROR(MATCH(IFERROR(AGGREGATE(14,6,(Inventory!$G$6:$G$205+(205-ROW(Inventory!$G$6:$G$205))/10000)/(Inventory!$G$6:$G$205>0),22),""),(Inventory!$G$6:$G$205+(205-ROW(Inventory!$G$6:$G$205))/10000),0),""))),"") | C29: =IFERROR(IF(IFERROR(AGGREGATE(14,6,(Inventory!$G$6:$G$205+(205-ROW(Inventory!$G$6:$G$205))/10000)/(Inventory!$G$6:$G$205>0),22),"")="","",INDEX(Inventory!$D$6:$D$205,IFERROR(MATCH(IFERROR(AGGREGATE(14,6,(Inventory!$G$6:$G$205+(205-ROW(Inventory!$G$6:$G$205))/10000)/(Inventory!$G$6:$G$205>0),22),""),(Inventory!$G$6:$G$205+(205-ROW(Inventory!$G$6:$G$205))/10000),0),""))),"") | D29: =IFERROR(IF(IFERROR(AGGREGATE(14,6,(Inventory!$G$6:$G$205+(205-ROW(Inventory!$G$6:$G$205))/10000)/(Inventory!$G$6:$G$205>0),22),"")="","",INDEX(Inventory!$H$6:$H$205,IFERROR(MATCH(IFERROR(AGGREGATE(14,6,(Inventory!$G$6:$G$205+(205-ROW(Inventory!$G$6:$G$205))/10000)/(Inventory!$G$6:$G$205>0),22),""),(Inventory!$G$6:$G$205+(205-ROW(Inventory!$G$6:$G$205))/10000),0),""))),"") | E29: =IFERROR(IF(IFERROR(AGGREGATE(14,6,(Inventory!$G$6:$G$205+(205-ROW(Inventory!$G$6:$G$205))/10000)/(Inventory!$G$6:$G$205>0),22),"")="","",INDEX(Inventory!$E$6:$E$205,IFERROR(MATCH(IFERROR(AGGREGATE(14,6,(Inventory!$G$6:$G$205+(205-ROW(Inventory!$G$6:$G$205))/10000)/(Inventory!$G$6:$G$205>0),22),""),(Inventory!$G$6:$G$205+(205-ROW(Inventory!$G$6:$G$205))/10000),0),""))),"") | F29: =IFERROR(IF(IFERROR(AGGREGATE(14,6,(Inventory!$G$6:$G$205+(205-ROW(Inventory!$G$6:$G$205))/10000)/(Inventory!$G$6:$G$205>0),22),"")="","",INDEX(Inventory!$F$6:$F$205,IFERROR(MATCH(IFERROR(AGGREGATE(14,6,(Inventory!$G$6:$G$205+(205-ROW(Inventory!$G$6:$G$205))/10000)/(Inventory!$G$6:$G$205>0),22),""),(Inventory!$G$6:$G$205+(205-ROW(Inventory!$G$6:$G$205))/10000),0),""))),"") | G29: =IFERROR(IF(IFERROR(AGGREGATE(14,6,(Inventory!$G$6:$G$205+(205-ROW(Inventory!$G$6:$G$205))/10000)/(Inventory!$G$6:$G$205>0),22),"")="","",INDEX(Inventory!$G$6:$G$205,IFERROR(MATCH(IFERROR(AGGREGATE(14,6,(Inventory!$G$6:$G$205+(205-ROW(Inventory!$G$6:$G$205))/10000)/(Inventory!$G$6:$G$205>0),22),""),(Inventory!$G$6:$G$205+(205-ROW(Inventory!$G$6:$G$205))/10000),0),""))),"") | H29: =IFERROR(IF(IFERROR(AGGREGATE(14,6,(Inventory!$G$6:$G$205+(205-ROW(Inventory!$G$6:$G$205))/10000)/(Inventory!$G$6:$G$205>0),22),"")="","",INDEX(Inventory!$I$6:$I$205,IFERROR(MATCH(IFERROR(AGGREGATE(14,6,(Inventory!$G$6:$G$205+(205-ROW(Inventory!$G$6:$G$205))/10000)/(Inventory!$G$6:$G$205>0),22),""),(Inventory!$G$6:$G$205+(205-ROW(Inventory!$G$6:$G$205))/10000),0),""))),"") | I29: =IFERROR(IF(IFERROR(AGGREGATE(14,6,(Inventory!$G$6:$G$205+(205-ROW(Inventory!$G$6:$G$205))/10000)/(Inventory!$G$6:$G$205>0),22),"")="","",INDEX(Inventory!$K$6:$K$205,IFERROR(MATCH(IFERROR(AGGREGATE(14,6,(Inventory!$G$6:$G$205+(205-ROW(Inventory!$G$6:$G$205))/10000)/(Inventory!$G$6:$G$205>0),22),""),(Inventory!$G$6:$G$205+(205-ROW(Inventory!$G$6:$G$205))/10000),0),""))),"")
A30: =IFERROR(IF(IFERROR(AGGREGATE(14,6,(Inventory!$G$6:$G$205+(205-ROW(Inventory!$G$6:$G$205))/10000)/(Inventory!$G$6:$G$205>0),23),"")="","",INDEX(Inventory!$A$6:$A$205,IFERROR(MATCH(IFERROR(AGGREGATE(14,6,(Inventory!$G$6:$G$205+(205-ROW(Inventory!$G$6:$G$205))/10000)/(Inventory!$G$6:$G$205>0),23),""),(Inventory!$G$6:$G$205+(205-ROW(Inventory!$G$6:$G$205))/10000),0),""))),"") | B30: =IFERROR(IF(IFERROR(AGGREGATE(14,6,(Inventory!$G$6:$G$205+(205-ROW(Inventory!$G$6:$G$205))/10000)/(Inventory!$G$6:$G$205>0),23),"")="","",INDEX(Inventory!$B$6:$B$205,IFERROR(MATCH(IFERROR(AGGREGATE(14,6,(Inventory!$G$6:$G$205+(205-ROW(Inventory!$G$6:$G$205))/10000)/(Inventory!$G$6:$G$205>0),23),""),(Inventory!$G$6:$G$205+(205-ROW(Inventory!$G$6:$G$205))/10000),0),""))),"") | C30: =IFERROR(IF(IFERROR(AGGREGATE(14,6,(Inventory!$G$6:$G$205+(205-ROW(Inventory!$G$6:$G$205))/10000)/(Inventory!$G$6:$G$205>0),23),"")="","",INDEX(Inventory!$D$6:$D$205,IFERROR(MATCH(IFERROR(AGGREGATE(14,6,(Inventory!$G$6:$G$205+(205-ROW(Inventory!$G$6:$G$205))/10000)/(Inventory!$G$6:$G$205>0),23),""),(Inventory!$G$6:$G$205+(205-ROW(Inventory!$G$6:$G$205))/10000),0),""))),"") | D30: =IFERROR(IF(IFERROR(AGGREGATE(14,6,(Inventory!$G$6:$G$205+(205-ROW(Inventory!$G$6:$G$205))/10000)/(Inventory!$G$6:$G$205>0),23),"")="","",INDEX(Inventory!$H$6:$H$205,IFERROR(MATCH(IFERROR(AGGREGATE(14,6,(Inventory!$G$6:$G$205+(205-ROW(Inventory!$G$6:$G$205))/10000)/(Inventory!$G$6:$G$205>0),23),""),(Inventory!$G$6:$G$205+(205-ROW(Inventory!$G$6:$G$205))/10000),0),""))),"") | E30: =IFERROR(IF(IFERROR(AGGREGATE(14,6,(Inventory!$G$6:$G$205+(205-ROW(Inventory!$G$6:$G$205))/10000)/(Inventory!$G$6:$G$205>0),23),"")="","",INDEX(Inventory!$E$6:$E$205,IFERROR(MATCH(IFERROR(AGGREGATE(14,6,(Inventory!$G$6:$G$205+(205-ROW(Inventory!$G$6:$G$205))/10000)/(Inventory!$G$6:$G$205>0),23),""),(Inventory!$G$6:$G$205+(205-ROW(Inventory!$G$6:$G$205))/10000),0),""))),"") | F30: =IFERROR(IF(IFERROR(AGGREGATE(14,6,(Inventory!$G$6:$G$205+(205-ROW(Inventory!$G$6:$G$205))/10000)/(Inventory!$G$6:$G$205>0),23),"")="","",INDEX(Inventory!$F$6:$F$205,IFERROR(MATCH(IFERROR(AGGREGATE(14,6,(Inventory!$G$6:$G$205+(205-ROW(Inventory!$G$6:$G$205))/10000)/(Inventory!$G$6:$G$205>0),23),""),(Inventory!$G$6:$G$205+(205-ROW(Inventory!$G$6:$G$205))/10000),0),""))),"") | G30: =IFERROR(IF(IFERROR(AGGREGATE(14,6,(Inventory!$G$6:$G$205+(205-ROW(Inventory!$G$6:$G$205))/10000)/(Inventory!$G$6:$G$205>0),23),"")="","",INDEX(Inventory!$G$6:$G$205,IFERROR(MATCH(IFERROR(AGGREGATE(14,6,(Inventory!$G$6:$G$205+(205-ROW(Inventory!$G$6:$G$205))/10000)/(Inventory!$G$6:$G$205>0),23),""),(Inventory!$G$6:$G$205+(205-ROW(Inventory!$G$6:$G$205))/10000),0),""))),"") | H30: =IFERROR(IF(IFERROR(AGGREGATE(14,6,(Inventory!$G$6:$G$205+(205-ROW(Inventory!$G$6:$G$205))/10000)/(Inventory!$G$6:$G$205>0),23),"")="","",INDEX(Inventory!$I$6:$I$205,IFERROR(MATCH(IFERROR(AGGREGATE(14,6,(Inventory!$G$6:$G$205+(205-ROW(Inventory!$G$6:$G$205))/10000)/(Inventory!$G$6:$G$205>0),23),""),(Inventory!$G$6:$G$205+(205-ROW(Inventory!$G$6:$G$205))/10000),0),""))),"") | I30: =IFERROR(IF(IFERROR(AGGREGATE(14,6,(Inventory!$G$6:$G$205+(205-ROW(Inventory!$G$6:$G$205))/10000)/(Inventory!$G$6:$G$205>0),23),"")="","",INDEX(Inventory!$K$6:$K$205,IFERROR(MATCH(IFERROR(AGGREGATE(14,6,(Inventory!$G$6:$G$205+(205-ROW(Inventory!$G$6:$G$205))/10000)/(Inventory!$G$6:$G$205>0),23),""),(Inventory!$G$6:$G$205+(205-ROW(Inventory!$G$6:$G$205))/10000),0),""))),"")
A31: =IFERROR(IF(IFERROR(AGGREGATE(14,6,(Inventory!$G$6:$G$205+(205-ROW(Inventory!$G$6:$G$205))/10000)/(Inventory!$G$6:$G$205>0),24),"")="","",INDEX(Inventory!$A$6:$A$205,IFERROR(MATCH(IFERROR(AGGREGATE(14,6,(Inventory!$G$6:$G$205+(205-ROW(Inventory!$G$6:$G$205))/10000)/(Inventory!$G$6:$G$205>0),24),""),(Inventory!$G$6:$G$205+(205-ROW(Inventory!$G$6:$G$205))/10000),0),""))),"") | B31: =IFERROR(IF(IFERROR(AGGREGATE(14,6,(Inventory!$G$6:$G$205+(205-ROW(Inventory!$G$6:$G$205))/10000)/(Inventory!$G$6:$G$205>0),24),"")="","",INDEX(Inventory!$B$6:$B$205,IFERROR(MATCH(IFERROR(AGGREGATE(14,6,(Inventory!$G$6:$G$205+(205-ROW(Inventory!$G$6:$G$205))/10000)/(Inventory!$G$6:$G$205>0),24),""),(Inventory!$G$6:$G$205+(205-ROW(Inventory!$G$6:$G$205))/10000),0),""))),"") | C31: =IFERROR(IF(IFERROR(AGGREGATE(14,6,(Inventory!$G$6:$G$205+(205-ROW(Inventory!$G$6:$G$205))/10000)/(Inventory!$G$6:$G$205>0),24),"")="","",INDEX(Inventory!$D$6:$D$205,IFERROR(MATCH(IFERROR(AGGREGATE(14,6,(Inventory!$G$6:$G$205+(205-ROW(Inventory!$G$6:$G$205))/10000)/(Inventory!$G$6:$G$205>0),24),""),(Inventory!$G$6:$G$205+(205-ROW(Inventory!$G$6:$G$205))/10000),0),""))),"") | D31: =IFERROR(IF(IFERROR(AGGREGATE(14,6,(Inventory!$G$6:$G$205+(205-ROW(Inventory!$G$6:$G$205))/10000)/(Inventory!$G$6:$G$205>0),24),"")="","",INDEX(Inventory!$H$6:$H$205,IFERROR(MATCH(IFERROR(AGGREGATE(14,6,(Inventory!$G$6:$G$205+(205-ROW(Inventory!$G$6:$G$205))/10000)/(Inventory!$G$6:$G$205>0),24),""),(Inventory!$G$6:$G$205+(205-ROW(Inventory!$G$6:$G$205))/10000),0),""))),"") | E31: =IFERROR(IF(IFERROR(AGGREGATE(14,6,(Inventory!$G$6:$G$205+(205-ROW(Inventory!$G$6:$G$205))/10000)/(Inventory!$G$6:$G$205>0),24),"")="","",INDEX(Inventory!$E$6:$E$205,IFERROR(MATCH(IFERROR(AGGREGATE(14,6,(Inventory!$G$6:$G$205+(205-ROW(Inventory!$G$6:$G$205))/10000)/(Inventory!$G$6:$G$205>0),24),""),(Inventory!$G$6:$G$205+(205-ROW(Inventory!$G$6:$G$205))/10000),0),""))),"") | F31: =IFERROR(IF(IFERROR(AGGREGATE(14,6,(Inventory!$G$6:$G$205+(205-ROW(Inventory!$G$6:$G$205))/10000)/(Inventory!$G$6:$G$205>0),24),"")="","",INDEX(Inventory!$F$6:$F$205,IFERROR(MATCH(IFERROR(AGGREGATE(14,6,(Inventory!$G$6:$G$205+(205-ROW(Inventory!$G$6:$G$205))/10000)/(Inventory!$G$6:$G$205>0),24),""),(Inventory!$G$6:$G$205+(205-ROW(Inventory!$G$6:$G$205))/10000),0),""))),"") | G31: =IFERROR(IF(IFERROR(AGGREGATE(14,6,(Inventory!$G$6:$G$205+(205-ROW(Inventory!$G$6:$G$205))/10000)/(Inventory!$G$6:$G$205>0),24),"")="","",INDEX(Inventory!$G$6:$G$205,IFERROR(MATCH(IFERROR(AGGREGATE(14,6,(Inventory!$G$6:$G$205+(205-ROW(Inventory!$G$6:$G$205))/10000)/(Inventory!$G$6:$G$205>0),24),""),(Inventory!$G$6:$G$205+(205-ROW(Inventory!$G$6:$G$205))/10000),0),""))),"") | H31: =IFERROR(IF(IFERROR(AGGREGATE(14,6,(Inventory!$G$6:$G$205+(205-ROW(Inventory!$G$6:$G$205))/10000)/(Inventory!$G$6:$G$205>0),24),"")="","",INDEX(Inventory!$I$6:$I$205,IFERROR(MATCH(IFERROR(AGGREGATE(14,6,(Inventory!$G$6:$G$205+(205-ROW(Inventory!$G$6:$G$205))/10000)/(Inventory!$G$6:$G$205>0),24),""),(Inventory!$G$6:$G$205+(205-ROW(Inventory!$G$6:$G$205))/10000),0),""))),"") | I31: =IFERROR(IF(IFERROR(AGGREGATE(14,6,(Inventory!$G$6:$G$205+(205-ROW(Inventory!$G$6:$G$205))/10000)/(Inventory!$G$6:$G$205>0),24),"")="","",INDEX(Inventory!$K$6:$K$205,IFERROR(MATCH(IFERROR(AGGREGATE(14,6,(Inventory!$G$6:$G$205+(205-ROW(Inventory!$G$6:$G$205))/10000)/(Inventory!$G$6:$G$205>0),24),""),(Inventory!$G$6:$G$205+(205-ROW(Inventory!$G$6:$G$205))/10000),0),""))),"")
A32: =IFERROR(IF(IFERROR(AGGREGATE(14,6,(Inventory!$G$6:$G$205+(205-ROW(Inventory!$G$6:$G$205))/10000)/(Inventory!$G$6:$G$205>0),25),"")="","",INDEX(Inventory!$A$6:$A$205,IFERROR(MATCH(IFERROR(AGGREGATE(14,6,(Inventory!$G$6:$G$205+(205-ROW(Inventory!$G$6:$G$205))/10000)/(Inventory!$G$6:$G$205>0),25),""),(Inventory!$G$6:$G$205+(205-ROW(Inventory!$G$6:$G$205))/10000),0),""))),"") | B32: =IFERROR(IF(IFERROR(AGGREGATE(14,6,(Inventory!$G$6:$G$205+(205-ROW(Inventory!$G$6:$G$205))/10000)/(Inventory!$G$6:$G$205>0),25),"")="","",INDEX(Inventory!$B$6:$B$205,IFERROR(MATCH(IFERROR(AGGREGATE(14,6,(Inventory!$G$6:$G$205+(205-ROW(Inventory!$G$6:$G$205))/10000)/(Inventory!$G$6:$G$205>0),25),""),(Inventory!$G$6:$G$205+(205-ROW(Inventory!$G$6:$G$205))/10000),0),""))),"") | C32: =IFERROR(IF(IFERROR(AGGREGATE(14,6,(Inventory!$G$6:$G$205+(205-ROW(Inventory!$G$6:$G$205))/10000)/(Inventory!$G$6:$G$205>0),25),"")="","",INDEX(Inventory!$D$6:$D$205,IFERROR(MATCH(IFERROR(AGGREGATE(14,6,(Inventory!$G$6:$G$205+(205-ROW(Inventory!$G$6:$G$205))/10000)/(Inventory!$G$6:$G$205>0),25),""),(Inventory!$G$6:$G$205+(205-ROW(Inventory!$G$6:$G$205))/10000),0),""))),"") | D32: =IFERROR(IF(IFERROR(AGGREGATE(14,6,(Inventory!$G$6:$G$205+(205-ROW(Inventory!$G$6:$G$205))/10000)/(Inventory!$G$6:$G$205>0),25),"")="","",INDEX(Inventory!$H$6:$H$205,IFERROR(MATCH(IFERROR(AGGREGATE(14,6,(Inventory!$G$6:$G$205+(205-ROW(Inventory!$G$6:$G$205))/10000)/(Inventory!$G$6:$G$205>0),25),""),(Inventory!$G$6:$G$205+(205-ROW(Inventory!$G$6:$G$205))/10000),0),""))),"") | E32: =IFERROR(IF(IFERROR(AGGREGATE(14,6,(Inventory!$G$6:$G$205+(205-ROW(Inventory!$G$6:$G$205))/10000)/(Inventory!$G$6:$G$205>0),25),"")="","",INDEX(Inventory!$E$6:$E$205,IFERROR(MATCH(IFERROR(AGGREGATE(14,6,(Inventory!$G$6:$G$205+(205-ROW(Inventory!$G$6:$G$205))/10000)/(Inventory!$G$6:$G$205>0),25),""),(Inventory!$G$6:$G$205+(205-ROW(Inventory!$G$6:$G$205))/10000),0),""))),"") | F32: =IFERROR(IF(IFERROR(AGGREGATE(14,6,(Inventory!$G$6:$G$205+(205-ROW(Inventory!$G$6:$G$205))/10000)/(Inventory!$G$6:$G$205>0),25),"")="","",INDEX(Inventory!$F$6:$F$205,IFERROR(MATCH(IFERROR(AGGREGATE(14,6,(Inventory!$G$6:$G$205+(205-ROW(Inventory!$G$6:$G$205))/10000)/(Inventory!$G$6:$G$205>0),25),""),(Inventory!$G$6:$G$205+(205-ROW(Inventory!$G$6:$G$205))/10000),0),""))),"") | G32: =IFERROR(IF(IFERROR(AGGREGATE(14,6,(Inventory!$G$6:$G$205+(205-ROW(Inventory!$G$6:$G$205))/10000)/(Inventory!$G$6:$G$205>0),25),"")="","",INDEX(Inventory!$G$6:$G$205,IFERROR(MATCH(IFERROR(AGGREGATE(14,6,(Inventory!$G$6:$G$205+(205-ROW(Inventory!$G$6:$G$205))/10000)/(Inventory!$G$6:$G$205>0),25),""),(Inventory!$G$6:$G$205+(205-ROW(Inventory!$G$6:$G$205))/10000),0),""))),"") | H32: =IFERROR(IF(IFERROR(AGGREGATE(14,6,(Inventory!$G$6:$G$205+(205-ROW(Inventory!$G$6:$G$205))/10000)/(Inventory!$G$6:$G$205>0),25),"")="","",INDEX(Inventory!$I$6:$I$205,IFERROR(MATCH(IFERROR(AGGREGATE(14,6,(Inventory!$G$6:$G$205+(205-ROW(Inventory!$G$6:$G$205))/10000)/(Inventory!$G$6:$G$205>0),25),""),(Inventory!$G$6:$G$205+(205-ROW(Inventory!$G$6:$G$205))/10000),0),""))),"") | I32: =IFERROR(IF(IFERROR(AGGREGATE(14,6,(Inventory!$G$6:$G$205+(205-ROW(Inventory!$G$6:$G$205))/10000)/(Inventory!$G$6:$G$205>0),25),"")="","",INDEX(Inventory!$K$6:$K$205,IFERROR(MATCH(IFERROR(AGGREGATE(14,6,(Inventory!$G$6:$G$205+(205-ROW(Inventory!$G$6:$G$205))/10000)/(Inventory!$G$6:$G$205>0),25),""),(Inventory!$G$6:$G$205+(205-ROW(Inventory!$G$6:$G$205))/10000),0),""))),"")
A33: =IFERROR(IF(IFERROR(AGGREGATE(14,6,(Inventory!$G$6:$G$205+(205-ROW(Inventory!$G$6:$G$205))/10000)/(Inventory!$G$6:$G$205>0),26),"")="","",INDEX(Inventory!$A$6:$A$205,IFERROR(MATCH(IFERROR(AGGREGATE(14,6,(Inventory!$G$6:$G$205+(205-ROW(Inventory!$G$6:$G$205))/10000)/(Inventory!$G$6:$G$205>0),26),""),(Inventory!$G$6:$G$205+(205-ROW(Inventory!$G$6:$G$205))/10000),0),""))),"") | B33: =IFERROR(IF(IFERROR(AGGREGATE(14,6,(Inventory!$G$6:$G$205+(205-ROW(Inventory!$G$6:$G$205))/10000)/(Inventory!$G$6:$G$205>0),26),"")="","",INDEX(Inventory!$B$6:$B$205,IFERROR(MATCH(IFERROR(AGGREGATE(14,6,(Inventory!$G$6:$G$205+(205-ROW(Inventory!$G$6:$G$205))/10000)/(Inventory!$G$6:$G$205>0),26),""),(Inventory!$G$6:$G$205+(205-ROW(Inventory!$G$6:$G$205))/10000),0),""))),"") | C33: =IFERROR(IF(IFERROR(AGGREGATE(14,6,(Inventory!$G$6:$G$205+(205-ROW(Inventory!$G$6:$G$205))/10000)/(Inventory!$G$6:$G$205>0),26),"")="","",INDEX(Inventory!$D$6:$D$205,IFERROR(MATCH(IFERROR(AGGREGATE(14,6,(Inventory!$G$6:$G$205+(205-ROW(Inventory!$G$6:$G$205))/10000)/(Inventory!$G$6:$G$205>0),26),""),(Inventory!$G$6:$G$205+(205-ROW(Inventory!$G$6:$G$205))/10000),0),""))),"") | D33: =IFERROR(IF(IFERROR(AGGREGATE(14,6,(Inventory!$G$6:$G$205+(205-ROW(Inventory!$G$6:$G$205))/10000)/(Inventory!$G$6:$G$205>0),26),"")="","",INDEX(Inventory!$H$6:$H$205,IFERROR(MATCH(IFERROR(AGGREGATE(14,6,(Inventory!$G$6:$G$205+(205-ROW(Inventory!$G$6:$G$205))/10000)/(Inventory!$G$6:$G$205>0),26),""),(Inventory!$G$6:$G$205+(205-ROW(Inventory!$G$6:$G$205))/10000),0),""))),"") | E33: =IFERROR(IF(IFERROR(AGGREGATE(14,6,(Inventory!$G$6:$G$205+(205-ROW(Inventory!$G$6:$G$205))/10000)/(Inventory!$G$6:$G$205>0),26),"")="","",INDEX(Inventory!$E$6:$E$205,IFERROR(MATCH(IFERROR(AGGREGATE(14,6,(Inventory!$G$6:$G$205+(205-ROW(Inventory!$G$6:$G$205))/10000)/(Inventory!$G$6:$G$205>0),26),""),(Inventory!$G$6:$G$205+(205-ROW(Inventory!$G$6:$G$205))/10000),0),""))),"") | F33: =IFERROR(IF(IFERROR(AGGREGATE(14,6,(Inventory!$G$6:$G$205+(205-ROW(Inventory!$G$6:$G$205))/10000)/(Inventory!$G$6:$G$205>0),26),"")="","",INDEX(Inventory!$F$6:$F$205,IFERROR(MATCH(IFERROR(AGGREGATE(14,6,(Inventory!$G$6:$G$205+(205-ROW(Inventory!$G$6:$G$205))/10000)/(Inventory!$G$6:$G$205>0),26),""),(Inventory!$G$6:$G$205+(205-ROW(Inventory!$G$6:$G$205))/10000),0),""))),"") | G33: =IFERROR(IF(IFERROR(AGGREGATE(14,6,(Inventory!$G$6:$G$205+(205-ROW(Inventory!$G$6:$G$205))/10000)/(Inventory!$G$6:$G$205>0),26),"")="","",INDEX(Inventory!$G$6:$G$205,IFERROR(MATCH(IFERROR(AGGREGATE(14,6,(Inventory!$G$6:$G$205+(205-ROW(Inventory!$G$6:$G$205))/10000)/(Inventory!$G$6:$G$205>0),26),""),(Inventory!$G$6:$G$205+(205-ROW(Inventory!$G$6:$G$205))/10000),0),""))),"") | H33: =IFERROR(IF(IFERROR(AGGREGATE(14,6,(Inventory!$G$6:$G$205+(205-ROW(Inventory!$G$6:$G$205))/10000)/(Inventory!$G$6:$G$205>0),26),"")="","",INDEX(Inventory!$I$6:$I$205,IFERROR(MATCH(IFERROR(AGGREGATE(14,6,(Inventory!$G$6:$G$205+(205-ROW(Inventory!$G$6:$G$205))/10000)/(Inventory!$G$6:$G$205>0),26),""),(Inventory!$G$6:$G$205+(205-ROW(Inventory!$G$6:$G$205))/10000),0),""))),"") | I33: =IFERROR(IF(IFERROR(AGGREGATE(14,6,(Inventory!$G$6:$G$205+(205-ROW(Inventory!$G$6:$G$205))/10000)/(Inventory!$G$6:$G$205>0),26),"")="","",INDEX(Inventory!$K$6:$K$205,IFERROR(MATCH(IFERROR(AGGREGATE(14,6,(Inventory!$G$6:$G$205+(205-ROW(Inventory!$G$6:$G$205))/10000)/(Inventory!$G$6:$G$205>0),26),""),(Inventory!$G$6:$G$205+(205-ROW(Inventory!$G$6:$G$205))/10000),0),""))),"")
A34: =IFERROR(IF(IFERROR(AGGREGATE(14,6,(Inventory!$G$6:$G$205+(205-ROW(Inventory!$G$6:$G$205))/10000)/(Inventory!$G$6:$G$205>0),27),"")="","",INDEX(Inventory!$A$6:$A$205,IFERROR(MATCH(IFERROR(AGGREGATE(14,6,(Inventory!$G$6:$G$205+(205-ROW(Inventory!$G$6:$G$205))/10000)/(Inventory!$G$6:$G$205>0),27),""),(Inventory!$G$6:$G$205+(205-ROW(Inventory!$G$6:$G$205))/10000),0),""))),"") | B34: =IFERROR(IF(IFERROR(AGGREGATE(14,6,(Inventory!$G$6:$G$205+(205-ROW(Inventory!$G$6:$G$205))/10000)/(Inventory!$G$6:$G$205>0),27),"")="","",INDEX(Inventory!$B$6:$B$205,IFERROR(MATCH(IFERROR(AGGREGATE(14,6,(Inventory!$G$6:$G$205+(205-ROW(Inventory!$G$6:$G$205))/10000)/(Inventory!$G$6:$G$205>0),27),""),(Inventory!$G$6:$G$205+(205-ROW(Inventory!$G$6:$G$205))/10000),0),""))),"") | C34: =IFERROR(IF(IFERROR(AGGREGATE(14,6,(Inventory!$G$6:$G$205+(205-ROW(Inventory!$G$6:$G$205))/10000)/(Inventory!$G$6:$G$205>0),27),"")="","",INDEX(Inventory!$D$6:$D$205,IFERROR(MATCH(IFERROR(AGGREGATE(14,6,(Inventory!$G$6:$G$205+(205-ROW(Inventory!$G$6:$G$205))/10000)/(Inventory!$G$6:$G$205>0),27),""),(Inventory!$G$6:$G$205+(205-ROW(Inventory!$G$6:$G$205))/10000),0),""))),"") | D34: =IFERROR(IF(IFERROR(AGGREGATE(14,6,(Inventory!$G$6:$G$205+(205-ROW(Inventory!$G$6:$G$205))/10000)/(Inventory!$G$6:$G$205>0),27),"")="","",INDEX(Inventory!$H$6:$H$205,IFERROR(MATCH(IFERROR(AGGREGATE(14,6,(Inventory!$G$6:$G$205+(205-ROW(Inventory!$G$6:$G$205))/10000)/(Inventory!$G$6:$G$205>0),27),""),(Inventory!$G$6:$G$205+(205-ROW(Inventory!$G$6:$G$205))/10000),0),""))),"") | E34: =IFERROR(IF(IFERROR(AGGREGATE(14,6,(Inventory!$G$6:$G$205+(205-ROW(Inventory!$G$6:$G$205))/10000)/(Inventory!$G$6:$G$205>0),27),"")="","",INDEX(Inventory!$E$6:$E$205,IFERROR(MATCH(IFERROR(AGGREGATE(14,6,(Inventory!$G$6:$G$205+(205-ROW(Inventory!$G$6:$G$205))/10000)/(Inventory!$G$6:$G$205>0),27),""),(Inventory!$G$6:$G$205+(205-ROW(Inventory!$G$6:$G$205))/10000),0),""))),"") | F34: =IFERROR(IF(IFERROR(AGGREGATE(14,6,(Inventory!$G$6:$G$205+(205-ROW(Inventory!$G$6:$G$205))/10000)/(Inventory!$G$6:$G$205>0),27),"")="","",INDEX(Inventory!$F$6:$F$205,IFERROR(MATCH(IFERROR(AGGREGATE(14,6,(Inventory!$G$6:$G$205+(205-ROW(Inventory!$G$6:$G$205))/10000)/(Inventory!$G$6:$G$205>0),27),""),(Inventory!$G$6:$G$205+(205-ROW(Inventory!$G$6:$G$205))/10000),0),""))),"") | G34: =IFERROR(IF(IFERROR(AGGREGATE(14,6,(Inventory!$G$6:$G$205+(205-ROW(Inventory!$G$6:$G$205))/10000)/(Inventory!$G$6:$G$205>0),27),"")="","",INDEX(Inventory!$G$6:$G$205,IFERROR(MATCH(IFERROR(AGGREGATE(14,6,(Inventory!$G$6:$G$205+(205-ROW(Inventory!$G$6:$G$205))/10000)/(Inventory!$G$6:$G$205>0),27),""),(Inventory!$G$6:$G$205+(205-ROW(Inventory!$G$6:$G$205))/10000),0),""))),"") | H34: =IFERROR(IF(IFERROR(AGGREGATE(14,6,(Inventory!$G$6:$G$205+(205-ROW(Inventory!$G$6:$G$205))/10000)/(Inventory!$G$6:$G$205>0),27),"")="","",INDEX(Inventory!$I$6:$I$205,IFERROR(MATCH(IFERROR(AGGREGATE(14,6,(Inventory!$G$6:$G$205+(205-ROW(Inventory!$G$6:$G$205))/10000)/(Inventory!$G$6:$G$205>0),27),""),(Inventory!$G$6:$G$205+(205-ROW(Inventory!$G$6:$G$205))/10000),0),""))),"") | I34: =IFERROR(IF(IFERROR(AGGREGATE(14,6,(Inventory!$G$6:$G$205+(205-ROW(Inventory!$G$6:$G$205))/10000)/(Inventory!$G$6:$G$205>0),27),"")="","",INDEX(Inventory!$K$6:$K$205,IFERROR(MATCH(IFERROR(AGGREGATE(14,6,(Inventory!$G$6:$G$205+(205-ROW(Inventory!$G$6:$G$205))/10000)/(Inventory!$G$6:$G$205>0),27),""),(Inventory!$G$6:$G$205+(205-ROW(Inventory!$G$6:$G$205))/10000),0),""))),"")
A35: =IFERROR(IF(IFERROR(AGGREGATE(14,6,(Inventory!$G$6:$G$205+(205-ROW(Inventory!$G$6:$G$205))/10000)/(Inventory!$G$6:$G$205>0),28),"")="","",INDEX(Inventory!$A$6:$A$205,IFERROR(MATCH(IFERROR(AGGREGATE(14,6,(Inventory!$G$6:$G$205+(205-ROW(Inventory!$G$6:$G$205))/10000)/(Inventory!$G$6:$G$205>0),28),""),(Inventory!$G$6:$G$205+(205-ROW(Inventory!$G$6:$G$205))/10000),0),""))),"") | B35: =IFERROR(IF(IFERROR(AGGREGATE(14,6,(Inventory!$G$6:$G$205+(205-ROW(Inventory!$G$6:$G$205))/10000)/(Inventory!$G$6:$G$205>0),28),"")="","",INDEX(Inventory!$B$6:$B$205,IFERROR(MATCH(IFERROR(AGGREGATE(14,6,(Inventory!$G$6:$G$205+(205-ROW(Inventory!$G$6:$G$205))/10000)/(Inventory!$G$6:$G$205>0),28),""),(Inventory!$G$6:$G$205+(205-ROW(Inventory!$G$6:$G$205))/10000),0),""))),"") | C35: =IFERROR(IF(IFERROR(AGGREGATE(14,6,(Inventory!$G$6:$G$205+(205-ROW(Inventory!$G$6:$G$205))/10000)/(Inventory!$G$6:$G$205>0),28),"")="","",INDEX(Inventory!$D$6:$D$205,IFERROR(MATCH(IFERROR(AGGREGATE(14,6,(Inventory!$G$6:$G$205+(205-ROW(Inventory!$G$6:$G$205))/10000)/(Inventory!$G$6:$G$205>0),28),""),(Inventory!$G$6:$G$205+(205-ROW(Inventory!$G$6:$G$205))/10000),0),""))),"") | D35: =IFERROR(IF(IFERROR(AGGREGATE(14,6,(Inventory!$G$6:$G$205+(205-ROW(Inventory!$G$6:$G$205))/10000)/(Inventory!$G$6:$G$205>0),28),"")="","",INDEX(Inventory!$H$6:$H$205,IFERROR(MATCH(IFERROR(AGGREGATE(14,6,(Inventory!$G$6:$G$205+(205-ROW(Inventory!$G$6:$G$205))/10000)/(Inventory!$G$6:$G$205>0),28),""),(Inventory!$G$6:$G$205+(205-ROW(Inventory!$G$6:$G$205))/10000),0),""))),"") | E35: =IFERROR(IF(IFERROR(AGGREGATE(14,6,(Inventory!$G$6:$G$205+(205-ROW(Inventory!$G$6:$G$205))/10000)/(Inventory!$G$6:$G$205>0),28),"")="","",INDEX(Inventory!$E$6:$E$205,IFERROR(MATCH(IFERROR(AGGREGATE(14,6,(Inventory!$G$6:$G$205+(205-ROW(Inventory!$G$6:$G$205))/10000)/(Inventory!$G$6:$G$205>0),28),""),(Inventory!$G$6:$G$205+(205-ROW(Inventory!$G$6:$G$205))/10000),0),""))),"") | F35: =IFERROR(IF(IFERROR(AGGREGATE(14,6,(Inventory!$G$6:$G$205+(205-ROW(Inventory!$G$6:$G$205))/10000)/(Inventory!$G$6:$G$205>0),28),"")="","",INDEX(Inventory!$F$6:$F$205,IFERROR(MATCH(IFERROR(AGGREGATE(14,6,(Inventory!$G$6:$G$205+(205-ROW(Inventory!$G$6:$G$205))/10000)/(Inventory!$G$6:$G$205>0),28),""),(Inventory!$G$6:$G$205+(205-ROW(Inventory!$G$6:$G$205))/10000),0),""))),"") | G35: =IFERROR(IF(IFERROR(AGGREGATE(14,6,(Inventory!$G$6:$G$205+(205-ROW(Inventory!$G$6:$G$205))/10000)/(Inventory!$G$6:$G$205>0),28),"")="","",INDEX(Inventory!$G$6:$G$205,IFERROR(MATCH(IFERROR(AGGREGATE(14,6,(Inventory!$G$6:$G$205+(205-ROW(Inventory!$G$6:$G$205))/10000)/(Inventory!$G$6:$G$205>0),28),""),(Inventory!$G$6:$G$205+(205-ROW(Inventory!$G$6:$G$205))/10000),0),""))),"") | H35: =IFERROR(IF(IFERROR(AGGREGATE(14,6,(Inventory!$G$6:$G$205+(205-ROW(Inventory!$G$6:$G$205))/10000)/(Inventory!$G$6:$G$205>0),28),"")="","",INDEX(Inventory!$I$6:$I$205,IFERROR(MATCH(IFERROR(AGGREGATE(14,6,(Inventory!$G$6:$G$205+(205-ROW(Inventory!$G$6:$G$205))/10000)/(Inventory!$G$6:$G$205>0),28),""),(Inventory!$G$6:$G$205+(205-ROW(Inventory!$G$6:$G$205))/10000),0),""))),"") | I35: =IFERROR(IF(IFERROR(AGGREGATE(14,6,(Inventory!$G$6:$G$205+(205-ROW(Inventory!$G$6:$G$205))/10000)/(Inventory!$G$6:$G$205>0),28),"")="","",INDEX(Inventory!$K$6:$K$205,IFERROR(MATCH(IFERROR(AGGREGATE(14,6,(Inventory!$G$6:$G$205+(205-ROW(Inventory!$G$6:$G$205))/10000)/(Inventory!$G$6:$G$205>0),28),""),(Inventory!$G$6:$G$205+(205-ROW(Inventory!$G$6:$G$205))/10000),0),""))),"")
A36: =IFERROR(IF(IFERROR(AGGREGATE(14,6,(Inventory!$G$6:$G$205+(205-ROW(Inventory!$G$6:$G$205))/10000)/(Inventory!$G$6:$G$205>0),29),"")="","",INDEX(Inventory!$A$6:$A$205,IFERROR(MATCH(IFERROR(AGGREGATE(14,6,(Inventory!$G$6:$G$205+(205-ROW(Inventory!$G$6:$G$205))/10000)/(Inventory!$G$6:$G$205>0),29),""),(Inventory!$G$6:$G$205+(205-ROW(Inventory!$G$6:$G$205))/10000),0),""))),"") | B36: =IFERROR(IF(IFERROR(AGGREGATE(14,6,(Inventory!$G$6:$G$205+(205-ROW(Inventory!$G$6:$G$205))/10000)/(Inventory!$G$6:$G$205>0),29),"")="","",INDEX(Inventory!$B$6:$B$205,IFERROR(MATCH(IFERROR(AGGREGATE(14,6,(Inventory!$G$6:$G$205+(205-ROW(Inventory!$G$6:$G$205))/10000)/(Inventory!$G$6:$G$205>0),29),""),(Inventory!$G$6:$G$205+(205-ROW(Inventory!$G$6:$G$205))/10000),0),""))),"") | C36: =IFERROR(IF(IFERROR(AGGREGATE(14,6,(Inventory!$G$6:$G$205+(205-ROW(Inventory!$G$6:$G$205))/10000)/(Inventory!$G$6:$G$205>0),29),"")="","",INDEX(Inventory!$D$6:$D$205,IFERROR(MATCH(IFERROR(AGGREGATE(14,6,(Inventory!$G$6:$G$205+(205-ROW(Inventory!$G$6:$G$205))/10000)/(Inventory!$G$6:$G$205>0),29),""),(Inventory!$G$6:$G$205+(205-ROW(Inventory!$G$6:$G$205))/10000),0),""))),"") | D36: =IFERROR(IF(IFERROR(AGGREGATE(14,6,(Inventory!$G$6:$G$205+(205-ROW(Inventory!$G$6:$G$205))/10000)/(Inventory!$G$6:$G$205>0),29),"")="","",INDEX(Inventory!$H$6:$H$205,IFERROR(MATCH(IFERROR(AGGREGATE(14,6,(Inventory!$G$6:$G$205+(205-ROW(Inventory!$G$6:$G$205))/10000)/(Inventory!$G$6:$G$205>0),29),""),(Inventory!$G$6:$G$205+(205-ROW(Inventory!$G$6:$G$205))/10000),0),""))),"") | E36: =IFERROR(IF(IFERROR(AGGREGATE(14,6,(Inventory!$G$6:$G$205+(205-ROW(Inventory!$G$6:$G$205))/10000)/(Inventory!$G$6:$G$205>0),29),"")="","",INDEX(Inventory!$E$6:$E$205,IFERROR(MATCH(IFERROR(AGGREGATE(14,6,(Inventory!$G$6:$G$205+(205-ROW(Inventory!$G$6:$G$205))/10000)/(Inventory!$G$6:$G$205>0),29),""),(Inventory!$G$6:$G$205+(205-ROW(Inventory!$G$6:$G$205))/10000),0),""))),"") | F36: =IFERROR(IF(IFERROR(AGGREGATE(14,6,(Inventory!$G$6:$G$205+(205-ROW(Inventory!$G$6:$G$205))/10000)/(Inventory!$G$6:$G$205>0),29),"")="","",INDEX(Inventory!$F$6:$F$205,IFERROR(MATCH(IFERROR(AGGREGATE(14,6,(Inventory!$G$6:$G$205+(205-ROW(Inventory!$G$6:$G$205))/10000)/(Inventory!$G$6:$G$205>0),29),""),(Inventory!$G$6:$G$205+(205-ROW(Inventory!$G$6:$G$205))/10000),0),""))),"") | G36: =IFERROR(IF(IFERROR(AGGREGATE(14,6,(Inventory!$G$6:$G$205+(205-ROW(Inventory!$G$6:$G$205))/10000)/(Inventory!$G$6:$G$205>0),29),"")="","",INDEX(Inventory!$G$6:$G$205,IFERROR(MATCH(IFERROR(AGGREGATE(14,6,(Inventory!$G$6:$G$205+(205-ROW(Inventory!$G$6:$G$205))/10000)/(Inventory!$G$6:$G$205>0),29),""),(Inventory!$G$6:$G$205+(205-ROW(Inventory!$G$6:$G$205))/10000),0),""))),"") | H36: =IFERROR(IF(IFERROR(AGGREGATE(14,6,(Inventory!$G$6:$G$205+(205-ROW(Inventory!$G$6:$G$205))/10000)/(Inventory!$G$6:$G$205>0),29),"")="","",INDEX(Inventory!$I$6:$I$205,IFERROR(MATCH(IFERROR(AGGREGATE(14,6,(Inventory!$G$6:$G$205+(205-ROW(Inventory!$G$6:$G$205))/10000)/(Inventory!$G$6:$G$205>0),29),""),(Inventory!$G$6:$G$205+(205-ROW(Inventory!$G$6:$G$205))/10000),0),""))),"") | I36: =IFERROR(IF(IFERROR(AGGREGATE(14,6,(Inventory!$G$6:$G$205+(205-ROW(Inventory!$G$6:$G$205))/10000)/(Inventory!$G$6:$G$205>0),29),"")="","",INDEX(Inventory!$K$6:$K$205,IFERROR(MATCH(IFERROR(AGGREGATE(14,6,(Inventory!$G$6:$G$205+(205-ROW(Inventory!$G$6:$G$205))/10000)/(Inventory!$G$6:$G$205>0),29),""),(Inventory!$G$6:$G$205+(205-ROW(Inventory!$G$6:$G$205))/10000),0),""))),"")
A37: =IFERROR(IF(IFERROR(AGGREGATE(14,6,(Inventory!$G$6:$G$205+(205-ROW(Inventory!$G$6:$G$205))/10000)/(Inventory!$G$6:$G$205>0),30),"")="","",INDEX(Inventory!$A$6:$A$205,IFERROR(MATCH(IFERROR(AGGREGATE(14,6,(Inventory!$G$6:$G$205+(205-ROW(Inventory!$G$6:$G$205))/10000)/(Inventory!$G$6:$G$205>0),30),""),(Inventory!$G$6:$G$205+(205-ROW(Inventory!$G$6:$G$205))/10000),0),""))),"") | B37: =IFERROR(IF(IFERROR(AGGREGATE(14,6,(Inventory!$G$6:$G$205+(205-ROW(Inventory!$G$6:$G$205))/10000)/(Inventory!$G$6:$G$205>0),30),"")="","",INDEX(Inventory!$B$6:$B$205,IFERROR(MATCH(IFERROR(AGGREGATE(14,6,(Inventory!$G$6:$G$205+(205-ROW(Inventory!$G$6:$G$205))/10000)/(Inventory!$G$6:$G$205>0),30),""),(Inventory!$G$6:$G$205+(205-ROW(Inventory!$G$6:$G$205))/10000),0),""))),"") | C37: =IFERROR(IF(IFERROR(AGGREGATE(14,6,(Inventory!$G$6:$G$205+(205-ROW(Inventory!$G$6:$G$205))/10000)/(Inventory!$G$6:$G$205>0),30),"")="","",INDEX(Inventory!$D$6:$D$205,IFERROR(MATCH(IFERROR(AGGREGATE(14,6,(Inventory!$G$6:$G$205+(205-ROW(Inventory!$G$6:$G$205))/10000)/(Inventory!$G$6:$G$205>0),30),""),(Inventory!$G$6:$G$205+(205-ROW(Inventory!$G$6:$G$205))/10000),0),""))),"") | D37: =IFERROR(IF(IFERROR(AGGREGATE(14,6,(Inventory!$G$6:$G$205+(205-ROW(Inventory!$G$6:$G$205))/10000)/(Inventory!$G$6:$G$205>0),30),"")="","",INDEX(Inventory!$H$6:$H$205,IFERROR(MATCH(IFERROR(AGGREGATE(14,6,(Inventory!$G$6:$G$205+(205-ROW(Inventory!$G$6:$G$205))/10000)/(Inventory!$G$6:$G$205>0),30),""),(Inventory!$G$6:$G$205+(205-ROW(Inventory!$G$6:$G$205))/10000),0),""))),"") | E37: =IFERROR(IF(IFERROR(AGGREGATE(14,6,(Inventory!$G$6:$G$205+(205-ROW(Inventory!$G$6:$G$205))/10000)/(Inventory!$G$6:$G$205>0),30),"")="","",INDEX(Inventory!$E$6:$E$205,IFERROR(MATCH(IFERROR(AGGREGATE(14,6,(Inventory!$G$6:$G$205+(205-ROW(Inventory!$G$6:$G$205))/10000)/(Inventory!$G$6:$G$205>0),30),""),(Inventory!$G$6:$G$205+(205-ROW(Inventory!$G$6:$G$205))/10000),0),""))),"") | F37: =IFERROR(IF(IFERROR(AGGREGATE(14,6,(Inventory!$G$6:$G$205+(205-ROW(Inventory!$G$6:$G$205))/10000)/(Inventory!$G$6:$G$205>0),30),"")="","",INDEX(Inventory!$F$6:$F$205,IFERROR(MATCH(IFERROR(AGGREGATE(14,6,(Inventory!$G$6:$G$205+(205-ROW(Inventory!$G$6:$G$205))/10000)/(Inventory!$G$6:$G$205>0),30),""),(Inventory!$G$6:$G$205+(205-ROW(Inventory!$G$6:$G$205))/10000),0),""))),"") | G37: =IFERROR(IF(IFERROR(AGGREGATE(14,6,(Inventory!$G$6:$G$205+(205-ROW(Inventory!$G$6:$G$205))/10000)/(Inventory!$G$6:$G$205>0),30),"")="","",INDEX(Inventory!$G$6:$G$205,IFERROR(MATCH(IFERROR(AGGREGATE(14,6,(Inventory!$G$6:$G$205+(205-ROW(Inventory!$G$6:$G$205))/10000)/(Inventory!$G$6:$G$205>0),30),""),(Inventory!$G$6:$G$205+(205-ROW(Inventory!$G$6:$G$205))/10000),0),""))),"") | H37: =IFERROR(IF(IFERROR(AGGREGATE(14,6,(Inventory!$G$6:$G$205+(205-ROW(Inventory!$G$6:$G$205))/10000)/(Inventory!$G$6:$G$205>0),30),"")="","",INDEX(Inventory!$I$6:$I$205,IFERROR(MATCH(IFERROR(AGGREGATE(14,6,(Inventory!$G$6:$G$205+(205-ROW(Inventory!$G$6:$G$205))/10000)/(Inventory!$G$6:$G$205>0),30),""),(Inventory!$G$6:$G$205+(205-ROW(Inventory!$G$6:$G$205))/10000),0),""))),"") | I37: =IFERROR(IF(IFERROR(AGGREGATE(14,6,(Inventory!$G$6:$G$205+(205-ROW(Inventory!$G$6:$G$205))/10000)/(Inventory!$G$6:$G$205>0),30),"")="","",INDEX(Inventory!$K$6:$K$205,IFERROR(MATCH(IFERROR(AGGREGATE(14,6,(Inventory!$G$6:$G$205+(205-ROW(Inventory!$G$6:$G$205))/10000)/(Inventory!$G$6:$G$205>0),30),""),(Inventory!$G$6:$G$205+(205-ROW(Inventory!$G$6:$G$205))/10000),0),""))),"")
A38: =IFERROR(IF(IFERROR(AGGREGATE(14,6,(Inventory!$G$6:$G$205+(205-ROW(Inventory!$G$6:$G$205))/10000)/(Inventory!$G$6:$G$205>0),31),"")="","",INDEX(Inventory!$A$6:$A$205,IFERROR(MATCH(IFERROR(AGGREGATE(14,6,(Inventory!$G$6:$G$205+(205-ROW(Inventory!$G$6:$G$205))/10000)/(Inventory!$G$6:$G$205>0),31),""),(Inventory!$G$6:$G$205+(205-ROW(Inventory!$G$6:$G$205))/10000),0),""))),"") | B38: =IFERROR(IF(IFERROR(AGGREGATE(14,6,(Inventory!$G$6:$G$205+(205-ROW(Inventory!$G$6:$G$205))/10000)/(Inventory!$G$6:$G$205>0),31),"")="","",INDEX(Inventory!$B$6:$B$205,IFERROR(MATCH(IFERROR(AGGREGATE(14,6,(Inventory!$G$6:$G$205+(205-ROW(Inventory!$G$6:$G$205))/10000)/(Inventory!$G$6:$G$205>0),31),""),(Inventory!$G$6:$G$205+(205-ROW(Inventory!$G$6:$G$205))/10000),0),""))),"") | C38: =IFERROR(IF(IFERROR(AGGREGATE(14,6,(Inventory!$G$6:$G$205+(205-ROW(Inventory!$G$6:$G$205))/10000)/(Inventory!$G$6:$G$205>0),31),"")="","",INDEX(Inventory!$D$6:$D$205,IFERROR(MATCH(IFERROR(AGGREGATE(14,6,(Inventory!$G$6:$G$205+(205-ROW(Inventory!$G$6:$G$205))/10000)/(Inventory!$G$6:$G$205>0),31),""),(Inventory!$G$6:$G$205+(205-ROW(Inventory!$G$6:$G$205))/10000),0),""))),"") | D38: =IFERROR(IF(IFERROR(AGGREGATE(14,6,(Inventory!$G$6:$G$205+(205-ROW(Inventory!$G$6:$G$205))/10000)/(Inventory!$G$6:$G$205>0),31),"")="","",INDEX(Inventory!$H$6:$H$205,IFERROR(MATCH(IFERROR(AGGREGATE(14,6,(Inventory!$G$6:$G$205+(205-ROW(Inventory!$G$6:$G$205))/10000)/(Inventory!$G$6:$G$205>0),31),""),(Inventory!$G$6:$G$205+(205-ROW(Inventory!$G$6:$G$205))/10000),0),""))),"") | E38: =IFERROR(IF(IFERROR(AGGREGATE(14,6,(Inventory!$G$6:$G$205+(205-ROW(Inventory!$G$6:$G$205))/10000)/(Inventory!$G$6:$G$205>0),31),"")="","",INDEX(Inventory!$E$6:$E$205,IFERROR(MATCH(IFERROR(AGGREGATE(14,6,(Inventory!$G$6:$G$205+(205-ROW(Inventory!$G$6:$G$205))/10000)/(Inventory!$G$6:$G$205>0),31),""),(Inventory!$G$6:$G$205+(205-ROW(Inventory!$G$6:$G$205))/10000),0),""))),"") | F38: =IFERROR(IF(IFERROR(AGGREGATE(14,6,(Inventory!$G$6:$G$205+(205-ROW(Inventory!$G$6:$G$205))/10000)/(Inventory!$G$6:$G$205>0),31),"")="","",INDEX(Inventory!$F$6:$F$205,IFERROR(MATCH(IFERROR(AGGREGATE(14,6,(Inventory!$G$6:$G$205+(205-ROW(Inventory!$G$6:$G$205))/10000)/(Inventory!$G$6:$G$205>0),31),""),(Inventory!$G$6:$G$205+(205-ROW(Inventory!$G$6:$G$205))/10000),0),""))),"") | G38: =IFERROR(IF(IFERROR(AGGREGATE(14,6,(Inventory!$G$6:$G$205+(205-ROW(Inventory!$G$6:$G$205))/10000)/(Inventory!$G$6:$G$205>0),31),"")="","",INDEX(Inventory!$G$6:$G$205,IFERROR(MATCH(IFERROR(AGGREGATE(14,6,(Inventory!$G$6:$G$205+(205-ROW(Inventory!$G$6:$G$205))/10000)/(Inventory!$G$6:$G$205>0),31),""),(Inventory!$G$6:$G$205+(205-ROW(Inventory!$G$6:$G$205))/10000),0),""))),"") | H38: =IFERROR(IF(IFERROR(AGGREGATE(14,6,(Inventory!$G$6:$G$205+(205-ROW(Inventory!$G$6:$G$205))/10000)/(Inventory!$G$6:$G$205>0),31),"")="","",INDEX(Inventory!$I$6:$I$205,IFERROR(MATCH(IFERROR(AGGREGATE(14,6,(Inventory!$G$6:$G$205+(205-ROW(Inventory!$G$6:$G$205))/10000)/(Inventory!$G$6:$G$205>0),31),""),(Inventory!$G$6:$G$205+(205-ROW(Inventory!$G$6:$G$205))/10000),0),""))),"") | I38: =IFERROR(IF(IFERROR(AGGREGATE(14,6,(Inventory!$G$6:$G$205+(205-ROW(Inventory!$G$6:$G$205))/10000)/(Inventory!$G$6:$G$205>0),31),"")="","",INDEX(Inventory!$K$6:$K$205,IFERROR(MATCH(IFERROR(AGGREGATE(14,6,(Inventory!$G$6:$G$205+(205-ROW(Inventory!$G$6:$G$205))/10000)/(Inventory!$G$6:$G$205>0),31),""),(Inventory!$G$6:$G$205+(205-ROW(Inventory!$G$6:$G$205))/10000),0),""))),"")
A39: =IFERROR(IF(IFERROR(AGGREGATE(14,6,(Inventory!$G$6:$G$205+(205-ROW(Inventory!$G$6:$G$205))/10000)/(Inventory!$G$6:$G$205>0),32),"")="","",INDEX(Inventory!$A$6:$A$205,IFERROR(MATCH(IFERROR(AGGREGATE(14,6,(Inventory!$G$6:$G$205+(205-ROW(Inventory!$G$6:$G$205))/10000)/(Inventory!$G$6:$G$205>0),32),""),(Inventory!$G$6:$G$205+(205-ROW(Inventory!$G$6:$G$205))/10000),0),""))),"") | B39: =IFERROR(IF(IFERROR(AGGREGATE(14,6,(Inventory!$G$6:$G$205+(205-ROW(Inventory!$G$6:$G$205))/10000)/(Inventory!$G$6:$G$205>0),32),"")="","",INDEX(Inventory!$B$6:$B$205,IFERROR(MATCH(IFERROR(AGGREGATE(14,6,(Inventory!$G$6:$G$205+(205-ROW(Inventory!$G$6:$G$205))/10000)/(Inventory!$G$6:$G$205>0),32),""),(Inventory!$G$6:$G$205+(205-ROW(Inventory!$G$6:$G$205))/10000),0),""))),"") | C39: =IFERROR(IF(IFERROR(AGGREGATE(14,6,(Inventory!$G$6:$G$205+(205-ROW(Inventory!$G$6:$G$205))/10000)/(Inventory!$G$6:$G$205>0),32),"")="","",INDEX(Inventory!$D$6:$D$205,IFERROR(MATCH(IFERROR(AGGREGATE(14,6,(Inventory!$G$6:$G$205+(205-ROW(Inventory!$G$6:$G$205))/10000)/(Inventory!$G$6:$G$205>0),32),""),(Inventory!$G$6:$G$205+(205-ROW(Inventory!$G$6:$G$205))/10000),0),""))),"") | D39: =IFERROR(IF(IFERROR(AGGREGATE(14,6,(Inventory!$G$6:$G$205+(205-ROW(Inventory!$G$6:$G$205))/10000)/(Inventory!$G$6:$G$205>0),32),"")="","",INDEX(Inventory!$H$6:$H$205,IFERROR(MATCH(IFERROR(AGGREGATE(14,6,(Inventory!$G$6:$G$205+(205-ROW(Inventory!$G$6:$G$205))/10000)/(Inventory!$G$6:$G$205>0),32),""),(Inventory!$G$6:$G$205+(205-ROW(Inventory!$G$6:$G$205))/10000),0),""))),"") | E39: =IFERROR(IF(IFERROR(AGGREGATE(14,6,(Inventory!$G$6:$G$205+(205-ROW(Inventory!$G$6:$G$205))/10000)/(Inventory!$G$6:$G$205>0),32),"")="","",INDEX(Inventory!$E$6:$E$205,IFERROR(MATCH(IFERROR(AGGREGATE(14,6,(Inventory!$G$6:$G$205+(205-ROW(Inventory!$G$6:$G$205))/10000)/(Inventory!$G$6:$G$205>0),32),""),(Inventory!$G$6:$G$205+(205-ROW(Inventory!$G$6:$G$205))/10000),0),""))),"") | F39: =IFERROR(IF(IFERROR(AGGREGATE(14,6,(Inventory!$G$6:$G$205+(205-ROW(Inventory!$G$6:$G$205))/10000)/(Inventory!$G$6:$G$205>0),32),"")="","",INDEX(Inventory!$F$6:$F$205,IFERROR(MATCH(IFERROR(AGGREGATE(14,6,(Inventory!$G$6:$G$205+(205-ROW(Inventory!$G$6:$G$205))/10000)/(Inventory!$G$6:$G$205>0),32),""),(Inventory!$G$6:$G$205+(205-ROW(Inventory!$G$6:$G$205))/10000),0),""))),"") | G39: =IFERROR(IF(IFERROR(AGGREGATE(14,6,(Inventory!$G$6:$G$205+(205-ROW(Inventory!$G$6:$G$205))/10000)/(Inventory!$G$6:$G$205>0),32),"")="","",INDEX(Inventory!$G$6:$G$205,IFERROR(MATCH(IFERROR(AGGREGATE(14,6,(Inventory!$G$6:$G$205+(205-ROW(Inventory!$G$6:$G$205))/10000)/(Inventory!$G$6:$G$205>0),32),""),(Inventory!$G$6:$G$205+(205-ROW(Inventory!$G$6:$G$205))/10000),0),""))),"") | H39: =IFERROR(IF(IFERROR(AGGREGATE(14,6,(Inventory!$G$6:$G$205+(205-ROW(Inventory!$G$6:$G$205))/10000)/(Inventory!$G$6:$G$205>0),32),"")="","",INDEX(Inventory!$I$6:$I$205,IFERROR(MATCH(IFERROR(AGGREGATE(14,6,(Inventory!$G$6:$G$205+(205-ROW(Inventory!$G$6:$G$205))/10000)/(Inventory!$G$6:$G$205>0),32),""),(Inventory!$G$6:$G$205+(205-ROW(Inventory!$G$6:$G$205))/10000),0),""))),"") | I39: =IFERROR(IF(IFERROR(AGGREGATE(14,6,(Inventory!$G$6:$G$205+(205-ROW(Inventory!$G$6:$G$205))/10000)/(Inventory!$G$6:$G$205>0),32),"")="","",INDEX(Inventory!$K$6:$K$205,IFERROR(MATCH(IFERROR(AGGREGATE(14,6,(Inventory!$G$6:$G$205+(205-ROW(Inventory!$G$6:$G$205))/10000)/(Inventory!$G$6:$G$205>0),32),""),(Inventory!$G$6:$G$205+(205-ROW(Inventory!$G$6:$G$205))/10000),0),""))),"")
A40: =IFERROR(IF(IFERROR(AGGREGATE(14,6,(Inventory!$G$6:$G$205+(205-ROW(Inventory!$G$6:$G$205))/10000)/(Inventory!$G$6:$G$205>0),33),"")="","",INDEX(Inventory!$A$6:$A$205,IFERROR(MATCH(IFERROR(AGGREGATE(14,6,(Inventory!$G$6:$G$205+(205-ROW(Inventory!$G$6:$G$205))/10000)/(Inventory!$G$6:$G$205>0),33),""),(Inventory!$G$6:$G$205+(205-ROW(Inventory!$G$6:$G$205))/10000),0),""))),"") | B40: =IFERROR(IF(IFERROR(AGGREGATE(14,6,(Inventory!$G$6:$G$205+(205-ROW(Inventory!$G$6:$G$205))/10000)/(Inventory!$G$6:$G$205>0),33),"")="","",INDEX(Inventory!$B$6:$B$205,IFERROR(MATCH(IFERROR(AGGREGATE(14,6,(Inventory!$G$6:$G$205+(205-ROW(Inventory!$G$6:$G$205))/10000)/(Inventory!$G$6:$G$205>0),33),""),(Inventory!$G$6:$G$205+(205-ROW(Inventory!$G$6:$G$205))/10000),0),""))),"") | C40: =IFERROR(IF(IFERROR(AGGREGATE(14,6,(Inventory!$G$6:$G$205+(205-ROW(Inventory!$G$6:$G$205))/10000)/(Inventory!$G$6:$G$205>0),33),"")="","",INDEX(Inventory!$D$6:$D$205,IFERROR(MATCH(IFERROR(AGGREGATE(14,6,(Inventory!$G$6:$G$205+(205-ROW(Inventory!$G$6:$G$205))/10000)/(Inventory!$G$6:$G$205>0),33),""),(Inventory!$G$6:$G$205+(205-ROW(Inventory!$G$6:$G$205))/10000),0),""))),"") | D40: =IFERROR(IF(IFERROR(AGGREGATE(14,6,(Inventory!$G$6:$G$205+(205-ROW(Inventory!$G$6:$G$205))/10000)/(Inventory!$G$6:$G$205>0),33),"")="","",INDEX(Inventory!$H$6:$H$205,IFERROR(MATCH(IFERROR(AGGREGATE(14,6,(Inventory!$G$6:$G$205+(205-ROW(Inventory!$G$6:$G$205))/10000)/(Inventory!$G$6:$G$205>0),33),""),(Inventory!$G$6:$G$205+(205-ROW(Inventory!$G$6:$G$205))/10000),0),""))),"") | E40: =IFERROR(IF(IFERROR(AGGREGATE(14,6,(Inventory!$G$6:$G$205+(205-ROW(Inventory!$G$6:$G$205))/10000)/(Inventory!$G$6:$G$205>0),33),"")="","",INDEX(Inventory!$E$6:$E$205,IFERROR(MATCH(IFERROR(AGGREGATE(14,6,(Inventory!$G$6:$G$205+(205-ROW(Inventory!$G$6:$G$205))/10000)/(Inventory!$G$6:$G$205>0),33),""),(Inventory!$G$6:$G$205+(205-ROW(Inventory!$G$6:$G$205))/10000),0),""))),"") | F40: =IFERROR(IF(IFERROR(AGGREGATE(14,6,(Inventory!$G$6:$G$205+(205-ROW(Inventory!$G$6:$G$205))/10000)/(Inventory!$G$6:$G$205>0),33),"")="","",INDEX(Inventory!$F$6:$F$205,IFERROR(MATCH(IFERROR(AGGREGATE(14,6,(Inventory!$G$6:$G$205+(205-ROW(Inventory!$G$6:$G$205))/10000)/(Inventory!$G$6:$G$205>0),33),""),(Inventory!$G$6:$G$205+(205-ROW(Inventory!$G$6:$G$205))/10000),0),""))),"") | G40: =IFERROR(IF(IFERROR(AGGREGATE(14,6,(Inventory!$G$6:$G$205+(205-ROW(Inventory!$G$6:$G$205))/10000)/(Inventory!$G$6:$G$205>0),33),"")="","",INDEX(Inventory!$G$6:$G$205,IFERROR(MATCH(IFERROR(AGGREGATE(14,6,(Inventory!$G$6:$G$205+(205-ROW(Inventory!$G$6:$G$205))/10000)/(Inventory!$G$6:$G$205>0),33),""),(Inventory!$G$6:$G$205+(205-ROW(Inventory!$G$6:$G$205))/10000),0),""))),"") | H40: =IFERROR(IF(IFERROR(AGGREGATE(14,6,(Inventory!$G$6:$G$205+(205-ROW(Inventory!$G$6:$G$205))/10000)/(Inventory!$G$6:$G$205>0),33),"")="","",INDEX(Inventory!$I$6:$I$205,IFERROR(MATCH(IFERROR(AGGREGATE(14,6,(Inventory!$G$6:$G$205+(205-ROW(Inventory!$G$6:$G$205))/10000)/(Inventory!$G$6:$G$205>0),33),""),(Inventory!$G$6:$G$205+(205-ROW(Inventory!$G$6:$G$205))/10000),0),""))),"") | I40: =IFERROR(IF(IFERROR(AGGREGATE(14,6,(Inventory!$G$6:$G$205+(205-ROW(Inventory!$G$6:$G$205))/10000)/(Inventory!$G$6:$G$205>0),33),"")="","",INDEX(Inventory!$K$6:$K$205,IFERROR(MATCH(IFERROR(AGGREGATE(14,6,(Inventory!$G$6:$G$205+(205-ROW(Inventory!$G$6:$G$205))/10000)/(Inventory!$G$6:$G$205>0),33),""),(Inventory!$G$6:$G$205+(205-ROW(Inventory!$G$6:$G$205))/10000),0),""))),"")
A41: =IFERROR(IF(IFERROR(AGGREGATE(14,6,(Inventory!$G$6:$G$205+(205-ROW(Inventory!$G$6:$G$205))/10000)/(Inventory!$G$6:$G$205>0),34),"")="","",INDEX(Inventory!$A$6:$A$205,IFERROR(MATCH(IFERROR(AGGREGATE(14,6,(Inventory!$G$6:$G$205+(205-ROW(Inventory!$G$6:$G$205))/10000)/(Inventory!$G$6:$G$205>0),34),""),(Inventory!$G$6:$G$205+(205-ROW(Inventory!$G$6:$G$205))/10000),0),""))),"") | B41: =IFERROR(IF(IFERROR(AGGREGATE(14,6,(Inventory!$G$6:$G$205+(205-ROW(Inventory!$G$6:$G$205))/10000)/(Inventory!$G$6:$G$205>0),34),"")="","",INDEX(Inventory!$B$6:$B$205,IFERROR(MATCH(IFERROR(AGGREGATE(14,6,(Inventory!$G$6:$G$205+(205-ROW(Inventory!$G$6:$G$205))/10000)/(Inventory!$G$6:$G$205>0),34),""),(Inventory!$G$6:$G$205+(205-ROW(Inventory!$G$6:$G$205))/10000),0),""))),"") | C41: =IFERROR(IF(IFERROR(AGGREGATE(14,6,(Inventory!$G$6:$G$205+(205-ROW(Inventory!$G$6:$G$205))/10000)/(Inventory!$G$6:$G$205>0),34),"")="","",INDEX(Inventory!$D$6:$D$205,IFERROR(MATCH(IFERROR(AGGREGATE(14,6,(Inventory!$G$6:$G$205+(205-ROW(Inventory!$G$6:$G$205))/10000)/(Inventory!$G$6:$G$205>0),34),""),(Inventory!$G$6:$G$205+(205-ROW(Inventory!$G$6:$G$205))/10000),0),""))),"") | D41: =IFERROR(IF(IFERROR(AGGREGATE(14,6,(Inventory!$G$6:$G$205+(205-ROW(Inventory!$G$6:$G$205))/10000)/(Inventory!$G$6:$G$205>0),34),"")="","",INDEX(Inventory!$H$6:$H$205,IFERROR(MATCH(IFERROR(AGGREGATE(14,6,(Inventory!$G$6:$G$205+(205-ROW(Inventory!$G$6:$G$205))/10000)/(Inventory!$G$6:$G$205>0),34),""),(Inventory!$G$6:$G$205+(205-ROW(Inventory!$G$6:$G$205))/10000),0),""))),"") | E41: =IFERROR(IF(IFERROR(AGGREGATE(14,6,(Inventory!$G$6:$G$205+(205-ROW(Inventory!$G$6:$G$205))/10000)/(Inventory!$G$6:$G$205>0),34),"")="","",INDEX(Inventory!$E$6:$E$205,IFERROR(MATCH(IFERROR(AGGREGATE(14,6,(Inventory!$G$6:$G$205+(205-ROW(Inventory!$G$6:$G$205))/10000)/(Inventory!$G$6:$G$205>0),34),""),(Inventory!$G$6:$G$205+(205-ROW(Inventory!$G$6:$G$205))/10000),0),""))),"") | F41: =IFERROR(IF(IFERROR(AGGREGATE(14,6,(Inventory!$G$6:$G$205+(205-ROW(Inventory!$G$6:$G$205))/10000)/(Inventory!$G$6:$G$205>0),34),"")="","",INDEX(Inventory!$F$6:$F$205,IFERROR(MATCH(IFERROR(AGGREGATE(14,6,(Inventory!$G$6:$G$205+(205-ROW(Inventory!$G$6:$G$205))/10000)/(Inventory!$G$6:$G$205>0),34),""),(Inventory!$G$6:$G$205+(205-ROW(Inventory!$G$6:$G$205))/10000),0),""))),"") | G41: =IFERROR(IF(IFERROR(AGGREGATE(14,6,(Inventory!$G$6:$G$205+(205-ROW(Inventory!$G$6:$G$205))/10000)/(Inventory!$G$6:$G$205>0),34),"")="","",INDEX(Inventory!$G$6:$G$205,IFERROR(MATCH(IFERROR(AGGREGATE(14,6,(Inventory!$G$6:$G$205+(205-ROW(Inventory!$G$6:$G$205))/10000)/(Inventory!$G$6:$G$205>0),34),""),(Inventory!$G$6:$G$205+(205-ROW(Inventory!$G$6:$G$205))/10000),0),""))),"") | H41: =IFERROR(IF(IFERROR(AGGREGATE(14,6,(Inventory!$G$6:$G$205+(205-ROW(Inventory!$G$6:$G$205))/10000)/(Inventory!$G$6:$G$205>0),34),"")="","",INDEX(Inventory!$I$6:$I$205,IFERROR(MATCH(IFERROR(AGGREGATE(14,6,(Inventory!$G$6:$G$205+(205-ROW(Inventory!$G$6:$G$205))/10000)/(Inventory!$G$6:$G$205>0),34),""),(Inventory!$G$6:$G$205+(205-ROW(Inventory!$G$6:$G$205))/10000),0),""))),"") | I41: =IFERROR(IF(IFERROR(AGGREGATE(14,6,(Inventory!$G$6:$G$205+(205-ROW(Inventory!$G$6:$G$205))/10000)/(Inventory!$G$6:$G$205>0),34),"")="","",INDEX(Inventory!$K$6:$K$205,IFERROR(MATCH(IFERROR(AGGREGATE(14,6,(Inventory!$G$6:$G$205+(205-ROW(Inventory!$G$6:$G$205))/10000)/(Inventory!$G$6:$G$205>0),34),""),(Inventory!$G$6:$G$205+(205-ROW(Inventory!$G$6:$G$205))/10000),0),""))),"")
A42: =IFERROR(IF(IFERROR(AGGREGATE(14,6,(Inventory!$G$6:$G$205+(205-ROW(Inventory!$G$6:$G$205))/10000)/(Inventory!$G$6:$G$205>0),35),"")="","",INDEX(Inventory!$A$6:$A$205,IFERROR(MATCH(IFERROR(AGGREGATE(14,6,(Inventory!$G$6:$G$205+(205-ROW(Inventory!$G$6:$G$205))/10000)/(Inventory!$G$6:$G$205>0),35),""),(Inventory!$G$6:$G$205+(205-ROW(Inventory!$G$6:$G$205))/10000),0),""))),"") | B42: =IFERROR(IF(IFERROR(AGGREGATE(14,6,(Inventory!$G$6:$G$205+(205-ROW(Inventory!$G$6:$G$205))/10000)/(Inventory!$G$6:$G$205>0),35),"")="","",INDEX(Inventory!$B$6:$B$205,IFERROR(MATCH(IFERROR(AGGREGATE(14,6,(Inventory!$G$6:$G$205+(205-ROW(Inventory!$G$6:$G$205))/10000)/(Inventory!$G$6:$G$205>0),35),""),(Inventory!$G$6:$G$205+(205-ROW(Inventory!$G$6:$G$205))/10000),0),""))),"") | C42: =IFERROR(IF(IFERROR(AGGREGATE(14,6,(Inventory!$G$6:$G$205+(205-ROW(Inventory!$G$6:$G$205))/10000)/(Inventory!$G$6:$G$205>0),35),"")="","",INDEX(Inventory!$D$6:$D$205,IFERROR(MATCH(IFERROR(AGGREGATE(14,6,(Inventory!$G$6:$G$205+(205-ROW(Inventory!$G$6:$G$205))/10000)/(Inventory!$G$6:$G$205>0),35),""),(Inventory!$G$6:$G$205+(205-ROW(Inventory!$G$6:$G$205))/10000),0),""))),"") | D42: =IFERROR(IF(IFERROR(AGGREGATE(14,6,(Inventory!$G$6:$G$205+(205-ROW(Inventory!$G$6:$G$205))/10000)/(Inventory!$G$6:$G$205>0),35),"")="","",INDEX(Inventory!$H$6:$H$205,IFERROR(MATCH(IFERROR(AGGREGATE(14,6,(Inventory!$G$6:$G$205+(205-ROW(Inventory!$G$6:$G$205))/10000)/(Inventory!$G$6:$G$205>0),35),""),(Inventory!$G$6:$G$205+(205-ROW(Inventory!$G$6:$G$205))/10000),0),""))),"") | E42: =IFERROR(IF(IFERROR(AGGREGATE(14,6,(Inventory!$G$6:$G$205+(205-ROW(Inventory!$G$6:$G$205))/10000)/(Inventory!$G$6:$G$205>0),35),"")="","",INDEX(Inventory!$E$6:$E$205,IFERROR(MATCH(IFERROR(AGGREGATE(14,6,(Inventory!$G$6:$G$205+(205-ROW(Inventory!$G$6:$G$205))/10000)/(Inventory!$G$6:$G$205>0),35),""),(Inventory!$G$6:$G$205+(205-ROW(Inventory!$G$6:$G$205))/10000),0),""))),"") | F42: =IFERROR(IF(IFERROR(AGGREGATE(14,6,(Inventory!$G$6:$G$205+(205-ROW(Inventory!$G$6:$G$205))/10000)/(Inventory!$G$6:$G$205>0),35),"")="","",INDEX(Inventory!$F$6:$F$205,IFERROR(MATCH(IFERROR(AGGREGATE(14,6,(Inventory!$G$6:$G$205+(205-ROW(Inventory!$G$6:$G$205))/10000)/(Inventory!$G$6:$G$205>0),35),""),(Inventory!$G$6:$G$205+(205-ROW(Inventory!$G$6:$G$205))/10000),0),""))),"") | G42: =IFERROR(IF(IFERROR(AGGREGATE(14,6,(Inventory!$G$6:$G$205+(205-ROW(Inventory!$G$6:$G$205))/10000)/(Inventory!$G$6:$G$205>0),35),"")="","",INDEX(Inventory!$G$6:$G$205,IFERROR(MATCH(IFERROR(AGGREGATE(14,6,(Inventory!$G$6:$G$205+(205-ROW(Inventory!$G$6:$G$205))/10000)/(Inventory!$G$6:$G$205>0),35),""),(Inventory!$G$6:$G$205+(205-ROW(Inventory!$G$6:$G$205))/10000),0),""))),"") | H42: =IFERROR(IF(IFERROR(AGGREGATE(14,6,(Inventory!$G$6:$G$205+(205-ROW(Inventory!$G$6:$G$205))/10000)/(Inventory!$G$6:$G$205>0),35),"")="","",INDEX(Inventory!$I$6:$I$205,IFERROR(MATCH(IFERROR(AGGREGATE(14,6,(Inventory!$G$6:$G$205+(205-ROW(Inventory!$G$6:$G$205))/10000)/(Inventory!$G$6:$G$205>0),35),""),(Inventory!$G$6:$G$205+(205-ROW(Inventory!$G$6:$G$205))/10000),0),""))),"") | I42: =IFERROR(IF(IFERROR(AGGREGATE(14,6,(Inventory!$G$6:$G$205+(205-ROW(Inventory!$G$6:$G$205))/10000)/(Inventory!$G$6:$G$205>0),35),"")="","",INDEX(Inventory!$K$6:$K$205,IFERROR(MATCH(IFERROR(AGGREGATE(14,6,(Inventory!$G$6:$G$205+(205-ROW(Inventory!$G$6:$G$205))/10000)/(Inventory!$G$6:$G$205>0),35),""),(Inventory!$G$6:$G$205+(205-ROW(Inventory!$G$6:$G$205))/10000),0),""))),"")
A43: =IFERROR(IF(IFERROR(AGGREGATE(14,6,(Inventory!$G$6:$G$205+(205-ROW(Inventory!$G$6:$G$205))/10000)/(Inventory!$G$6:$G$205>0),36),"")="","",INDEX(Inventory!$A$6:$A$205,IFERROR(MATCH(IFERROR(AGGREGATE(14,6,(Inventory!$G$6:$G$205+(205-ROW(Inventory!$G$6:$G$205))/10000)/(Inventory!$G$6:$G$205>0),36),""),(Inventory!$G$6:$G$205+(205-ROW(Inventory!$G$6:$G$205))/10000),0),""))),"") | B43: =IFERROR(IF(IFERROR(AGGREGATE(14,6,(Inventory!$G$6:$G$205+(205-ROW(Inventory!$G$6:$G$205))/10000)/(Inventory!$G$6:$G$205>0),36),"")="","",INDEX(Inventory!$B$6:$B$205,IFERROR(MATCH(IFERROR(AGGREGATE(14,6,(Inventory!$G$6:$G$205+(205-ROW(Inventory!$G$6:$G$205))/10000)/(Inventory!$G$6:$G$205>0),36),""),(Inventory!$G$6:$G$205+(205-ROW(Inventory!$G$6:$G$205))/10000),0),""))),"") | C43: =IFERROR(IF(IFERROR(AGGREGATE(14,6,(Inventory!$G$6:$G$205+(205-ROW(Inventory!$G$6:$G$205))/10000)/(Inventory!$G$6:$G$205>0),36),"")="","",INDEX(Inventory!$D$6:$D$205,IFERROR(MATCH(IFERROR(AGGREGATE(14,6,(Inventory!$G$6:$G$205+(205-ROW(Inventory!$G$6:$G$205))/10000)/(Inventory!$G$6:$G$205>0),36),""),(Inventory!$G$6:$G$205+(205-ROW(Inventory!$G$6:$G$205))/10000),0),""))),"") | D43: =IFERROR(IF(IFERROR(AGGREGATE(14,6,(Inventory!$G$6:$G$205+(205-ROW(Inventory!$G$6:$G$205))/10000)/(Inventory!$G$6:$G$205>0),36),"")="","",INDEX(Inventory!$H$6:$H$205,IFERROR(MATCH(IFERROR(AGGREGATE(14,6,(Inventory!$G$6:$G$205+(205-ROW(Inventory!$G$6:$G$205))/10000)/(Inventory!$G$6:$G$205>0),36),""),(Inventory!$G$6:$G$205+(205-ROW(Inventory!$G$6:$G$205))/10000),0),""))),"") | E43: =IFERROR(IF(IFERROR(AGGREGATE(14,6,(Inventory!$G$6:$G$205+(205-ROW(Inventory!$G$6:$G$205))/10000)/(Inventory!$G$6:$G$205>0),36),"")="","",INDEX(Inventory!$E$6:$E$205,IFERROR(MATCH(IFERROR(AGGREGATE(14,6,(Inventory!$G$6:$G$205+(205-ROW(Inventory!$G$6:$G$205))/10000)/(Inventory!$G$6:$G$205>0),36),""),(Inventory!$G$6:$G$205+(205-ROW(Inventory!$G$6:$G$205))/10000),0),""))),"") | F43: =IFERROR(IF(IFERROR(AGGREGATE(14,6,(Inventory!$G$6:$G$205+(205-ROW(Inventory!$G$6:$G$205))/10000)/(Inventory!$G$6:$G$205>0),36),"")="","",INDEX(Inventory!$F$6:$F$205,IFERROR(MATCH(IFERROR(AGGREGATE(14,6,(Inventory!$G$6:$G$205+(205-ROW(Inventory!$G$6:$G$205))/10000)/(Inventory!$G$6:$G$205>0),36),""),(Inventory!$G$6:$G$205+(205-ROW(Inventory!$G$6:$G$205))/10000),0),""))),"") | G43: =IFERROR(IF(IFERROR(AGGREGATE(14,6,(Inventory!$G$6:$G$205+(205-ROW(Inventory!$G$6:$G$205))/10000)/(Inventory!$G$6:$G$205>0),36),"")="","",INDEX(Inventory!$G$6:$G$205,IFERROR(MATCH(IFERROR(AGGREGATE(14,6,(Inventory!$G$6:$G$205+(205-ROW(Inventory!$G$6:$G$205))/10000)/(Inventory!$G$6:$G$205>0),36),""),(Inventory!$G$6:$G$205+(205-ROW(Inventory!$G$6:$G$205))/10000),0),""))),"") | H43: =IFERROR(IF(IFERROR(AGGREGATE(14,6,(Inventory!$G$6:$G$205+(205-ROW(Inventory!$G$6:$G$205))/10000)/(Inventory!$G$6:$G$205>0),36),"")="","",INDEX(Inventory!$I$6:$I$205,IFERROR(MATCH(IFERROR(AGGREGATE(14,6,(Inventory!$G$6:$G$205+(205-ROW(Inventory!$G$6:$G$205))/10000)/(Inventory!$G$6:$G$205>0),36),""),(Inventory!$G$6:$G$205+(205-ROW(Inventory!$G$6:$G$205))/10000),0),""))),"") | I43: =IFERROR(IF(IFERROR(AGGREGATE(14,6,(Inventory!$G$6:$G$205+(205-ROW(Inventory!$G$6:$G$205))/10000)/(Inventory!$G$6:$G$205>0),36),"")="","",INDEX(Inventory!$K$6:$K$205,IFERROR(MATCH(IFERROR(AGGREGATE(14,6,(Inventory!$G$6:$G$205+(205-ROW(Inventory!$G$6:$G$205))/10000)/(Inventory!$G$6:$G$205>0),36),""),(Inventory!$G$6:$G$205+(205-ROW(Inventory!$G$6:$G$205))/10000),0),""))),"")
A44: =IFERROR(IF(IFERROR(AGGREGATE(14,6,(Inventory!$G$6:$G$205+(205-ROW(Inventory!$G$6:$G$205))/10000)/(Inventory!$G$6:$G$205>0),37),"")="","",INDEX(Inventory!$A$6:$A$205,IFERROR(MATCH(IFERROR(AGGREGATE(14,6,(Inventory!$G$6:$G$205+(205-ROW(Inventory!$G$6:$G$205))/10000)/(Inventory!$G$6:$G$205>0),37),""),(Inventory!$G$6:$G$205+(205-ROW(Inventory!$G$6:$G$205))/10000),0),""))),"") | B44: =IFERROR(IF(IFERROR(AGGREGATE(14,6,(Inventory!$G$6:$G$205+(205-ROW(Inventory!$G$6:$G$205))/10000)/(Inventory!$G$6:$G$205>0),37),"")="","",INDEX(Inventory!$B$6:$B$205,IFERROR(MATCH(IFERROR(AGGREGATE(14,6,(Inventory!$G$6:$G$205+(205-ROW(Inventory!$G$6:$G$205))/10000)/(Inventory!$G$6:$G$205>0),37),""),(Inventory!$G$6:$G$205+(205-ROW(Inventory!$G$6:$G$205))/10000),0),""))),"") | C44: =IFERROR(IF(IFERROR(AGGREGATE(14,6,(Inventory!$G$6:$G$205+(205-ROW(Inventory!$G$6:$G$205))/10000)/(Inventory!$G$6:$G$205>0),37),"")="","",INDEX(Inventory!$D$6:$D$205,IFERROR(MATCH(IFERROR(AGGREGATE(14,6,(Inventory!$G$6:$G$205+(205-ROW(Inventory!$G$6:$G$205))/10000)/(Inventory!$G$6:$G$205>0),37),""),(Inventory!$G$6:$G$205+(205-ROW(Inventory!$G$6:$G$205))/10000),0),""))),"") | D44: =IFERROR(IF(IFERROR(AGGREGATE(14,6,(Inventory!$G$6:$G$205+(205-ROW(Inventory!$G$6:$G$205))/10000)/(Inventory!$G$6:$G$205>0),37),"")="","",INDEX(Inventory!$H$6:$H$205,IFERROR(MATCH(IFERROR(AGGREGATE(14,6,(Inventory!$G$6:$G$205+(205-ROW(Inventory!$G$6:$G$205))/10000)/(Inventory!$G$6:$G$205>0),37),""),(Inventory!$G$6:$G$205+(205-ROW(Inventory!$G$6:$G$205))/10000),0),""))),"") | E44: =IFERROR(IF(IFERROR(AGGREGATE(14,6,(Inventory!$G$6:$G$205+(205-ROW(Inventory!$G$6:$G$205))/10000)/(Inventory!$G$6:$G$205>0),37),"")="","",INDEX(Inventory!$E$6:$E$205,IFERROR(MATCH(IFERROR(AGGREGATE(14,6,(Inventory!$G$6:$G$205+(205-ROW(Inventory!$G$6:$G$205))/10000)/(Inventory!$G$6:$G$205>0),37),""),(Inventory!$G$6:$G$205+(205-ROW(Inventory!$G$6:$G$205))/10000),0),""))),"") | F44: =IFERROR(IF(IFERROR(AGGREGATE(14,6,(Inventory!$G$6:$G$205+(205-ROW(Inventory!$G$6:$G$205))/10000)/(Inventory!$G$6:$G$205>0),37),"")="","",INDEX(Inventory!$F$6:$F$205,IFERROR(MATCH(IFERROR(AGGREGATE(14,6,(Inventory!$G$6:$G$205+(205-ROW(Inventory!$G$6:$G$205))/10000)/(Inventory!$G$6:$G$205>0),37),""),(Inventory!$G$6:$G$205+(205-ROW(Inventory!$G$6:$G$205))/10000),0),""))),"") | G44: =IFERROR(IF(IFERROR(AGGREGATE(14,6,(Inventory!$G$6:$G$205+(205-ROW(Inventory!$G$6:$G$205))/10000)/(Inventory!$G$6:$G$205>0),37),"")="","",INDEX(Inventory!$G$6:$G$205,IFERROR(MATCH(IFERROR(AGGREGATE(14,6,(Inventory!$G$6:$G$205+(205-ROW(Inventory!$G$6:$G$205))/10000)/(Inventory!$G$6:$G$205>0),37),""),(Inventory!$G$6:$G$205+(205-ROW(Inventory!$G$6:$G$205))/10000),0),""))),"") | H44: =IFERROR(IF(IFERROR(AGGREGATE(14,6,(Inventory!$G$6:$G$205+(205-ROW(Inventory!$G$6:$G$205))/10000)/(Inventory!$G$6:$G$205>0),37),"")="","",INDEX(Inventory!$I$6:$I$205,IFERROR(MATCH(IFERROR(AGGREGATE(14,6,(Inventory!$G$6:$G$205+(205-ROW(Inventory!$G$6:$G$205))/10000)/(Inventory!$G$6:$G$205>0),37),""),(Inventory!$G$6:$G$205+(205-ROW(Inventory!$G$6:$G$205))/10000),0),""))),"") | I44: =IFERROR(IF(IFERROR(AGGREGATE(14,6,(Inventory!$G$6:$G$205+(205-ROW(Inventory!$G$6:$G$205))/10000)/(Inventory!$G$6:$G$205>0),37),"")="","",INDEX(Inventory!$K$6:$K$205,IFERROR(MATCH(IFERROR(AGGREGATE(14,6,(Inventory!$G$6:$G$205+(205-ROW(Inventory!$G$6:$G$205))/10000)/(Inventory!$G$6:$G$205>0),37),""),(Inventory!$G$6:$G$205+(205-ROW(Inventory!$G$6:$G$205))/10000),0),""))),"")
A45: =IFERROR(IF(IFERROR(AGGREGATE(14,6,(Inventory!$G$6:$G$205+(205-ROW(Inventory!$G$6:$G$205))/10000)/(Inventory!$G$6:$G$205>0),38),"")="","",INDEX(Inventory!$A$6:$A$205,IFERROR(MATCH(IFERROR(AGGREGATE(14,6,(Inventory!$G$6:$G$205+(205-ROW(Inventory!$G$6:$G$205))/10000)/(Inventory!$G$6:$G$205>0),38),""),(Inventory!$G$6:$G$205+(205-ROW(Inventory!$G$6:$G$205))/10000),0),""))),"") | B45: =IFERROR(IF(IFERROR(AGGREGATE(14,6,(Inventory!$G$6:$G$205+(205-ROW(Inventory!$G$6:$G$205))/10000)/(Inventory!$G$6:$G$205>0),38),"")="","",INDEX(Inventory!$B$6:$B$205,IFERROR(MATCH(IFERROR(AGGREGATE(14,6,(Inventory!$G$6:$G$205+(205-ROW(Inventory!$G$6:$G$205))/10000)/(Inventory!$G$6:$G$205>0),38),""),(Inventory!$G$6:$G$205+(205-ROW(Inventory!$G$6:$G$205))/10000),0),""))),"") | C45: =IFERROR(IF(IFERROR(AGGREGATE(14,6,(Inventory!$G$6:$G$205+(205-ROW(Inventory!$G$6:$G$205))/10000)/(Inventory!$G$6:$G$205>0),38),"")="","",INDEX(Inventory!$D$6:$D$205,IFERROR(MATCH(IFERROR(AGGREGATE(14,6,(Inventory!$G$6:$G$205+(205-ROW(Inventory!$G$6:$G$205))/10000)/(Inventory!$G$6:$G$205>0),38),""),(Inventory!$G$6:$G$205+(205-ROW(Inventory!$G$6:$G$205))/10000),0),""))),"") | D45: =IFERROR(IF(IFERROR(AGGREGATE(14,6,(Inventory!$G$6:$G$205+(205-ROW(Inventory!$G$6:$G$205))/10000)/(Inventory!$G$6:$G$205>0),38),"")="","",INDEX(Inventory!$H$6:$H$205,IFERROR(MATCH(IFERROR(AGGREGATE(14,6,(Inventory!$G$6:$G$205+(205-ROW(Inventory!$G$6:$G$205))/10000)/(Inventory!$G$6:$G$205>0),38),""),(Inventory!$G$6:$G$205+(205-ROW(Inventory!$G$6:$G$205))/10000),0),""))),"") | E45: =IFERROR(IF(IFERROR(AGGREGATE(14,6,(Inventory!$G$6:$G$205+(205-ROW(Inventory!$G$6:$G$205))/10000)/(Inventory!$G$6:$G$205>0),38),"")="","",INDEX(Inventory!$E$6:$E$205,IFERROR(MATCH(IFERROR(AGGREGATE(14,6,(Inventory!$G$6:$G$205+(205-ROW(Inventory!$G$6:$G$205))/10000)/(Inventory!$G$6:$G$205>0),38),""),(Inventory!$G$6:$G$205+(205-ROW(Inventory!$G$6:$G$205))/10000),0),""))),"") | F45: =IFERROR(IF(IFERROR(AGGREGATE(14,6,(Inventory!$G$6:$G$205+(205-ROW(Inventory!$G$6:$G$205))/10000)/(Inventory!$G$6:$G$205>0),38),"")="","",INDEX(Inventory!$F$6:$F$205,IFERROR(MATCH(IFERROR(AGGREGATE(14,6,(Inventory!$G$6:$G$205+(205-ROW(Inventory!$G$6:$G$205))/10000)/(Inventory!$G$6:$G$205>0),38),""),(Inventory!$G$6:$G$205+(205-ROW(Inventory!$G$6:$G$205))/10000),0),""))),"") | G45: =IFERROR(IF(IFERROR(AGGREGATE(14,6,(Inventory!$G$6:$G$205+(205-ROW(Inventory!$G$6:$G$205))/10000)/(Inventory!$G$6:$G$205>0),38),"")="","",INDEX(Inventory!$G$6:$G$205,IFERROR(MATCH(IFERROR(AGGREGATE(14,6,(Inventory!$G$6:$G$205+(205-ROW(Inventory!$G$6:$G$205))/10000)/(Inventory!$G$6:$G$205>0),38),""),(Inventory!$G$6:$G$205+(205-ROW(Inventory!$G$6:$G$205))/10000),0),""))),"") | H45: =IFERROR(IF(IFERROR(AGGREGATE(14,6,(Inventory!$G$6:$G$205+(205-ROW(Inventory!$G$6:$G$205))/10000)/(Inventory!$G$6:$G$205>0),38),"")="","",INDEX(Inventory!$I$6:$I$205,IFERROR(MATCH(IFERROR(AGGREGATE(14,6,(Inventory!$G$6:$G$205+(205-ROW(Inventory!$G$6:$G$205))/10000)/(Inventory!$G$6:$G$205>0),38),""),(Inventory!$G$6:$G$205+(205-ROW(Inventory!$G$6:$G$205))/10000),0),""))),"") | I45: =IFERROR(IF(IFERROR(AGGREGATE(14,6,(Inventory!$G$6:$G$205+(205-ROW(Inventory!$G$6:$G$205))/10000)/(Inventory!$G$6:$G$205>0),38),"")="","",INDEX(Inventory!$K$6:$K$205,IFERROR(MATCH(IFERROR(AGGREGATE(14,6,(Inventory!$G$6:$G$205+(205-ROW(Inventory!$G$6:$G$205))/10000)/(Inventory!$G$6:$G$205>0),38),""),(Inventory!$G$6:$G$205+(205-ROW(Inventory!$G$6:$G$205))/10000),0),""))),"")
A46: =IFERROR(IF(IFERROR(AGGREGATE(14,6,(Inventory!$G$6:$G$205+(205-ROW(Inventory!$G$6:$G$205))/10000)/(Inventory!$G$6:$G$205>0),39),"")="","",INDEX(Inventory!$A$6:$A$205,IFERROR(MATCH(IFERROR(AGGREGATE(14,6,(Inventory!$G$6:$G$205+(205-ROW(Inventory!$G$6:$G$205))/10000)/(Inventory!$G$6:$G$205>0),39),""),(Inventory!$G$6:$G$205+(205-ROW(Inventory!$G$6:$G$205))/10000),0),""))),"") | B46: =IFERROR(IF(IFERROR(AGGREGATE(14,6,(Inventory!$G$6:$G$205+(205-ROW(Inventory!$G$6:$G$205))/10000)/(Inventory!$G$6:$G$205>0),39),"")="","",INDEX(Inventory!$B$6:$B$205,IFERROR(MATCH(IFERROR(AGGREGATE(14,6,(Inventory!$G$6:$G$205+(205-ROW(Inventory!$G$6:$G$205))/10000)/(Inventory!$G$6:$G$205>0),39),""),(Inventory!$G$6:$G$205+(205-ROW(Inventory!$G$6:$G$205))/10000),0),""))),"") | C46: =IFERROR(IF(IFERROR(AGGREGATE(14,6,(Inventory!$G$6:$G$205+(205-ROW(Inventory!$G$6:$G$205))/10000)/(Inventory!$G$6:$G$205>0),39),"")="","",INDEX(Inventory!$D$6:$D$205,IFERROR(MATCH(IFERROR(AGGREGATE(14,6,(Inventory!$G$6:$G$205+(205-ROW(Inventory!$G$6:$G$205))/10000)/(Inventory!$G$6:$G$205>0),39),""),(Inventory!$G$6:$G$205+(205-ROW(Inventory!$G$6:$G$205))/10000),0),""))),"") | D46: =IFERROR(IF(IFERROR(AGGREGATE(14,6,(Inventory!$G$6:$G$205+(205-ROW(Inventory!$G$6:$G$205))/10000)/(Inventory!$G$6:$G$205>0),39),"")="","",INDEX(Inventory!$H$6:$H$205,IFERROR(MATCH(IFERROR(AGGREGATE(14,6,(Inventory!$G$6:$G$205+(205-ROW(Inventory!$G$6:$G$205))/10000)/(Inventory!$G$6:$G$205>0),39),""),(Inventory!$G$6:$G$205+(205-ROW(Inventory!$G$6:$G$205))/10000),0),""))),"") | E46: =IFERROR(IF(IFERROR(AGGREGATE(14,6,(Inventory!$G$6:$G$205+(205-ROW(Inventory!$G$6:$G$205))/10000)/(Inventory!$G$6:$G$205>0),39),"")="","",INDEX(Inventory!$E$6:$E$205,IFERROR(MATCH(IFERROR(AGGREGATE(14,6,(Inventory!$G$6:$G$205+(205-ROW(Inventory!$G$6:$G$205))/10000)/(Inventory!$G$6:$G$205>0),39),""),(Inventory!$G$6:$G$205+(205-ROW(Inventory!$G$6:$G$205))/10000),0),""))),"") | F46: =IFERROR(IF(IFERROR(AGGREGATE(14,6,(Inventory!$G$6:$G$205+(205-ROW(Inventory!$G$6:$G$205))/10000)/(Inventory!$G$6:$G$205>0),39),"")="","",INDEX(Inventory!$F$6:$F$205,IFERROR(MATCH(IFERROR(AGGREGATE(14,6,(Inventory!$G$6:$G$205+(205-ROW(Inventory!$G$6:$G$205))/10000)/(Inventory!$G$6:$G$205>0),39),""),(Inventory!$G$6:$G$205+(205-ROW(Inventory!$G$6:$G$205))/10000),0),""))),"") | G46: =IFERROR(IF(IFERROR(AGGREGATE(14,6,(Inventory!$G$6:$G$205+(205-ROW(Inventory!$G$6:$G$205))/10000)/(Inventory!$G$6:$G$205>0),39),"")="","",INDEX(Inventory!$G$6:$G$205,IFERROR(MATCH(IFERROR(AGGREGATE(14,6,(Inventory!$G$6:$G$205+(205-ROW(Inventory!$G$6:$G$205))/10000)/(Inventory!$G$6:$G$205>0),39),""),(Inventory!$G$6:$G$205+(205-ROW(Inventory!$G$6:$G$205))/10000),0),""))),"") | H46: =IFERROR(IF(IFERROR(AGGREGATE(14,6,(Inventory!$G$6:$G$205+(205-ROW(Inventory!$G$6:$G$205))/10000)/(Inventory!$G$6:$G$205>0),39),"")="","",INDEX(Inventory!$I$6:$I$205,IFERROR(MATCH(IFERROR(AGGREGATE(14,6,(Inventory!$G$6:$G$205+(205-ROW(Inventory!$G$6:$G$205))/10000)/(Inventory!$G$6:$G$205>0),39),""),(Inventory!$G$6:$G$205+(205-ROW(Inventory!$G$6:$G$205))/10000),0),""))),"") | I46: =IFERROR(IF(IFERROR(AGGREGATE(14,6,(Inventory!$G$6:$G$205+(205-ROW(Inventory!$G$6:$G$205))/10000)/(Inventory!$G$6:$G$205>0),39),"")="","",INDEX(Inventory!$K$6:$K$205,IFERROR(MATCH(IFERROR(AGGREGATE(14,6,(Inventory!$G$6:$G$205+(205-ROW(Inventory!$G$6:$G$205))/10000)/(Inventory!$G$6:$G$205>0),39),""),(Inventory!$G$6:$G$205+(205-ROW(Inventory!$G$6:$G$205))/10000),0),""))),"")
A47: =IFERROR(IF(IFERROR(AGGREGATE(14,6,(Inventory!$G$6:$G$205+(205-ROW(Inventory!$G$6:$G$205))/10000)/(Inventory!$G$6:$G$205>0),40),"")="","",INDEX(Inventory!$A$6:$A$205,IFERROR(MATCH(IFERROR(AGGREGATE(14,6,(Inventory!$G$6:$G$205+(205-ROW(Inventory!$G$6:$G$205))/10000)/(Inventory!$G$6:$G$205>0),40),""),(Inventory!$G$6:$G$205+(205-ROW(Inventory!$G$6:$G$205))/10000),0),""))),"") | B47: =IFERROR(IF(IFERROR(AGGREGATE(14,6,(Inventory!$G$6:$G$205+(205-ROW(Inventory!$G$6:$G$205))/10000)/(Inventory!$G$6:$G$205>0),40),"")="","",INDEX(Inventory!$B$6:$B$205,IFERROR(MATCH(IFERROR(AGGREGATE(14,6,(Inventory!$G$6:$G$205+(205-ROW(Inventory!$G$6:$G$205))/10000)/(Inventory!$G$6:$G$205>0),40),""),(Inventory!$G$6:$G$205+(205-ROW(Inventory!$G$6:$G$205))/10000),0),""))),"") | C47: =IFERROR(IF(IFERROR(AGGREGATE(14,6,(Inventory!$G$6:$G$205+(205-ROW(Inventory!$G$6:$G$205))/10000)/(Inventory!$G$6:$G$205>0),40),"")="","",INDEX(Inventory!$D$6:$D$205,IFERROR(MATCH(IFERROR(AGGREGATE(14,6,(Inventory!$G$6:$G$205+(205-ROW(Inventory!$G$6:$G$205))/10000)/(Inventory!$G$6:$G$205>0),40),""),(Inventory!$G$6:$G$205+(205-ROW(Inventory!$G$6:$G$205))/10000),0),""))),"") | D47: =IFERROR(IF(IFERROR(AGGREGATE(14,6,(Inventory!$G$6:$G$205+(205-ROW(Inventory!$G$6:$G$205))/10000)/(Inventory!$G$6:$G$205>0),40),"")="","",INDEX(Inventory!$H$6:$H$205,IFERROR(MATCH(IFERROR(AGGREGATE(14,6,(Inventory!$G$6:$G$205+(205-ROW(Inventory!$G$6:$G$205))/10000)/(Inventory!$G$6:$G$205>0),40),""),(Inventory!$G$6:$G$205+(205-ROW(Inventory!$G$6:$G$205))/10000),0),""))),"") | E47: =IFERROR(IF(IFERROR(AGGREGATE(14,6,(Inventory!$G$6:$G$205+(205-ROW(Inventory!$G$6:$G$205))/10000)/(Inventory!$G$6:$G$205>0),40),"")="","",INDEX(Inventory!$E$6:$E$205,IFERROR(MATCH(IFERROR(AGGREGATE(14,6,(Inventory!$G$6:$G$205+(205-ROW(Inventory!$G$6:$G$205))/10000)/(Inventory!$G$6:$G$205>0),40),""),(Inventory!$G$6:$G$205+(205-ROW(Inventory!$G$6:$G$205))/10000),0),""))),"") | F47: =IFERROR(IF(IFERROR(AGGREGATE(14,6,(Inventory!$G$6:$G$205+(205-ROW(Inventory!$G$6:$G$205))/10000)/(Inventory!$G$6:$G$205>0),40),"")="","",INDEX(Inventory!$F$6:$F$205,IFERROR(MATCH(IFERROR(AGGREGATE(14,6,(Inventory!$G$6:$G$205+(205-ROW(Inventory!$G$6:$G$205))/10000)/(Inventory!$G$6:$G$205>0),40),""),(Inventory!$G$6:$G$205+(205-ROW(Inventory!$G$6:$G$205))/10000),0),""))),"") | G47: =IFERROR(IF(IFERROR(AGGREGATE(14,6,(Inventory!$G$6:$G$205+(205-ROW(Inventory!$G$6:$G$205))/10000)/(Inventory!$G$6:$G$205>0),40),"")="","",INDEX(Inventory!$G$6:$G$205,IFERROR(MATCH(IFERROR(AGGREGATE(14,6,(Inventory!$G$6:$G$205+(205-ROW(Inventory!$G$6:$G$205))/10000)/(Inventory!$G$6:$G$205>0),40),""),(Inventory!$G$6:$G$205+(205-ROW(Inventory!$G$6:$G$205))/10000),0),""))),"") | H47: =IFERROR(IF(IFERROR(AGGREGATE(14,6,(Inventory!$G$6:$G$205+(205-ROW(Inventory!$G$6:$G$205))/10000)/(Inventory!$G$6:$G$205>0),40),"")="","",INDEX(Inventory!$I$6:$I$205,IFERROR(MATCH(IFERROR(AGGREGATE(14,6,(Inventory!$G$6:$G$205+(205-ROW(Inventory!$G$6:$G$205))/10000)/(Inventory!$G$6:$G$205>0),40),""),(Inventory!$G$6:$G$205+(205-ROW(Inventory!$G$6:$G$205))/10000),0),""))),"") | I47: =IFERROR(IF(IFERROR(AGGREGATE(14,6,(Inventory!$G$6:$G$205+(205-ROW(Inventory!$G$6:$G$205))/10000)/(Inventory!$G$6:$G$205>0),40),"")="","",INDEX(Inventory!$K$6:$K$205,IFERROR(MATCH(IFERROR(AGGREGATE(14,6,(Inventory!$G$6:$G$205+(205-ROW(Inventory!$G$6:$G$205))/10000)/(Inventory!$G$6:$G$205>0),40),""),(Inventory!$G$6:$G$205+(205-ROW(Inventory!$G$6:$G$205))/10000),0),""))),"")
A48: =IFERROR(IF(IFERROR(AGGREGATE(14,6,(Inventory!$G$6:$G$205+(205-ROW(Inventory!$G$6:$G$205))/10000)/(Inventory!$G$6:$G$205>0),41),"")="","",INDEX(Inventory!$A$6:$A$205,IFERROR(MATCH(IFERROR(AGGREGATE(14,6,(Inventory!$G$6:$G$205+(205-ROW(Inventory!$G$6:$G$205))/10000)/(Inventory!$G$6:$G$205>0),41),""),(Inventory!$G$6:$G$205+(205-ROW(Inventory!$G$6:$G$205))/10000),0),""))),"") | B48: =IFERROR(IF(IFERROR(AGGREGATE(14,6,(Inventory!$G$6:$G$205+(205-ROW(Inventory!$G$6:$G$205))/10000)/(Inventory!$G$6:$G$205>0),41),"")="","",INDEX(Inventory!$B$6:$B$205,IFERROR(MATCH(IFERROR(AGGREGATE(14,6,(Inventory!$G$6:$G$205+(205-ROW(Inventory!$G$6:$G$205))/10000)/(Inventory!$G$6:$G$205>0),41),""),(Inventory!$G$6:$G$205+(205-ROW(Inventory!$G$6:$G$205))/10000),0),""))),"") | C48: =IFERROR(IF(IFERROR(AGGREGATE(14,6,(Inventory!$G$6:$G$205+(205-ROW(Inventory!$G$6:$G$205))/10000)/(Inventory!$G$6:$G$205>0),41),"")="","",INDEX(Inventory!$D$6:$D$205,IFERROR(MATCH(IFERROR(AGGREGATE(14,6,(Inventory!$G$6:$G$205+(205-ROW(Inventory!$G$6:$G$205))/10000)/(Inventory!$G$6:$G$205>0),41),""),(Inventory!$G$6:$G$205+(205-ROW(Inventory!$G$6:$G$205))/10000),0),""))),"") | D48: =IFERROR(IF(IFERROR(AGGREGATE(14,6,(Inventory!$G$6:$G$205+(205-ROW(Inventory!$G$6:$G$205))/10000)/(Inventory!$G$6:$G$205>0),41),"")="","",INDEX(Inventory!$H$6:$H$205,IFERROR(MATCH(IFERROR(AGGREGATE(14,6,(Inventory!$G$6:$G$205+(205-ROW(Inventory!$G$6:$G$205))/10000)/(Inventory!$G$6:$G$205>0),41),""),(Inventory!$G$6:$G$205+(205-ROW(Inventory!$G$6:$G$205))/10000),0),""))),"") | E48: =IFERROR(IF(IFERROR(AGGREGATE(14,6,(Inventory!$G$6:$G$205+(205-ROW(Inventory!$G$6:$G$205))/10000)/(Inventory!$G$6:$G$205>0),41),"")="","",INDEX(Inventory!$E$6:$E$205,IFERROR(MATCH(IFERROR(AGGREGATE(14,6,(Inventory!$G$6:$G$205+(205-ROW(Inventory!$G$6:$G$205))/10000)/(Inventory!$G$6:$G$205>0),41),""),(Inventory!$G$6:$G$205+(205-ROW(Inventory!$G$6:$G$205))/10000),0),""))),"") | F48: =IFERROR(IF(IFERROR(AGGREGATE(14,6,(Inventory!$G$6:$G$205+(205-ROW(Inventory!$G$6:$G$205))/10000)/(Inventory!$G$6:$G$205>0),41),"")="","",INDEX(Inventory!$F$6:$F$205,IFERROR(MATCH(IFERROR(AGGREGATE(14,6,(Inventory!$G$6:$G$205+(205-ROW(Inventory!$G$6:$G$205))/10000)/(Inventory!$G$6:$G$205>0),41),""),(Inventory!$G$6:$G$205+(205-ROW(Inventory!$G$6:$G$205))/10000),0),""))),"") | G48: =IFERROR(IF(IFERROR(AGGREGATE(14,6,(Inventory!$G$6:$G$205+(205-ROW(Inventory!$G$6:$G$205))/10000)/(Inventory!$G$6:$G$205>0),41),"")="","",INDEX(Inventory!$G$6:$G$205,IFERROR(MATCH(IFERROR(AGGREGATE(14,6,(Inventory!$G$6:$G$205+(205-ROW(Inventory!$G$6:$G$205))/10000)/(Inventory!$G$6:$G$205>0),41),""),(Inventory!$G$6:$G$205+(205-ROW(Inventory!$G$6:$G$205))/10000),0),""))),"") | H48: =IFERROR(IF(IFERROR(AGGREGATE(14,6,(Inventory!$G$6:$G$205+(205-ROW(Inventory!$G$6:$G$205))/10000)/(Inventory!$G$6:$G$205>0),41),"")="","",INDEX(Inventory!$I$6:$I$205,IFERROR(MATCH(IFERROR(AGGREGATE(14,6,(Inventory!$G$6:$G$205+(205-ROW(Inventory!$G$6:$G$205))/10000)/(Inventory!$G$6:$G$205>0),41),""),(Inventory!$G$6:$G$205+(205-ROW(Inventory!$G$6:$G$205))/10000),0),""))),"") | I48: =IFERROR(IF(IFERROR(AGGREGATE(14,6,(Inventory!$G$6:$G$205+(205-ROW(Inventory!$G$6:$G$205))/10000)/(Inventory!$G$6:$G$205>0),41),"")="","",INDEX(Inventory!$K$6:$K$205,IFERROR(MATCH(IFERROR(AGGREGATE(14,6,(Inventory!$G$6:$G$205+(205-ROW(Inventory!$G$6:$G$205))/10000)/(Inventory!$G$6:$G$205>0),41),""),(Inventory!$G$6:$G$205+(205-ROW(Inventory!$G$6:$G$205))/10000),0),""))),"")
A49: =IFERROR(IF(IFERROR(AGGREGATE(14,6,(Inventory!$G$6:$G$205+(205-ROW(Inventory!$G$6:$G$205))/10000)/(Inventory!$G$6:$G$205>0),42),"")="","",INDEX(Inventory!$A$6:$A$205,IFERROR(MATCH(IFERROR(AGGREGATE(14,6,(Inventory!$G$6:$G$205+(205-ROW(Inventory!$G$6:$G$205))/10000)/(Inventory!$G$6:$G$205>0),42),""),(Inventory!$G$6:$G$205+(205-ROW(Inventory!$G$6:$G$205))/10000),0),""))),"") | B49: =IFERROR(IF(IFERROR(AGGREGATE(14,6,(Inventory!$G$6:$G$205+(205-ROW(Inventory!$G$6:$G$205))/10000)/(Inventory!$G$6:$G$205>0),42),"")="","",INDEX(Inventory!$B$6:$B$205,IFERROR(MATCH(IFERROR(AGGREGATE(14,6,(Inventory!$G$6:$G$205+(205-ROW(Inventory!$G$6:$G$205))/10000)/(Inventory!$G$6:$G$205>0),42),""),(Inventory!$G$6:$G$205+(205-ROW(Inventory!$G$6:$G$205))/10000),0),""))),"") | C49: =IFERROR(IF(IFERROR(AGGREGATE(14,6,(Inventory!$G$6:$G$205+(205-ROW(Inventory!$G$6:$G$205))/10000)/(Inventory!$G$6:$G$205>0),42),"")="","",INDEX(Inventory!$D$6:$D$205,IFERROR(MATCH(IFERROR(AGGREGATE(14,6,(Inventory!$G$6:$G$205+(205-ROW(Inventory!$G$6:$G$205))/10000)/(Inventory!$G$6:$G$205>0),42),""),(Inventory!$G$6:$G$205+(205-ROW(Inventory!$G$6:$G$205))/10000),0),""))),"") | D49: =IFERROR(IF(IFERROR(AGGREGATE(14,6,(Inventory!$G$6:$G$205+(205-ROW(Inventory!$G$6:$G$205))/10000)/(Inventory!$G$6:$G$205>0),42),"")="","",INDEX(Inventory!$H$6:$H$205,IFERROR(MATCH(IFERROR(AGGREGATE(14,6,(Inventory!$G$6:$G$205+(205-ROW(Inventory!$G$6:$G$205))/10000)/(Inventory!$G$6:$G$205>0),42),""),(Inventory!$G$6:$G$205+(205-ROW(Inventory!$G$6:$G$205))/10000),0),""))),"") | E49: =IFERROR(IF(IFERROR(AGGREGATE(14,6,(Inventory!$G$6:$G$205+(205-ROW(Inventory!$G$6:$G$205))/10000)/(Inventory!$G$6:$G$205>0),42),"")="","",INDEX(Inventory!$E$6:$E$205,IFERROR(MATCH(IFERROR(AGGREGATE(14,6,(Inventory!$G$6:$G$205+(205-ROW(Inventory!$G$6:$G$205))/10000)/(Inventory!$G$6:$G$205>0),42),""),(Inventory!$G$6:$G$205+(205-ROW(Inventory!$G$6:$G$205))/10000),0),""))),"") | F49: =IFERROR(IF(IFERROR(AGGREGATE(14,6,(Inventory!$G$6:$G$205+(205-ROW(Inventory!$G$6:$G$205))/10000)/(Inventory!$G$6:$G$205>0),42),"")="","",INDEX(Inventory!$F$6:$F$205,IFERROR(MATCH(IFERROR(AGGREGATE(14,6,(Inventory!$G$6:$G$205+(205-ROW(Inventory!$G$6:$G$205))/10000)/(Inventory!$G$6:$G$205>0),42),""),(Inventory!$G$6:$G$205+(205-ROW(Inventory!$G$6:$G$205))/10000),0),""))),"") | G49: =IFERROR(IF(IFERROR(AGGREGATE(14,6,(Inventory!$G$6:$G$205+(205-ROW(Inventory!$G$6:$G$205))/10000)/(Inventory!$G$6:$G$205>0),42),"")="","",INDEX(Inventory!$G$6:$G$205,IFERROR(MATCH(IFERROR(AGGREGATE(14,6,(Inventory!$G$6:$G$205+(205-ROW(Inventory!$G$6:$G$205))/10000)/(Inventory!$G$6:$G$205>0),42),""),(Inventory!$G$6:$G$205+(205-ROW(Inventory!$G$6:$G$205))/10000),0),""))),"") | H49: =IFERROR(IF(IFERROR(AGGREGATE(14,6,(Inventory!$G$6:$G$205+(205-ROW(Inventory!$G$6:$G$205))/10000)/(Inventory!$G$6:$G$205>0),42),"")="","",INDEX(Inventory!$I$6:$I$205,IFERROR(MATCH(IFERROR(AGGREGATE(14,6,(Inventory!$G$6:$G$205+(205-ROW(Inventory!$G$6:$G$205))/10000)/(Inventory!$G$6:$G$205>0),42),""),(Inventory!$G$6:$G$205+(205-ROW(Inventory!$G$6:$G$205))/10000),0),""))),"") | I49: =IFERROR(IF(IFERROR(AGGREGATE(14,6,(Inventory!$G$6:$G$205+(205-ROW(Inventory!$G$6:$G$205))/10000)/(Inventory!$G$6:$G$205>0),42),"")="","",INDEX(Inventory!$K$6:$K$205,IFERROR(MATCH(IFERROR(AGGREGATE(14,6,(Inventory!$G$6:$G$205+(205-ROW(Inventory!$G$6:$G$205))/10000)/(Inventory!$G$6:$G$205>0),42),""),(Inventory!$G$6:$G$205+(205-ROW(Inventory!$G$6:$G$205))/10000),0),""))),"")
A50: =IFERROR(IF(IFERROR(AGGREGATE(14,6,(Inventory!$G$6:$G$205+(205-ROW(Inventory!$G$6:$G$205))/10000)/(Inventory!$G$6:$G$205>0),43),"")="","",INDEX(Inventory!$A$6:$A$205,IFERROR(MATCH(IFERROR(AGGREGATE(14,6,(Inventory!$G$6:$G$205+(205-ROW(Inventory!$G$6:$G$205))/10000)/(Inventory!$G$6:$G$205>0),43),""),(Inventory!$G$6:$G$205+(205-ROW(Inventory!$G$6:$G$205))/10000),0),""))),"") | B50: =IFERROR(IF(IFERROR(AGGREGATE(14,6,(Inventory!$G$6:$G$205+(205-ROW(Inventory!$G$6:$G$205))/10000)/(Inventory!$G$6:$G$205>0),43),"")="","",INDEX(Inventory!$B$6:$B$205,IFERROR(MATCH(IFERROR(AGGREGATE(14,6,(Inventory!$G$6:$G$205+(205-ROW(Inventory!$G$6:$G$205))/10000)/(Inventory!$G$6:$G$205>0),43),""),(Inventory!$G$6:$G$205+(205-ROW(Inventory!$G$6:$G$205))/10000),0),""))),"") | C50: =IFERROR(IF(IFERROR(AGGREGATE(14,6,(Inventory!$G$6:$G$205+(205-ROW(Inventory!$G$6:$G$205))/10000)/(Inventory!$G$6:$G$205>0),43),"")="","",INDEX(Inventory!$D$6:$D$205,IFERROR(MATCH(IFERROR(AGGREGATE(14,6,(Inventory!$G$6:$G$205+(205-ROW(Inventory!$G$6:$G$205))/10000)/(Inventory!$G$6:$G$205>0),43),""),(Inventory!$G$6:$G$205+(205-ROW(Inventory!$G$6:$G$205))/10000),0),""))),"") | D50: =IFERROR(IF(IFERROR(AGGREGATE(14,6,(Inventory!$G$6:$G$205+(205-ROW(Inventory!$G$6:$G$205))/10000)/(Inventory!$G$6:$G$205>0),43),"")="","",INDEX(Inventory!$H$6:$H$205,IFERROR(MATCH(IFERROR(AGGREGATE(14,6,(Inventory!$G$6:$G$205+(205-ROW(Inventory!$G$6:$G$205))/10000)/(Inventory!$G$6:$G$205>0),43),""),(Inventory!$G$6:$G$205+(205-ROW(Inventory!$G$6:$G$205))/10000),0),""))),"") | E50: =IFERROR(IF(IFERROR(AGGREGATE(14,6,(Inventory!$G$6:$G$205+(205-ROW(Inventory!$G$6:$G$205))/10000)/(Inventory!$G$6:$G$205>0),43),"")="","",INDEX(Inventory!$E$6:$E$205,IFERROR(MATCH(IFERROR(AGGREGATE(14,6,(Inventory!$G$6:$G$205+(205-ROW(Inventory!$G$6:$G$205))/10000)/(Inventory!$G$6:$G$205>0),43),""),(Inventory!$G$6:$G$205+(205-ROW(Inventory!$G$6:$G$205))/10000),0),""))),"") | F50: =IFERROR(IF(IFERROR(AGGREGATE(14,6,(Inventory!$G$6:$G$205+(205-ROW(Inventory!$G$6:$G$205))/10000)/(Inventory!$G$6:$G$205>0),43),"")="","",INDEX(Inventory!$F$6:$F$205,IFERROR(MATCH(IFERROR(AGGREGATE(14,6,(Inventory!$G$6:$G$205+(205-ROW(Inventory!$G$6:$G$205))/10000)/(Inventory!$G$6:$G$205>0),43),""),(Inventory!$G$6:$G$205+(205-ROW(Inventory!$G$6:$G$205))/10000),0),""))),"") | G50: =IFERROR(IF(IFERROR(AGGREGATE(14,6,(Inventory!$G$6:$G$205+(205-ROW(Inventory!$G$6:$G$205))/10000)/(Inventory!$G$6:$G$205>0),43),"")="","",INDEX(Inventory!$G$6:$G$205,IFERROR(MATCH(IFERROR(AGGREGATE(14,6,(Inventory!$G$6:$G$205+(205-ROW(Inventory!$G$6:$G$205))/10000)/(Inventory!$G$6:$G$205>0),43),""),(Inventory!$G$6:$G$205+(205-ROW(Inventory!$G$6:$G$205))/10000),0),""))),"") | H50: =IFERROR(IF(IFERROR(AGGREGATE(14,6,(Inventory!$G$6:$G$205+(205-ROW(Inventory!$G$6:$G$205))/10000)/(Inventory!$G$6:$G$205>0),43),"")="","",INDEX(Inventory!$I$6:$I$205,IFERROR(MATCH(IFERROR(AGGREGATE(14,6,(Inventory!$G$6:$G$205+(205-ROW(Inventory!$G$6:$G$205))/10000)/(Inventory!$G$6:$G$205>0),43),""),(Inventory!$G$6:$G$205+(205-ROW(Inventory!$G$6:$G$205))/10000),0),""))),"") | I50: =IFERROR(IF(IFERROR(AGGREGATE(14,6,(Inventory!$G$6:$G$205+(205-ROW(Inventory!$G$6:$G$205))/10000)/(Inventory!$G$6:$G$205>0),43),"")="","",INDEX(Inventory!$K$6:$K$205,IFERROR(MATCH(IFERROR(AGGREGATE(14,6,(Inventory!$G$6:$G$205+(205-ROW(Inventory!$G$6:$G$205))/10000)/(Inventory!$G$6:$G$205>0),43),""),(Inventory!$G$6:$G$205+(205-ROW(Inventory!$G$6:$G$205))/10000),0),""))),"")
A51: =IFERROR(IF(IFERROR(AGGREGATE(14,6,(Inventory!$G$6:$G$205+(205-ROW(Inventory!$G$6:$G$205))/10000)/(Inventory!$G$6:$G$205>0),44),"")="","",INDEX(Inventory!$A$6:$A$205,IFERROR(MATCH(IFERROR(AGGREGATE(14,6,(Inventory!$G$6:$G$205+(205-ROW(Inventory!$G$6:$G$205))/10000)/(Inventory!$G$6:$G$205>0),44),""),(Inventory!$G$6:$G$205+(205-ROW(Inventory!$G$6:$G$205))/10000),0),""))),"") | B51: =IFERROR(IF(IFERROR(AGGREGATE(14,6,(Inventory!$G$6:$G$205+(205-ROW(Inventory!$G$6:$G$205))/10000)/(Inventory!$G$6:$G$205>0),44),"")="","",INDEX(Inventory!$B$6:$B$205,IFERROR(MATCH(IFERROR(AGGREGATE(14,6,(Inventory!$G$6:$G$205+(205-ROW(Inventory!$G$6:$G$205))/10000)/(Inventory!$G$6:$G$205>0),44),""),(Inventory!$G$6:$G$205+(205-ROW(Inventory!$G$6:$G$205))/10000),0),""))),"") | C51: =IFERROR(IF(IFERROR(AGGREGATE(14,6,(Inventory!$G$6:$G$205+(205-ROW(Inventory!$G$6:$G$205))/10000)/(Inventory!$G$6:$G$205>0),44),"")="","",INDEX(Inventory!$D$6:$D$205,IFERROR(MATCH(IFERROR(AGGREGATE(14,6,(Inventory!$G$6:$G$205+(205-ROW(Inventory!$G$6:$G$205))/10000)/(Inventory!$G$6:$G$205>0),44),""),(Inventory!$G$6:$G$205+(205-ROW(Inventory!$G$6:$G$205))/10000),0),""))),"") | D51: =IFERROR(IF(IFERROR(AGGREGATE(14,6,(Inventory!$G$6:$G$205+(205-ROW(Inventory!$G$6:$G$205))/10000)/(Inventory!$G$6:$G$205>0),44),"")="","",INDEX(Inventory!$H$6:$H$205,IFERROR(MATCH(IFERROR(AGGREGATE(14,6,(Inventory!$G$6:$G$205+(205-ROW(Inventory!$G$6:$G$205))/10000)/(Inventory!$G$6:$G$205>0),44),""),(Inventory!$G$6:$G$205+(205-ROW(Inventory!$G$6:$G$205))/10000),0),""))),"") | E51: =IFERROR(IF(IFERROR(AGGREGATE(14,6,(Inventory!$G$6:$G$205+(205-ROW(Inventory!$G$6:$G$205))/10000)/(Inventory!$G$6:$G$205>0),44),"")="","",INDEX(Inventory!$E$6:$E$205,IFERROR(MATCH(IFERROR(AGGREGATE(14,6,(Inventory!$G$6:$G$205+(205-ROW(Inventory!$G$6:$G$205))/10000)/(Inventory!$G$6:$G$205>0),44),""),(Inventory!$G$6:$G$205+(205-ROW(Inventory!$G$6:$G$205))/10000),0),""))),"") | F51: =IFERROR(IF(IFERROR(AGGREGATE(14,6,(Inventory!$G$6:$G$205+(205-ROW(Inventory!$G$6:$G$205))/10000)/(Inventory!$G$6:$G$205>0),44),"")="","",INDEX(Inventory!$F$6:$F$205,IFERROR(MATCH(IFERROR(AGGREGATE(14,6,(Inventory!$G$6:$G$205+(205-ROW(Inventory!$G$6:$G$205))/10000)/(Inventory!$G$6:$G$205>0),44),""),(Inventory!$G$6:$G$205+(205-ROW(Inventory!$G$6:$G$205))/10000),0),""))),"") | G51: =IFERROR(IF(IFERROR(AGGREGATE(14,6,(Inventory!$G$6:$G$205+(205-ROW(Inventory!$G$6:$G$205))/10000)/(Inventory!$G$6:$G$205>0),44),"")="","",INDEX(Inventory!$G$6:$G$205,IFERROR(MATCH(IFERROR(AGGREGATE(14,6,(Inventory!$G$6:$G$205+(205-ROW(Inventory!$G$6:$G$205))/10000)/(Inventory!$G$6:$G$205>0),44),""),(Inventory!$G$6:$G$205+(205-ROW(Inventory!$G$6:$G$205))/10000),0),""))),"") | H51: =IFERROR(IF(IFERROR(AGGREGATE(14,6,(Inventory!$G$6:$G$205+(205-ROW(Inventory!$G$6:$G$205))/10000)/(Inventory!$G$6:$G$205>0),44),"")="","",INDEX(Inventory!$I$6:$I$205,IFERROR(MATCH(IFERROR(AGGREGATE(14,6,(Inventory!$G$6:$G$205+(205-ROW(Inventory!$G$6:$G$205))/10000)/(Inventory!$G$6:$G$205>0),44),""),(Inventory!$G$6:$G$205+(205-ROW(Inventory!$G$6:$G$205))/10000),0),""))),"") | I51: =IFERROR(IF(IFERROR(AGGREGATE(14,6,(Inventory!$G$6:$G$205+(205-ROW(Inventory!$G$6:$G$205))/10000)/(Inventory!$G$6:$G$205>0),44),"")="","",INDEX(Inventory!$K$6:$K$205,IFERROR(MATCH(IFERROR(AGGREGATE(14,6,(Inventory!$G$6:$G$205+(205-ROW(Inventory!$G$6:$G$205))/10000)/(Inventory!$G$6:$G$205>0),44),""),(Inventory!$G$6:$G$205+(205-ROW(Inventory!$G$6:$G$205))/10000),0),""))),"")
A52: =IFERROR(IF(IFERROR(AGGREGATE(14,6,(Inventory!$G$6:$G$205+(205-ROW(Inventory!$G$6:$G$205))/10000)/(Inventory!$G$6:$G$205>0),45),"")="","",INDEX(Inventory!$A$6:$A$205,IFERROR(MATCH(IFERROR(AGGREGATE(14,6,(Inventory!$G$6:$G$205+(205-ROW(Inventory!$G$6:$G$205))/10000)/(Inventory!$G$6:$G$205>0),45),""),(Inventory!$G$6:$G$205+(205-ROW(Inventory!$G$6:$G$205))/10000),0),""))),"") | B52: =IFERROR(IF(IFERROR(AGGREGATE(14,6,(Inventory!$G$6:$G$205+(205-ROW(Inventory!$G$6:$G$205))/10000)/(Inventory!$G$6:$G$205>0),45),"")="","",INDEX(Inventory!$B$6:$B$205,IFERROR(MATCH(IFERROR(AGGREGATE(14,6,(Inventory!$G$6:$G$205+(205-ROW(Inventory!$G$6:$G$205))/10000)/(Inventory!$G$6:$G$205>0),45),""),(Inventory!$G$6:$G$205+(205-ROW(Inventory!$G$6:$G$205))/10000),0),""))),"") | C52: =IFERROR(IF(IFERROR(AGGREGATE(14,6,(Inventory!$G$6:$G$205+(205-ROW(Inventory!$G$6:$G$205))/10000)/(Inventory!$G$6:$G$205>0),45),"")="","",INDEX(Inventory!$D$6:$D$205,IFERROR(MATCH(IFERROR(AGGREGATE(14,6,(Inventory!$G$6:$G$205+(205-ROW(Inventory!$G$6:$G$205))/10000)/(Inventory!$G$6:$G$205>0),45),""),(Inventory!$G$6:$G$205+(205-ROW(Inventory!$G$6:$G$205))/10000),0),""))),"") | D52: =IFERROR(IF(IFERROR(AGGREGATE(14,6,(Inventory!$G$6:$G$205+(205-ROW(Inventory!$G$6:$G$205))/10000)/(Inventory!$G$6:$G$205>0),45),"")="","",INDEX(Inventory!$H$6:$H$205,IFERROR(MATCH(IFERROR(AGGREGATE(14,6,(Inventory!$G$6:$G$205+(205-ROW(Inventory!$G$6:$G$205))/10000)/(Inventory!$G$6:$G$205>0),45),""),(Inventory!$G$6:$G$205+(205-ROW(Inventory!$G$6:$G$205))/10000),0),""))),"") | E52: =IFERROR(IF(IFERROR(AGGREGATE(14,6,(Inventory!$G$6:$G$205+(205-ROW(Inventory!$G$6:$G$205))/10000)/(Inventory!$G$6:$G$205>0),45),"")="","",INDEX(Inventory!$E$6:$E$205,IFERROR(MATCH(IFERROR(AGGREGATE(14,6,(Inventory!$G$6:$G$205+(205-ROW(Inventory!$G$6:$G$205))/10000)/(Inventory!$G$6:$G$205>0),45),""),(Inventory!$G$6:$G$205+(205-ROW(Inventory!$G$6:$G$205))/10000),0),""))),"") | F52: =IFERROR(IF(IFERROR(AGGREGATE(14,6,(Inventory!$G$6:$G$205+(205-ROW(Inventory!$G$6:$G$205))/10000)/(Inventory!$G$6:$G$205>0),45),"")="","",INDEX(Inventory!$F$6:$F$205,IFERROR(MATCH(IFERROR(AGGREGATE(14,6,(Inventory!$G$6:$G$205+(205-ROW(Inventory!$G$6:$G$205))/10000)/(Inventory!$G$6:$G$205>0),45),""),(Inventory!$G$6:$G$205+(205-ROW(Inventory!$G$6:$G$205))/10000),0),""))),"") | G52: =IFERROR(IF(IFERROR(AGGREGATE(14,6,(Inventory!$G$6:$G$205+(205-ROW(Inventory!$G$6:$G$205))/10000)/(Inventory!$G$6:$G$205>0),45),"")="","",INDEX(Inventory!$G$6:$G$205,IFERROR(MATCH(IFERROR(AGGREGATE(14,6,(Inventory!$G$6:$G$205+(205-ROW(Inventory!$G$6:$G$205))/10000)/(Inventory!$G$6:$G$205>0),45),""),(Inventory!$G$6:$G$205+(205-ROW(Inventory!$G$6:$G$205))/10000),0),""))),"") | H52: =IFERROR(IF(IFERROR(AGGREGATE(14,6,(Inventory!$G$6:$G$205+(205-ROW(Inventory!$G$6:$G$205))/10000)/(Inventory!$G$6:$G$205>0),45),"")="","",INDEX(Inventory!$I$6:$I$205,IFERROR(MATCH(IFERROR(AGGREGATE(14,6,(Inventory!$G$6:$G$205+(205-ROW(Inventory!$G$6:$G$205))/10000)/(Inventory!$G$6:$G$205>0),45),""),(Inventory!$G$6:$G$205+(205-ROW(Inventory!$G$6:$G$205))/10000),0),""))),"") | I52: =IFERROR(IF(IFERROR(AGGREGATE(14,6,(Inventory!$G$6:$G$205+(205-ROW(Inventory!$G$6:$G$205))/10000)/(Inventory!$G$6:$G$205>0),45),"")="","",INDEX(Inventory!$K$6:$K$205,IFERROR(MATCH(IFERROR(AGGREGATE(14,6,(Inventory!$G$6:$G$205+(205-ROW(Inventory!$G$6:$G$205))/10000)/(Inventory!$G$6:$G$205>0),45),""),(Inventory!$G$6:$G$205+(205-ROW(Inventory!$G$6:$G$205))/10000),0),""))),"")
A53: =IFERROR(IF(IFERROR(AGGREGATE(14,6,(Inventory!$G$6:$G$205+(205-ROW(Inventory!$G$6:$G$205))/10000)/(Inventory!$G$6:$G$205>0),46),"")="","",INDEX(Inventory!$A$6:$A$205,IFERROR(MATCH(IFERROR(AGGREGATE(14,6,(Inventory!$G$6:$G$205+(205-ROW(Inventory!$G$6:$G$205))/10000)/(Inventory!$G$6:$G$205>0),46),""),(Inventory!$G$6:$G$205+(205-ROW(Inventory!$G$6:$G$205))/10000),0),""))),"") | B53: =IFERROR(IF(IFERROR(AGGREGATE(14,6,(Inventory!$G$6:$G$205+(205-ROW(Inventory!$G$6:$G$205))/10000)/(Inventory!$G$6:$G$205>0),46),"")="","",INDEX(Inventory!$B$6:$B$205,IFERROR(MATCH(IFERROR(AGGREGATE(14,6,(Inventory!$G$6:$G$205+(205-ROW(Inventory!$G$6:$G$205))/10000)/(Inventory!$G$6:$G$205>0),46),""),(Inventory!$G$6:$G$205+(205-ROW(Inventory!$G$6:$G$205))/10000),0),""))),"") | C53: =IFERROR(IF(IFERROR(AGGREGATE(14,6,(Inventory!$G$6:$G$205+(205-ROW(Inventory!$G$6:$G$205))/10000)/(Inventory!$G$6:$G$205>0),46),"")="","",INDEX(Inventory!$D$6:$D$205,IFERROR(MATCH(IFERROR(AGGREGATE(14,6,(Inventory!$G$6:$G$205+(205-ROW(Inventory!$G$6:$G$205))/10000)/(Inventory!$G$6:$G$205>0),46),""),(Inventory!$G$6:$G$205+(205-ROW(Inventory!$G$6:$G$205))/10000),0),""))),"") | D53: =IFERROR(IF(IFERROR(AGGREGATE(14,6,(Inventory!$G$6:$G$205+(205-ROW(Inventory!$G$6:$G$205))/10000)/(Inventory!$G$6:$G$205>0),46),"")="","",INDEX(Inventory!$H$6:$H$205,IFERROR(MATCH(IFERROR(AGGREGATE(14,6,(Inventory!$G$6:$G$205+(205-ROW(Inventory!$G$6:$G$205))/10000)/(Inventory!$G$6:$G$205>0),46),""),(Inventory!$G$6:$G$205+(205-ROW(Inventory!$G$6:$G$205))/10000),0),""))),"") | E53: =IFERROR(IF(IFERROR(AGGREGATE(14,6,(Inventory!$G$6:$G$205+(205-ROW(Inventory!$G$6:$G$205))/10000)/(Inventory!$G$6:$G$205>0),46),"")="","",INDEX(Inventory!$E$6:$E$205,IFERROR(MATCH(IFERROR(AGGREGATE(14,6,(Inventory!$G$6:$G$205+(205-ROW(Inventory!$G$6:$G$205))/10000)/(Inventory!$G$6:$G$205>0),46),""),(Inventory!$G$6:$G$205+(205-ROW(Inventory!$G$6:$G$205))/10000),0),""))),"") | F53: =IFERROR(IF(IFERROR(AGGREGATE(14,6,(Inventory!$G$6:$G$205+(205-ROW(Inventory!$G$6:$G$205))/10000)/(Inventory!$G$6:$G$205>0),46),"")="","",INDEX(Inventory!$F$6:$F$205,IFERROR(MATCH(IFERROR(AGGREGATE(14,6,(Inventory!$G$6:$G$205+(205-ROW(Inventory!$G$6:$G$205))/10000)/(Inventory!$G$6:$G$205>0),46),""),(Inventory!$G$6:$G$205+(205-ROW(Inventory!$G$6:$G$205))/10000),0),""))),"") | G53: =IFERROR(IF(IFERROR(AGGREGATE(14,6,(Inventory!$G$6:$G$205+(205-ROW(Inventory!$G$6:$G$205))/10000)/(Inventory!$G$6:$G$205>0),46),"")="","",INDEX(Inventory!$G$6:$G$205,IFERROR(MATCH(IFERROR(AGGREGATE(14,6,(Inventory!$G$6:$G$205+(205-ROW(Inventory!$G$6:$G$205))/10000)/(Inventory!$G$6:$G$205>0),46),""),(Inventory!$G$6:$G$205+(205-ROW(Inventory!$G$6:$G$205))/10000),0),""))),"") | H53: =IFERROR(IF(IFERROR(AGGREGATE(14,6,(Inventory!$G$6:$G$205+(205-ROW(Inventory!$G$6:$G$205))/10000)/(Inventory!$G$6:$G$205>0),46),"")="","",INDEX(Inventory!$I$6:$I$205,IFERROR(MATCH(IFERROR(AGGREGATE(14,6,(Inventory!$G$6:$G$205+(205-ROW(Inventory!$G$6:$G$205))/10000)/(Inventory!$G$6:$G$205>0),46),""),(Inventory!$G$6:$G$205+(205-ROW(Inventory!$G$6:$G$205))/10000),0),""))),"") | I53: =IFERROR(IF(IFERROR(AGGREGATE(14,6,(Inventory!$G$6:$G$205+(205-ROW(Inventory!$G$6:$G$205))/10000)/(Inventory!$G$6:$G$205>0),46),"")="","",INDEX(Inventory!$K$6:$K$205,IFERROR(MATCH(IFERROR(AGGREGATE(14,6,(Inventory!$G$6:$G$205+(205-ROW(Inventory!$G$6:$G$205))/10000)/(Inventory!$G$6:$G$205>0),46),""),(Inventory!$G$6:$G$205+(205-ROW(Inventory!$G$6:$G$205))/10000),0),""))),"")
A54: =IFERROR(IF(IFERROR(AGGREGATE(14,6,(Inventory!$G$6:$G$205+(205-ROW(Inventory!$G$6:$G$205))/10000)/(Inventory!$G$6:$G$205>0),47),"")="","",INDEX(Inventory!$A$6:$A$205,IFERROR(MATCH(IFERROR(AGGREGATE(14,6,(Inventory!$G$6:$G$205+(205-ROW(Inventory!$G$6:$G$205))/10000)/(Inventory!$G$6:$G$205>0),47),""),(Inventory!$G$6:$G$205+(205-ROW(Inventory!$G$6:$G$205))/10000),0),""))),"") | B54: =IFERROR(IF(IFERROR(AGGREGATE(14,6,(Inventory!$G$6:$G$205+(205-ROW(Inventory!$G$6:$G$205))/10000)/(Inventory!$G$6:$G$205>0),47),"")="","",INDEX(Inventory!$B$6:$B$205,IFERROR(MATCH(IFERROR(AGGREGATE(14,6,(Inventory!$G$6:$G$205+(205-ROW(Inventory!$G$6:$G$205))/10000)/(Inventory!$G$6:$G$205>0),47),""),(Inventory!$G$6:$G$205+(205-ROW(Inventory!$G$6:$G$205))/10000),0),""))),"") | C54: =IFERROR(IF(IFERROR(AGGREGATE(14,6,(Inventory!$G$6:$G$205+(205-ROW(Inventory!$G$6:$G$205))/10000)/(Inventory!$G$6:$G$205>0),47),"")="","",INDEX(Inventory!$D$6:$D$205,IFERROR(MATCH(IFERROR(AGGREGATE(14,6,(Inventory!$G$6:$G$205+(205-ROW(Inventory!$G$6:$G$205))/10000)/(Inventory!$G$6:$G$205>0),47),""),(Inventory!$G$6:$G$205+(205-ROW(Inventory!$G$6:$G$205))/10000),0),""))),"") | D54: =IFERROR(IF(IFERROR(AGGREGATE(14,6,(Inventory!$G$6:$G$205+(205-ROW(Inventory!$G$6:$G$205))/10000)/(Inventory!$G$6:$G$205>0),47),"")="","",INDEX(Inventory!$H$6:$H$205,IFERROR(MATCH(IFERROR(AGGREGATE(14,6,(Inventory!$G$6:$G$205+(205-ROW(Inventory!$G$6:$G$205))/10000)/(Inventory!$G$6:$G$205>0),47),""),(Inventory!$G$6:$G$205+(205-ROW(Inventory!$G$6:$G$205))/10000),0),""))),"") | E54: =IFERROR(IF(IFERROR(AGGREGATE(14,6,(Inventory!$G$6:$G$205+(205-ROW(Inventory!$G$6:$G$205))/10000)/(Inventory!$G$6:$G$205>0),47),"")="","",INDEX(Inventory!$E$6:$E$205,IFERROR(MATCH(IFERROR(AGGREGATE(14,6,(Inventory!$G$6:$G$205+(205-ROW(Inventory!$G$6:$G$205))/10000)/(Inventory!$G$6:$G$205>0),47),""),(Inventory!$G$6:$G$205+(205-ROW(Inventory!$G$6:$G$205))/10000),0),""))),"") | F54: =IFERROR(IF(IFERROR(AGGREGATE(14,6,(Inventory!$G$6:$G$205+(205-ROW(Inventory!$G$6:$G$205))/10000)/(Inventory!$G$6:$G$205>0),47),"")="","",INDEX(Inventory!$F$6:$F$205,IFERROR(MATCH(IFERROR(AGGREGATE(14,6,(Inventory!$G$6:$G$205+(205-ROW(Inventory!$G$6:$G$205))/10000)/(Inventory!$G$6:$G$205>0),47),""),(Inventory!$G$6:$G$205+(205-ROW(Inventory!$G$6:$G$205))/10000),0),""))),"") | G54: =IFERROR(IF(IFERROR(AGGREGATE(14,6,(Inventory!$G$6:$G$205+(205-ROW(Inventory!$G$6:$G$205))/10000)/(Inventory!$G$6:$G$205>0),47),"")="","",INDEX(Inventory!$G$6:$G$205,IFERROR(MATCH(IFERROR(AGGREGATE(14,6,(Inventory!$G$6:$G$205+(205-ROW(Inventory!$G$6:$G$205))/10000)/(Inventory!$G$6:$G$205>0),47),""),(Inventory!$G$6:$G$205+(205-ROW(Inventory!$G$6:$G$205))/10000),0),""))),"") | H54: =IFERROR(IF(IFERROR(AGGREGATE(14,6,(Inventory!$G$6:$G$205+(205-ROW(Inventory!$G$6:$G$205))/10000)/(Inventory!$G$6:$G$205>0),47),"")="","",INDEX(Inventory!$I$6:$I$205,IFERROR(MATCH(IFERROR(AGGREGATE(14,6,(Inventory!$G$6:$G$205+(205-ROW(Inventory!$G$6:$G$205))/10000)/(Inventory!$G$6:$G$205>0),47),""),(Inventory!$G$6:$G$205+(205-ROW(Inventory!$G$6:$G$205))/10000),0),""))),"") | I54: =IFERROR(IF(IFERROR(AGGREGATE(14,6,(Inventory!$G$6:$G$205+(205-ROW(Inventory!$G$6:$G$205))/10000)/(Inventory!$G$6:$G$205>0),47),"")="","",INDEX(Inventory!$K$6:$K$205,IFERROR(MATCH(IFERROR(AGGREGATE(14,6,(Inventory!$G$6:$G$205+(205-ROW(Inventory!$G$6:$G$205))/10000)/(Inventory!$G$6:$G$205>0),47),""),(Inventory!$G$6:$G$205+(205-ROW(Inventory!$G$6:$G$205))/10000),0),""))),"")
A55: =IFERROR(IF(IFERROR(AGGREGATE(14,6,(Inventory!$G$6:$G$205+(205-ROW(Inventory!$G$6:$G$205))/10000)/(Inventory!$G$6:$G$205>0),48),"")="","",INDEX(Inventory!$A$6:$A$205,IFERROR(MATCH(IFERROR(AGGREGATE(14,6,(Inventory!$G$6:$G$205+(205-ROW(Inventory!$G$6:$G$205))/10000)/(Inventory!$G$6:$G$205>0),48),""),(Inventory!$G$6:$G$205+(205-ROW(Inventory!$G$6:$G$205))/10000),0),""))),"") | B55: =IFERROR(IF(IFERROR(AGGREGATE(14,6,(Inventory!$G$6:$G$205+(205-ROW(Inventory!$G$6:$G$205))/10000)/(Inventory!$G$6:$G$205>0),48),"")="","",INDEX(Inventory!$B$6:$B$205,IFERROR(MATCH(IFERROR(AGGREGATE(14,6,(Inventory!$G$6:$G$205+(205-ROW(Inventory!$G$6:$G$205))/10000)/(Inventory!$G$6:$G$205>0),48),""),(Inventory!$G$6:$G$205+(205-ROW(Inventory!$G$6:$G$205))/10000),0),""))),"") | C55: =IFERROR(IF(IFERROR(AGGREGATE(14,6,(Inventory!$G$6:$G$205+(205-ROW(Inventory!$G$6:$G$205))/10000)/(Inventory!$G$6:$G$205>0),48),"")="","",INDEX(Inventory!$D$6:$D$205,IFERROR(MATCH(IFERROR(AGGREGATE(14,6,(Inventory!$G$6:$G$205+(205-ROW(Inventory!$G$6:$G$205))/10000)/(Inventory!$G$6:$G$205>0),48),""),(Inventory!$G$6:$G$205+(205-ROW(Inventory!$G$6:$G$205))/10000),0),""))),"") | D55: =IFERROR(IF(IFERROR(AGGREGATE(14,6,(Inventory!$G$6:$G$205+(205-ROW(Inventory!$G$6:$G$205))/10000)/(Inventory!$G$6:$G$205>0),48),"")="","",INDEX(Inventory!$H$6:$H$205,IFERROR(MATCH(IFERROR(AGGREGATE(14,6,(Inventory!$G$6:$G$205+(205-ROW(Inventory!$G$6:$G$205))/10000)/(Inventory!$G$6:$G$205>0),48),""),(Inventory!$G$6:$G$205+(205-ROW(Inventory!$G$6:$G$205))/10000),0),""))),"") | E55: =IFERROR(IF(IFERROR(AGGREGATE(14,6,(Inventory!$G$6:$G$205+(205-ROW(Inventory!$G$6:$G$205))/10000)/(Inventory!$G$6:$G$205>0),48),"")="","",INDEX(Inventory!$E$6:$E$205,IFERROR(MATCH(IFERROR(AGGREGATE(14,6,(Inventory!$G$6:$G$205+(205-ROW(Inventory!$G$6:$G$205))/10000)/(Inventory!$G$6:$G$205>0),48),""),(Inventory!$G$6:$G$205+(205-ROW(Inventory!$G$6:$G$205))/10000),0),""))),"") | F55: =IFERROR(IF(IFERROR(AGGREGATE(14,6,(Inventory!$G$6:$G$205+(205-ROW(Inventory!$G$6:$G$205))/10000)/(Inventory!$G$6:$G$205>0),48),"")="","",INDEX(Inventory!$F$6:$F$205,IFERROR(MATCH(IFERROR(AGGREGATE(14,6,(Inventory!$G$6:$G$205+(205-ROW(Inventory!$G$6:$G$205))/10000)/(Inventory!$G$6:$G$205>0),48),""),(Inventory!$G$6:$G$205+(205-ROW(Inventory!$G$6:$G$205))/10000),0),""))),"") | G55: =IFERROR(IF(IFERROR(AGGREGATE(14,6,(Inventory!$G$6:$G$205+(205-ROW(Inventory!$G$6:$G$205))/10000)/(Inventory!$G$6:$G$205>0),48),"")="","",INDEX(Inventory!$G$6:$G$205,IFERROR(MATCH(IFERROR(AGGREGATE(14,6,(Inventory!$G$6:$G$205+(205-ROW(Inventory!$G$6:$G$205))/10000)/(Inventory!$G$6:$G$205>0),48),""),(Inventory!$G$6:$G$205+(205-ROW(Inventory!$G$6:$G$205))/10000),0),""))),"") | H55: =IFERROR(IF(IFERROR(AGGREGATE(14,6,(Inventory!$G$6:$G$205+(205-ROW(Inventory!$G$6:$G$205))/10000)/(Inventory!$G$6:$G$205>0),48),"")="","",INDEX(Inventory!$I$6:$I$205,IFERROR(MATCH(IFERROR(AGGREGATE(14,6,(Inventory!$G$6:$G$205+(205-ROW(Inventory!$G$6:$G$205))/10000)/(Inventory!$G$6:$G$205>0),48),""),(Inventory!$G$6:$G$205+(205-ROW(Inventory!$G$6:$G$205))/10000),0),""))),"") | I55: =IFERROR(IF(IFERROR(AGGREGATE(14,6,(Inventory!$G$6:$G$205+(205-ROW(Inventory!$G$6:$G$205))/10000)/(Inventory!$G$6:$G$205>0),48),"")="","",INDEX(Inventory!$K$6:$K$205,IFERROR(MATCH(IFERROR(AGGREGATE(14,6,(Inventory!$G$6:$G$205+(205-ROW(Inventory!$G$6:$G$205))/10000)/(Inventory!$G$6:$G$205>0),48),""),(Inventory!$G$6:$G$205+(205-ROW(Inventory!$G$6:$G$205))/10000),0),""))),"")
A56: =IFERROR(IF(IFERROR(AGGREGATE(14,6,(Inventory!$G$6:$G$205+(205-ROW(Inventory!$G$6:$G$205))/10000)/(Inventory!$G$6:$G$205>0),49),"")="","",INDEX(Inventory!$A$6:$A$205,IFERROR(MATCH(IFERROR(AGGREGATE(14,6,(Inventory!$G$6:$G$205+(205-ROW(Inventory!$G$6:$G$205))/10000)/(Inventory!$G$6:$G$205>0),49),""),(Inventory!$G$6:$G$205+(205-ROW(Inventory!$G$6:$G$205))/10000),0),""))),"") | B56: =IFERROR(IF(IFERROR(AGGREGATE(14,6,(Inventory!$G$6:$G$205+(205-ROW(Inventory!$G$6:$G$205))/10000)/(Inventory!$G$6:$G$205>0),49),"")="","",INDEX(Inventory!$B$6:$B$205,IFERROR(MATCH(IFERROR(AGGREGATE(14,6,(Inventory!$G$6:$G$205+(205-ROW(Inventory!$G$6:$G$205))/10000)/(Inventory!$G$6:$G$205>0),49),""),(Inventory!$G$6:$G$205+(205-ROW(Inventory!$G$6:$G$205))/10000),0),""))),"") | C56: =IFERROR(IF(IFERROR(AGGREGATE(14,6,(Inventory!$G$6:$G$205+(205-ROW(Inventory!$G$6:$G$205))/10000)/(Inventory!$G$6:$G$205>0),49),"")="","",INDEX(Inventory!$D$6:$D$205,IFERROR(MATCH(IFERROR(AGGREGATE(14,6,(Inventory!$G$6:$G$205+(205-ROW(Inventory!$G$6:$G$205))/10000)/(Inventory!$G$6:$G$205>0),49),""),(Inventory!$G$6:$G$205+(205-ROW(Inventory!$G$6:$G$205))/10000),0),""))),"") | D56: =IFERROR(IF(IFERROR(AGGREGATE(14,6,(Inventory!$G$6:$G$205+(205-ROW(Inventory!$G$6:$G$205))/10000)/(Inventory!$G$6:$G$205>0),49),"")="","",INDEX(Inventory!$H$6:$H$205,IFERROR(MATCH(IFERROR(AGGREGATE(14,6,(Inventory!$G$6:$G$205+(205-ROW(Inventory!$G$6:$G$205))/10000)/(Inventory!$G$6:$G$205>0),49),""),(Inventory!$G$6:$G$205+(205-ROW(Inventory!$G$6:$G$205))/10000),0),""))),"") | E56: =IFERROR(IF(IFERROR(AGGREGATE(14,6,(Inventory!$G$6:$G$205+(205-ROW(Inventory!$G$6:$G$205))/10000)/(Inventory!$G$6:$G$205>0),49),"")="","",INDEX(Inventory!$E$6:$E$205,IFERROR(MATCH(IFERROR(AGGREGATE(14,6,(Inventory!$G$6:$G$205+(205-ROW(Inventory!$G$6:$G$205))/10000)/(Inventory!$G$6:$G$205>0),49),""),(Inventory!$G$6:$G$205+(205-ROW(Inventory!$G$6:$G$205))/10000),0),""))),"") | F56: =IFERROR(IF(IFERROR(AGGREGATE(14,6,(Inventory!$G$6:$G$205+(205-ROW(Inventory!$G$6:$G$205))/10000)/(Inventory!$G$6:$G$205>0),49),"")="","",INDEX(Inventory!$F$6:$F$205,IFERROR(MATCH(IFERROR(AGGREGATE(14,6,(Inventory!$G$6:$G$205+(205-ROW(Inventory!$G$6:$G$205))/10000)/(Inventory!$G$6:$G$205>0),49),""),(Inventory!$G$6:$G$205+(205-ROW(Inventory!$G$6:$G$205))/10000),0),""))),"") | G56: =IFERROR(IF(IFERROR(AGGREGATE(14,6,(Inventory!$G$6:$G$205+(205-ROW(Inventory!$G$6:$G$205))/10000)/(Inventory!$G$6:$G$205>0),49),"")="","",INDEX(Inventory!$G$6:$G$205,IFERROR(MATCH(IFERROR(AGGREGATE(14,6,(Inventory!$G$6:$G$205+(205-ROW(Inventory!$G$6:$G$205))/10000)/(Inventory!$G$6:$G$205>0),49),""),(Inventory!$G$6:$G$205+(205-ROW(Inventory!$G$6:$G$205))/10000),0),""))),"") | H56: =IFERROR(IF(IFERROR(AGGREGATE(14,6,(Inventory!$G$6:$G$205+(205-ROW(Inventory!$G$6:$G$205))/10000)/(Inventory!$G$6:$G$205>0),49),"")="","",INDEX(Inventory!$I$6:$I$205,IFERROR(MATCH(IFERROR(AGGREGATE(14,6,(Inventory!$G$6:$G$205+(205-ROW(Inventory!$G$6:$G$205))/10000)/(Inventory!$G$6:$G$205>0),49),""),(Inventory!$G$6:$G$205+(205-ROW(Inventory!$G$6:$G$205))/10000),0),""))),"") | I56: =IFERROR(IF(IFERROR(AGGREGATE(14,6,(Inventory!$G$6:$G$205+(205-ROW(Inventory!$G$6:$G$205))/10000)/(Inventory!$G$6:$G$205>0),49),"")="","",INDEX(Inventory!$K$6:$K$205,IFERROR(MATCH(IFERROR(AGGREGATE(14,6,(Inventory!$G$6:$G$205+(205-ROW(Inventory!$G$6:$G$205))/10000)/(Inventory!$G$6:$G$205>0),49),""),(Inventory!$G$6:$G$205+(205-ROW(Inventory!$G$6:$G$205))/10000),0),""))),"")
A57: =IFERROR(IF(IFERROR(AGGREGATE(14,6,(Inventory!$G$6:$G$205+(205-ROW(Inventory!$G$6:$G$205))/10000)/(Inventory!$G$6:$G$205>0),50),"")="","",INDEX(Inventory!$A$6:$A$205,IFERROR(MATCH(IFERROR(AGGREGATE(14,6,(Inventory!$G$6:$G$205+(205-ROW(Inventory!$G$6:$G$205))/10000)/(Inventory!$G$6:$G$205>0),50),""),(Inventory!$G$6:$G$205+(205-ROW(Inventory!$G$6:$G$205))/10000),0),""))),"") | B57: =IFERROR(IF(IFERROR(AGGREGATE(14,6,(Inventory!$G$6:$G$205+(205-ROW(Inventory!$G$6:$G$205))/10000)/(Inventory!$G$6:$G$205>0),50),"")="","",INDEX(Inventory!$B$6:$B$205,IFERROR(MATCH(IFERROR(AGGREGATE(14,6,(Inventory!$G$6:$G$205+(205-ROW(Inventory!$G$6:$G$205))/10000)/(Inventory!$G$6:$G$205>0),50),""),(Inventory!$G$6:$G$205+(205-ROW(Inventory!$G$6:$G$205))/10000),0),""))),"") | C57: =IFERROR(IF(IFERROR(AGGREGATE(14,6,(Inventory!$G$6:$G$205+(205-ROW(Inventory!$G$6:$G$205))/10000)/(Inventory!$G$6:$G$205>0),50),"")="","",INDEX(Inventory!$D$6:$D$205,IFERROR(MATCH(IFERROR(AGGREGATE(14,6,(Inventory!$G$6:$G$205+(205-ROW(Inventory!$G$6:$G$205))/10000)/(Inventory!$G$6:$G$205>0),50),""),(Inventory!$G$6:$G$205+(205-ROW(Inventory!$G$6:$G$205))/10000),0),""))),"") | D57: =IFERROR(IF(IFERROR(AGGREGATE(14,6,(Inventory!$G$6:$G$205+(205-ROW(Inventory!$G$6:$G$205))/10000)/(Inventory!$G$6:$G$205>0),50),"")="","",INDEX(Inventory!$H$6:$H$205,IFERROR(MATCH(IFERROR(AGGREGATE(14,6,(Inventory!$G$6:$G$205+(205-ROW(Inventory!$G$6:$G$205))/10000)/(Inventory!$G$6:$G$205>0),50),""),(Inventory!$G$6:$G$205+(205-ROW(Inventory!$G$6:$G$205))/10000),0),""))),"") | E57: =IFERROR(IF(IFERROR(AGGREGATE(14,6,(Inventory!$G$6:$G$205+(205-ROW(Inventory!$G$6:$G$205))/10000)/(Inventory!$G$6:$G$205>0),50),"")="","",INDEX(Inventory!$E$6:$E$205,IFERROR(MATCH(IFERROR(AGGREGATE(14,6,(Inventory!$G$6:$G$205+(205-ROW(Inventory!$G$6:$G$205))/10000)/(Inventory!$G$6:$G$205>0),50),""),(Inventory!$G$6:$G$205+(205-ROW(Inventory!$G$6:$G$205))/10000),0),""))),"") | F57: =IFERROR(IF(IFERROR(AGGREGATE(14,6,(Inventory!$G$6:$G$205+(205-ROW(Inventory!$G$6:$G$205))/10000)/(Inventory!$G$6:$G$205>0),50),"")="","",INDEX(Inventory!$F$6:$F$205,IFERROR(MATCH(IFERROR(AGGREGATE(14,6,(Inventory!$G$6:$G$205+(205-ROW(Inventory!$G$6:$G$205))/10000)/(Inventory!$G$6:$G$205>0),50),""),(Inventory!$G$6:$G$205+(205-ROW(Inventory!$G$6:$G$205))/10000),0),""))),"") | G57: =IFERROR(IF(IFERROR(AGGREGATE(14,6,(Inventory!$G$6:$G$205+(205-ROW(Inventory!$G$6:$G$205))/10000)/(Inventory!$G$6:$G$205>0),50),"")="","",INDEX(Inventory!$G$6:$G$205,IFERROR(MATCH(IFERROR(AGGREGATE(14,6,(Inventory!$G$6:$G$205+(205-ROW(Inventory!$G$6:$G$205))/10000)/(Inventory!$G$6:$G$205>0),50),""),(Inventory!$G$6:$G$205+(205-ROW(Inventory!$G$6:$G$205))/10000),0),""))),"") | H57: =IFERROR(IF(IFERROR(AGGREGATE(14,6,(Inventory!$G$6:$G$205+(205-ROW(Inventory!$G$6:$G$205))/10000)/(Inventory!$G$6:$G$205>0),50),"")="","",INDEX(Inventory!$I$6:$I$205,IFERROR(MATCH(IFERROR(AGGREGATE(14,6,(Inventory!$G$6:$G$205+(205-ROW(Inventory!$G$6:$G$205))/10000)/(Inventory!$G$6:$G$205>0),50),""),(Inventory!$G$6:$G$205+(205-ROW(Inventory!$G$6:$G$205))/10000),0),""))),"") | I57: =IFERROR(IF(IFERROR(AGGREGATE(14,6,(Inventory!$G$6:$G$205+(205-ROW(Inventory!$G$6:$G$205))/10000)/(Inventory!$G$6:$G$205>0),50),"")="","",INDEX(Inventory!$K$6:$K$205,IFERROR(MATCH(IFERROR(AGGREGATE(14,6,(Inventory!$G$6:$G$205+(205-ROW(Inventory!$G$6:$G$205))/10000)/(Inventory!$G$6:$G$205>0),50),""),(Inventory!$G$6:$G$205+(205-ROW(Inventory!$G$6:$G$205))/10000),0),""))),"")
A58: =IFERROR(IF(IFERROR(AGGREGATE(14,6,(Inventory!$G$6:$G$205+(205-ROW(Inventory!$G$6:$G$205))/10000)/(Inventory!$G$6:$G$205>0),51),"")="","",INDEX(Inventory!$A$6:$A$205,IFERROR(MATCH(IFERROR(AGGREGATE(14,6,(Inventory!$G$6:$G$205+(205-ROW(Inventory!$G$6:$G$205))/10000)/(Inventory!$G$6:$G$205>0),51),""),(Inventory!$G$6:$G$205+(205-ROW(Inventory!$G$6:$G$205))/10000),0),""))),"") | B58: =IFERROR(IF(IFERROR(AGGREGATE(14,6,(Inventory!$G$6:$G$205+(205-ROW(Inventory!$G$6:$G$205))/10000)/(Inventory!$G$6:$G$205>0),51),"")="","",INDEX(Inventory!$B$6:$B$205,IFERROR(MATCH(IFERROR(AGGREGATE(14,6,(Inventory!$G$6:$G$205+(205-ROW(Inventory!$G$6:$G$205))/10000)/(Inventory!$G$6:$G$205>0),51),""),(Inventory!$G$6:$G$205+(205-ROW(Inventory!$G$6:$G$205))/10000),0),""))),"") | C58: =IFERROR(IF(IFERROR(AGGREGATE(14,6,(Inventory!$G$6:$G$205+(205-ROW(Inventory!$G$6:$G$205))/10000)/(Inventory!$G$6:$G$205>0),51),"")="","",INDEX(Inventory!$D$6:$D$205,IFERROR(MATCH(IFERROR(AGGREGATE(14,6,(Inventory!$G$6:$G$205+(205-ROW(Inventory!$G$6:$G$205))/10000)/(Inventory!$G$6:$G$205>0),51),""),(Inventory!$G$6:$G$205+(205-ROW(Inventory!$G$6:$G$205))/10000),0),""))),"") | D58: =IFERROR(IF(IFERROR(AGGREGATE(14,6,(Inventory!$G$6:$G$205+(205-ROW(Inventory!$G$6:$G$205))/10000)/(Inventory!$G$6:$G$205>0),51),"")="","",INDEX(Inventory!$H$6:$H$205,IFERROR(MATCH(IFERROR(AGGREGATE(14,6,(Inventory!$G$6:$G$205+(205-ROW(Inventory!$G$6:$G$205))/10000)/(Inventory!$G$6:$G$205>0),51),""),(Inventory!$G$6:$G$205+(205-ROW(Inventory!$G$6:$G$205))/10000),0),""))),"") | E58: =IFERROR(IF(IFERROR(AGGREGATE(14,6,(Inventory!$G$6:$G$205+(205-ROW(Inventory!$G$6:$G$205))/10000)/(Inventory!$G$6:$G$205>0),51),"")="","",INDEX(Inventory!$E$6:$E$205,IFERROR(MATCH(IFERROR(AGGREGATE(14,6,(Inventory!$G$6:$G$205+(205-ROW(Inventory!$G$6:$G$205))/10000)/(Inventory!$G$6:$G$205>0),51),""),(Inventory!$G$6:$G$205+(205-ROW(Inventory!$G$6:$G$205))/10000),0),""))),"") | F58: =IFERROR(IF(IFERROR(AGGREGATE(14,6,(Inventory!$G$6:$G$205+(205-ROW(Inventory!$G$6:$G$205))/10000)/(Inventory!$G$6:$G$205>0),51),"")="","",INDEX(Inventory!$F$6:$F$205,IFERROR(MATCH(IFERROR(AGGREGATE(14,6,(Inventory!$G$6:$G$205+(205-ROW(Inventory!$G$6:$G$205))/10000)/(Inventory!$G$6:$G$205>0),51),""),(Inventory!$G$6:$G$205+(205-ROW(Inventory!$G$6:$G$205))/10000),0),""))),"") | G58: =IFERROR(IF(IFERROR(AGGREGATE(14,6,(Inventory!$G$6:$G$205+(205-ROW(Inventory!$G$6:$G$205))/10000)/(Inventory!$G$6:$G$205>0),51),"")="","",INDEX(Inventory!$G$6:$G$205,IFERROR(MATCH(IFERROR(AGGREGATE(14,6,(Inventory!$G$6:$G$205+(205-ROW(Inventory!$G$6:$G$205))/10000)/(Inventory!$G$6:$G$205>0),51),""),(Inventory!$G$6:$G$205+(205-ROW(Inventory!$G$6:$G$205))/10000),0),""))),"") | H58: =IFERROR(IF(IFERROR(AGGREGATE(14,6,(Inventory!$G$6:$G$205+(205-ROW(Inventory!$G$6:$G$205))/10000)/(Inventory!$G$6:$G$205>0),51),"")="","",INDEX(Inventory!$I$6:$I$205,IFERROR(MATCH(IFERROR(AGGREGATE(14,6,(Inventory!$G$6:$G$205+(205-ROW(Inventory!$G$6:$G$205))/10000)/(Inventory!$G$6:$G$205>0),51),""),(Inventory!$G$6:$G$205+(205-ROW(Inventory!$G$6:$G$205))/10000),0),""))),"") | I58: =IFERROR(IF(IFERROR(AGGREGATE(14,6,(Inventory!$G$6:$G$205+(205-ROW(Inventory!$G$6:$G$205))/10000)/(Inventory!$G$6:$G$205>0),51),"")="","",INDEX(Inventory!$K$6:$K$205,IFERROR(MATCH(IFERROR(AGGREGATE(14,6,(Inventory!$G$6:$G$205+(205-ROW(Inventory!$G$6:$G$205))/10000)/(Inventory!$G$6:$G$205>0),51),""),(Inventory!$G$6:$G$205+(205-ROW(Inventory!$G$6:$G$205))/10000),0),""))),"")
A59: =IFERROR(IF(IFERROR(AGGREGATE(14,6,(Inventory!$G$6:$G$205+(205-ROW(Inventory!$G$6:$G$205))/10000)/(Inventory!$G$6:$G$205>0),52),"")="","",INDEX(Inventory!$A$6:$A$205,IFERROR(MATCH(IFERROR(AGGREGATE(14,6,(Inventory!$G$6:$G$205+(205-ROW(Inventory!$G$6:$G$205))/10000)/(Inventory!$G$6:$G$205>0),52),""),(Inventory!$G$6:$G$205+(205-ROW(Inventory!$G$6:$G$205))/10000),0),""))),"") | B59: =IFERROR(IF(IFERROR(AGGREGATE(14,6,(Inventory!$G$6:$G$205+(205-ROW(Inventory!$G$6:$G$205))/10000)/(Inventory!$G$6:$G$205>0),52),"")="","",INDEX(Inventory!$B$6:$B$205,IFERROR(MATCH(IFERROR(AGGREGATE(14,6,(Inventory!$G$6:$G$205+(205-ROW(Inventory!$G$6:$G$205))/10000)/(Inventory!$G$6:$G$205>0),52),""),(Inventory!$G$6:$G$205+(205-ROW(Inventory!$G$6:$G$205))/10000),0),""))),"") | C59: =IFERROR(IF(IFERROR(AGGREGATE(14,6,(Inventory!$G$6:$G$205+(205-ROW(Inventory!$G$6:$G$205))/10000)/(Inventory!$G$6:$G$205>0),52),"")="","",INDEX(Inventory!$D$6:$D$205,IFERROR(MATCH(IFERROR(AGGREGATE(14,6,(Inventory!$G$6:$G$205+(205-ROW(Inventory!$G$6:$G$205))/10000)/(Inventory!$G$6:$G$205>0),52),""),(Inventory!$G$6:$G$205+(205-ROW(Inventory!$G$6:$G$205))/10000),0),""))),"") | D59: =IFERROR(IF(IFERROR(AGGREGATE(14,6,(Inventory!$G$6:$G$205+(205-ROW(Inventory!$G$6:$G$205))/10000)/(Inventory!$G$6:$G$205>0),52),"")="","",INDEX(Inventory!$H$6:$H$205,IFERROR(MATCH(IFERROR(AGGREGATE(14,6,(Inventory!$G$6:$G$205+(205-ROW(Inventory!$G$6:$G$205))/10000)/(Inventory!$G$6:$G$205>0),52),""),(Inventory!$G$6:$G$205+(205-ROW(Inventory!$G$6:$G$205))/10000),0),""))),"") | E59: =IFERROR(IF(IFERROR(AGGREGATE(14,6,(Inventory!$G$6:$G$205+(205-ROW(Inventory!$G$6:$G$205))/10000)/(Inventory!$G$6:$G$205>0),52),"")="","",INDEX(Inventory!$E$6:$E$205,IFERROR(MATCH(IFERROR(AGGREGATE(14,6,(Inventory!$G$6:$G$205+(205-ROW(Inventory!$G$6:$G$205))/10000)/(Inventory!$G$6:$G$205>0),52),""),(Inventory!$G$6:$G$205+(205-ROW(Inventory!$G$6:$G$205))/10000),0),""))),"") | F59: =IFERROR(IF(IFERROR(AGGREGATE(14,6,(Inventory!$G$6:$G$205+(205-ROW(Inventory!$G$6:$G$205))/10000)/(Inventory!$G$6:$G$205>0),52),"")="","",INDEX(Inventory!$F$6:$F$205,IFERROR(MATCH(IFERROR(AGGREGATE(14,6,(Inventory!$G$6:$G$205+(205-ROW(Inventory!$G$6:$G$205))/10000)/(Inventory!$G$6:$G$205>0),52),""),(Inventory!$G$6:$G$205+(205-ROW(Inventory!$G$6:$G$205))/10000),0),""))),"") | G59: =IFERROR(IF(IFERROR(AGGREGATE(14,6,(Inventory!$G$6:$G$205+(205-ROW(Inventory!$G$6:$G$205))/10000)/(Inventory!$G$6:$G$205>0),52),"")="","",INDEX(Inventory!$G$6:$G$205,IFERROR(MATCH(IFERROR(AGGREGATE(14,6,(Inventory!$G$6:$G$205+(205-ROW(Inventory!$G$6:$G$205))/10000)/(Inventory!$G$6:$G$205>0),52),""),(Inventory!$G$6:$G$205+(205-ROW(Inventory!$G$6:$G$205))/10000),0),""))),"") | H59: =IFERROR(IF(IFERROR(AGGREGATE(14,6,(Inventory!$G$6:$G$205+(205-ROW(Inventory!$G$6:$G$205))/10000)/(Inventory!$G$6:$G$205>0),52),"")="","",INDEX(Inventory!$I$6:$I$205,IFERROR(MATCH(IFERROR(AGGREGATE(14,6,(Inventory!$G$6:$G$205+(205-ROW(Inventory!$G$6:$G$205))/10000)/(Inventory!$G$6:$G$205>0),52),""),(Inventory!$G$6:$G$205+(205-ROW(Inventory!$G$6:$G$205))/10000),0),""))),"") | I59: =IFERROR(IF(IFERROR(AGGREGATE(14,6,(Inventory!$G$6:$G$205+(205-ROW(Inventory!$G$6:$G$205))/10000)/(Inventory!$G$6:$G$205>0),52),"")="","",INDEX(Inventory!$K$6:$K$205,IFERROR(MATCH(IFERROR(AGGREGATE(14,6,(Inventory!$G$6:$G$205+(205-ROW(Inventory!$G$6:$G$205))/10000)/(Inventory!$G$6:$G$205>0),52),""),(Inventory!$G$6:$G$205+(205-ROW(Inventory!$G$6:$G$205))/10000),0),""))),"")
A60: =IFERROR(IF(IFERROR(AGGREGATE(14,6,(Inventory!$G$6:$G$205+(205-ROW(Inventory!$G$6:$G$205))/10000)/(Inventory!$G$6:$G$205>0),53),"")="","",INDEX(Inventory!$A$6:$A$205,IFERROR(MATCH(IFERROR(AGGREGATE(14,6,(Inventory!$G$6:$G$205+(205-ROW(Inventory!$G$6:$G$205))/10000)/(Inventory!$G$6:$G$205>0),53),""),(Inventory!$G$6:$G$205+(205-ROW(Inventory!$G$6:$G$205))/10000),0),""))),"") | B60: =IFERROR(IF(IFERROR(AGGREGATE(14,6,(Inventory!$G$6:$G$205+(205-ROW(Inventory!$G$6:$G$205))/10000)/(Inventory!$G$6:$G$205>0),53),"")="","",INDEX(Inventory!$B$6:$B$205,IFERROR(MATCH(IFERROR(AGGREGATE(14,6,(Inventory!$G$6:$G$205+(205-ROW(Inventory!$G$6:$G$205))/10000)/(Inventory!$G$6:$G$205>0),53),""),(Inventory!$G$6:$G$205+(205-ROW(Inventory!$G$6:$G$205))/10000),0),""))),"") | C60: =IFERROR(IF(IFERROR(AGGREGATE(14,6,(Inventory!$G$6:$G$205+(205-ROW(Inventory!$G$6:$G$205))/10000)/(Inventory!$G$6:$G$205>0),53),"")="","",INDEX(Inventory!$D$6:$D$205,IFERROR(MATCH(IFERROR(AGGREGATE(14,6,(Inventory!$G$6:$G$205+(205-ROW(Inventory!$G$6:$G$205))/10000)/(Inventory!$G$6:$G$205>0),53),""),(Inventory!$G$6:$G$205+(205-ROW(Inventory!$G$6:$G$205))/10000),0),""))),"") | D60: =IFERROR(IF(IFERROR(AGGREGATE(14,6,(Inventory!$G$6:$G$205+(205-ROW(Inventory!$G$6:$G$205))/10000)/(Inventory!$G$6:$G$205>0),53),"")="","",INDEX(Inventory!$H$6:$H$205,IFERROR(MATCH(IFERROR(AGGREGATE(14,6,(Inventory!$G$6:$G$205+(205-ROW(Inventory!$G$6:$G$205))/10000)/(Inventory!$G$6:$G$205>0),53),""),(Inventory!$G$6:$G$205+(205-ROW(Inventory!$G$6:$G$205))/10000),0),""))),"") | E60: =IFERROR(IF(IFERROR(AGGREGATE(14,6,(Inventory!$G$6:$G$205+(205-ROW(Inventory!$G$6:$G$205))/10000)/(Inventory!$G$6:$G$205>0),53),"")="","",INDEX(Inventory!$E$6:$E$205,IFERROR(MATCH(IFERROR(AGGREGATE(14,6,(Inventory!$G$6:$G$205+(205-ROW(Inventory!$G$6:$G$205))/10000)/(Inventory!$G$6:$G$205>0),53),""),(Inventory!$G$6:$G$205+(205-ROW(Inventory!$G$6:$G$205))/10000),0),""))),"") | F60: =IFERROR(IF(IFERROR(AGGREGATE(14,6,(Inventory!$G$6:$G$205+(205-ROW(Inventory!$G$6:$G$205))/10000)/(Inventory!$G$6:$G$205>0),53),"")="","",INDEX(Inventory!$F$6:$F$205,IFERROR(MATCH(IFERROR(AGGREGATE(14,6,(Inventory!$G$6:$G$205+(205-ROW(Inventory!$G$6:$G$205))/10000)/(Inventory!$G$6:$G$205>0),53),""),(Inventory!$G$6:$G$205+(205-ROW(Inventory!$G$6:$G$205))/10000),0),""))),"") | G60: =IFERROR(IF(IFERROR(AGGREGATE(14,6,(Inventory!$G$6:$G$205+(205-ROW(Inventory!$G$6:$G$205))/10000)/(Inventory!$G$6:$G$205>0),53),"")="","",INDEX(Inventory!$G$6:$G$205,IFERROR(MATCH(IFERROR(AGGREGATE(14,6,(Inventory!$G$6:$G$205+(205-ROW(Inventory!$G$6:$G$205))/10000)/(Inventory!$G$6:$G$205>0),53),""),(Inventory!$G$6:$G$205+(205-ROW(Inventory!$G$6:$G$205))/10000),0),""))),"") | H60: =IFERROR(IF(IFERROR(AGGREGATE(14,6,(Inventory!$G$6:$G$205+(205-ROW(Inventory!$G$6:$G$205))/10000)/(Inventory!$G$6:$G$205>0),53),"")="","",INDEX(Inventory!$I$6:$I$205,IFERROR(MATCH(IFERROR(AGGREGATE(14,6,(Inventory!$G$6:$G$205+(205-ROW(Inventory!$G$6:$G$205))/10000)/(Inventory!$G$6:$G$205>0),53),""),(Inventory!$G$6:$G$205+(205-ROW(Inventory!$G$6:$G$205))/10000),0),""))),"") | I60: =IFERROR(IF(IFERROR(AGGREGATE(14,6,(Inventory!$G$6:$G$205+(205-ROW(Inventory!$G$6:$G$205))/10000)/(Inventory!$G$6:$G$205>0),53),"")="","",INDEX(Inventory!$K$6:$K$205,IFERROR(MATCH(IFERROR(AGGREGATE(14,6,(Inventory!$G$6:$G$205+(205-ROW(Inventory!$G$6:$G$205))/10000)/(Inventory!$G$6:$G$205>0),53),""),(Inventory!$G$6:$G$205+(205-ROW(Inventory!$G$6:$G$205))/10000),0),""))),"")
A61: =IFERROR(IF(IFERROR(AGGREGATE(14,6,(Inventory!$G$6:$G$205+(205-ROW(Inventory!$G$6:$G$205))/10000)/(Inventory!$G$6:$G$205>0),54),"")="","",INDEX(Inventory!$A$6:$A$205,IFERROR(MATCH(IFERROR(AGGREGATE(14,6,(Inventory!$G$6:$G$205+(205-ROW(Inventory!$G$6:$G$205))/10000)/(Inventory!$G$6:$G$205>0),54),""),(Inventory!$G$6:$G$205+(205-ROW(Inventory!$G$6:$G$205))/10000),0),""))),"") | B61: =IFERROR(IF(IFERROR(AGGREGATE(14,6,(Inventory!$G$6:$G$205+(205-ROW(Inventory!$G$6:$G$205))/10000)/(Inventory!$G$6:$G$205>0),54),"")="","",INDEX(Inventory!$B$6:$B$205,IFERROR(MATCH(IFERROR(AGGREGATE(14,6,(Inventory!$G$6:$G$205+(205-ROW(Inventory!$G$6:$G$205))/10000)/(Inventory!$G$6:$G$205>0),54),""),(Inventory!$G$6:$G$205+(205-ROW(Inventory!$G$6:$G$205))/10000),0),""))),"") | C61: =IFERROR(IF(IFERROR(AGGREGATE(14,6,(Inventory!$G$6:$G$205+(205-ROW(Inventory!$G$6:$G$205))/10000)/(Inventory!$G$6:$G$205>0),54),"")="","",INDEX(Inventory!$D$6:$D$205,IFERROR(MATCH(IFERROR(AGGREGATE(14,6,(Inventory!$G$6:$G$205+(205-ROW(Inventory!$G$6:$G$205))/10000)/(Inventory!$G$6:$G$205>0),54),""),(Inventory!$G$6:$G$205+(205-ROW(Inventory!$G$6:$G$205))/10000),0),""))),"") | D61: =IFERROR(IF(IFERROR(AGGREGATE(14,6,(Inventory!$G$6:$G$205+(205-ROW(Inventory!$G$6:$G$205))/10000)/(Inventory!$G$6:$G$205>0),54),"")="","",INDEX(Inventory!$H$6:$H$205,IFERROR(MATCH(IFERROR(AGGREGATE(14,6,(Inventory!$G$6:$G$205+(205-ROW(Inventory!$G$6:$G$205))/10000)/(Inventory!$G$6:$G$205>0),54),""),(Inventory!$G$6:$G$205+(205-ROW(Inventory!$G$6:$G$205))/10000),0),""))),"") | E61: =IFERROR(IF(IFERROR(AGGREGATE(14,6,(Inventory!$G$6:$G$205+(205-ROW(Inventory!$G$6:$G$205))/10000)/(Inventory!$G$6:$G$205>0),54),"")="","",INDEX(Inventory!$E$6:$E$205,IFERROR(MATCH(IFERROR(AGGREGATE(14,6,(Inventory!$G$6:$G$205+(205-ROW(Inventory!$G$6:$G$205))/10000)/(Inventory!$G$6:$G$205>0),54),""),(Inventory!$G$6:$G$205+(205-ROW(Inventory!$G$6:$G$205))/10000),0),""))),"") | F61: =IFERROR(IF(IFERROR(AGGREGATE(14,6,(Inventory!$G$6:$G$205+(205-ROW(Inventory!$G$6:$G$205))/10000)/(Inventory!$G$6:$G$205>0),54),"")="","",INDEX(Inventory!$F$6:$F$205,IFERROR(MATCH(IFERROR(AGGREGATE(14,6,(Inventory!$G$6:$G$205+(205-ROW(Inventory!$G$6:$G$205))/10000)/(Inventory!$G$6:$G$205>0),54),""),(Inventory!$G$6:$G$205+(205-ROW(Inventory!$G$6:$G$205))/10000),0),""))),"") | G61: =IFERROR(IF(IFERROR(AGGREGATE(14,6,(Inventory!$G$6:$G$205+(205-ROW(Inventory!$G$6:$G$205))/10000)/(Inventory!$G$6:$G$205>0),54),"")="","",INDEX(Inventory!$G$6:$G$205,IFERROR(MATCH(IFERROR(AGGREGATE(14,6,(Inventory!$G$6:$G$205+(205-ROW(Inventory!$G$6:$G$205))/10000)/(Inventory!$G$6:$G$205>0),54),""),(Inventory!$G$6:$G$205+(205-ROW(Inventory!$G$6:$G$205))/10000),0),""))),"") | H61: =IFERROR(IF(IFERROR(AGGREGATE(14,6,(Inventory!$G$6:$G$205+(205-ROW(Inventory!$G$6:$G$205))/10000)/(Inventory!$G$6:$G$205>0),54),"")="","",INDEX(Inventory!$I$6:$I$205,IFERROR(MATCH(IFERROR(AGGREGATE(14,6,(Inventory!$G$6:$G$205+(205-ROW(Inventory!$G$6:$G$205))/10000)/(Inventory!$G$6:$G$205>0),54),""),(Inventory!$G$6:$G$205+(205-ROW(Inventory!$G$6:$G$205))/10000),0),""))),"") | I61: =IFERROR(IF(IFERROR(AGGREGATE(14,6,(Inventory!$G$6:$G$205+(205-ROW(Inventory!$G$6:$G$205))/10000)/(Inventory!$G$6:$G$205>0),54),"")="","",INDEX(Inventory!$K$6:$K$205,IFERROR(MATCH(IFERROR(AGGREGATE(14,6,(Inventory!$G$6:$G$205+(205-ROW(Inventory!$G$6:$G$205))/10000)/(Inventory!$G$6:$G$205>0),54),""),(Inventory!$G$6:$G$205+(205-ROW(Inventory!$G$6:$G$205))/10000),0),""))),"")
A62: =IFERROR(IF(IFERROR(AGGREGATE(14,6,(Inventory!$G$6:$G$205+(205-ROW(Inventory!$G$6:$G$205))/10000)/(Inventory!$G$6:$G$205>0),55),"")="","",INDEX(Inventory!$A$6:$A$205,IFERROR(MATCH(IFERROR(AGGREGATE(14,6,(Inventory!$G$6:$G$205+(205-ROW(Inventory!$G$6:$G$205))/10000)/(Inventory!$G$6:$G$205>0),55),""),(Inventory!$G$6:$G$205+(205-ROW(Inventory!$G$6:$G$205))/10000),0),""))),"") | B62: =IFERROR(IF(IFERROR(AGGREGATE(14,6,(Inventory!$G$6:$G$205+(205-ROW(Inventory!$G$6:$G$205))/10000)/(Inventory!$G$6:$G$205>0),55),"")="","",INDEX(Inventory!$B$6:$B$205,IFERROR(MATCH(IFERROR(AGGREGATE(14,6,(Inventory!$G$6:$G$205+(205-ROW(Inventory!$G$6:$G$205))/10000)/(Inventory!$G$6:$G$205>0),55),""),(Inventory!$G$6:$G$205+(205-ROW(Inventory!$G$6:$G$205))/10000),0),""))),"") | C62: =IFERROR(IF(IFERROR(AGGREGATE(14,6,(Inventory!$G$6:$G$205+(205-ROW(Inventory!$G$6:$G$205))/10000)/(Inventory!$G$6:$G$205>0),55),"")="","",INDEX(Inventory!$D$6:$D$205,IFERROR(MATCH(IFERROR(AGGREGATE(14,6,(Inventory!$G$6:$G$205+(205-ROW(Inventory!$G$6:$G$205))/10000)/(Inventory!$G$6:$G$205>0),55),""),(Inventory!$G$6:$G$205+(205-ROW(Inventory!$G$6:$G$205))/10000),0),""))),"") | D62: =IFERROR(IF(IFERROR(AGGREGATE(14,6,(Inventory!$G$6:$G$205+(205-ROW(Inventory!$G$6:$G$205))/10000)/(Inventory!$G$6:$G$205>0),55),"")="","",INDEX(Inventory!$H$6:$H$205,IFERROR(MATCH(IFERROR(AGGREGATE(14,6,(Inventory!$G$6:$G$205+(205-ROW(Inventory!$G$6:$G$205))/10000)/(Inventory!$G$6:$G$205>0),55),""),(Inventory!$G$6:$G$205+(205-ROW(Inventory!$G$6:$G$205))/10000),0),""))),"") | E62: =IFERROR(IF(IFERROR(AGGREGATE(14,6,(Inventory!$G$6:$G$205+(205-ROW(Inventory!$G$6:$G$205))/10000)/(Inventory!$G$6:$G$205>0),55),"")="","",INDEX(Inventory!$E$6:$E$205,IFERROR(MATCH(IFERROR(AGGREGATE(14,6,(Inventory!$G$6:$G$205+(205-ROW(Inventory!$G$6:$G$205))/10000)/(Inventory!$G$6:$G$205>0),55),""),(Inventory!$G$6:$G$205+(205-ROW(Inventory!$G$6:$G$205))/10000),0),""))),"") | F62: =IFERROR(IF(IFERROR(AGGREGATE(14,6,(Inventory!$G$6:$G$205+(205-ROW(Inventory!$G$6:$G$205))/10000)/(Inventory!$G$6:$G$205>0),55),"")="","",INDEX(Inventory!$F$6:$F$205,IFERROR(MATCH(IFERROR(AGGREGATE(14,6,(Inventory!$G$6:$G$205+(205-ROW(Inventory!$G$6:$G$205))/10000)/(Inventory!$G$6:$G$205>0),55),""),(Inventory!$G$6:$G$205+(205-ROW(Inventory!$G$6:$G$205))/10000),0),""))),"") | G62: =IFERROR(IF(IFERROR(AGGREGATE(14,6,(Inventory!$G$6:$G$205+(205-ROW(Inventory!$G$6:$G$205))/10000)/(Inventory!$G$6:$G$205>0),55),"")="","",INDEX(Inventory!$G$6:$G$205,IFERROR(MATCH(IFERROR(AGGREGATE(14,6,(Inventory!$G$6:$G$205+(205-ROW(Inventory!$G$6:$G$205))/10000)/(Inventory!$G$6:$G$205>0),55),""),(Inventory!$G$6:$G$205+(205-ROW(Inventory!$G$6:$G$205))/10000),0),""))),"") | H62: =IFERROR(IF(IFERROR(AGGREGATE(14,6,(Inventory!$G$6:$G$205+(205-ROW(Inventory!$G$6:$G$205))/10000)/(Inventory!$G$6:$G$205>0),55),"")="","",INDEX(Inventory!$I$6:$I$205,IFERROR(MATCH(IFERROR(AGGREGATE(14,6,(Inventory!$G$6:$G$205+(205-ROW(Inventory!$G$6:$G$205))/10000)/(Inventory!$G$6:$G$205>0),55),""),(Inventory!$G$6:$G$205+(205-ROW(Inventory!$G$6:$G$205))/10000),0),""))),"") | I62: =IFERROR(IF(IFERROR(AGGREGATE(14,6,(Inventory!$G$6:$G$205+(205-ROW(Inventory!$G$6:$G$205))/10000)/(Inventory!$G$6:$G$205>0),55),"")="","",INDEX(Inventory!$K$6:$K$205,IFERROR(MATCH(IFERROR(AGGREGATE(14,6,(Inventory!$G$6:$G$205+(205-ROW(Inventory!$G$6:$G$205))/10000)/(Inventory!$G$6:$G$205>0),55),""),(Inventory!$G$6:$G$205+(205-ROW(Inventory!$G$6:$G$205))/10000),0),""))),"")
A63: =IFERROR(IF(IFERROR(AGGREGATE(14,6,(Inventory!$G$6:$G$205+(205-ROW(Inventory!$G$6:$G$205))/10000)/(Inventory!$G$6:$G$205>0),56),"")="","",INDEX(Inventory!$A$6:$A$205,IFERROR(MATCH(IFERROR(AGGREGATE(14,6,(Inventory!$G$6:$G$205+(205-ROW(Inventory!$G$6:$G$205))/10000)/(Inventory!$G$6:$G$205>0),56),""),(Inventory!$G$6:$G$205+(205-ROW(Inventory!$G$6:$G$205))/10000),0),""))),"") | B63: =IFERROR(IF(IFERROR(AGGREGATE(14,6,(Inventory!$G$6:$G$205+(205-ROW(Inventory!$G$6:$G$205))/10000)/(Inventory!$G$6:$G$205>0),56),"")="","",INDEX(Inventory!$B$6:$B$205,IFERROR(MATCH(IFERROR(AGGREGATE(14,6,(Inventory!$G$6:$G$205+(205-ROW(Inventory!$G$6:$G$205))/10000)/(Inventory!$G$6:$G$205>0),56),""),(Inventory!$G$6:$G$205+(205-ROW(Inventory!$G$6:$G$205))/10000),0),""))),"") | C63: =IFERROR(IF(IFERROR(AGGREGATE(14,6,(Inventory!$G$6:$G$205+(205-ROW(Inventory!$G$6:$G$205))/10000)/(Inventory!$G$6:$G$205>0),56),"")="","",INDEX(Inventory!$D$6:$D$205,IFERROR(MATCH(IFERROR(AGGREGATE(14,6,(Inventory!$G$6:$G$205+(205-ROW(Inventory!$G$6:$G$205))/10000)/(Inventory!$G$6:$G$205>0),56),""),(Inventory!$G$6:$G$205+(205-ROW(Inventory!$G$6:$G$205))/10000),0),""))),"") | D63: =IFERROR(IF(IFERROR(AGGREGATE(14,6,(Inventory!$G$6:$G$205+(205-ROW(Inventory!$G$6:$G$205))/10000)/(Inventory!$G$6:$G$205>0),56),"")="","",INDEX(Inventory!$H$6:$H$205,IFERROR(MATCH(IFERROR(AGGREGATE(14,6,(Inventory!$G$6:$G$205+(205-ROW(Inventory!$G$6:$G$205))/10000)/(Inventory!$G$6:$G$205>0),56),""),(Inventory!$G$6:$G$205+(205-ROW(Inventory!$G$6:$G$205))/10000),0),""))),"") | E63: =IFERROR(IF(IFERROR(AGGREGATE(14,6,(Inventory!$G$6:$G$205+(205-ROW(Inventory!$G$6:$G$205))/10000)/(Inventory!$G$6:$G$205>0),56),"")="","",INDEX(Inventory!$E$6:$E$205,IFERROR(MATCH(IFERROR(AGGREGATE(14,6,(Inventory!$G$6:$G$205+(205-ROW(Inventory!$G$6:$G$205))/10000)/(Inventory!$G$6:$G$205>0),56),""),(Inventory!$G$6:$G$205+(205-ROW(Inventory!$G$6:$G$205))/10000),0),""))),"") | F63: =IFERROR(IF(IFERROR(AGGREGATE(14,6,(Inventory!$G$6:$G$205+(205-ROW(Inventory!$G$6:$G$205))/10000)/(Inventory!$G$6:$G$205>0),56),"")="","",INDEX(Inventory!$F$6:$F$205,IFERROR(MATCH(IFERROR(AGGREGATE(14,6,(Inventory!$G$6:$G$205+(205-ROW(Inventory!$G$6:$G$205))/10000)/(Inventory!$G$6:$G$205>0),56),""),(Inventory!$G$6:$G$205+(205-ROW(Inventory!$G$6:$G$205))/10000),0),""))),"") | G63: =IFERROR(IF(IFERROR(AGGREGATE(14,6,(Inventory!$G$6:$G$205+(205-ROW(Inventory!$G$6:$G$205))/10000)/(Inventory!$G$6:$G$205>0),56),"")="","",INDEX(Inventory!$G$6:$G$205,IFERROR(MATCH(IFERROR(AGGREGATE(14,6,(Inventory!$G$6:$G$205+(205-ROW(Inventory!$G$6:$G$205))/10000)/(Inventory!$G$6:$G$205>0),56),""),(Inventory!$G$6:$G$205+(205-ROW(Inventory!$G$6:$G$205))/10000),0),""))),"") | H63: =IFERROR(IF(IFERROR(AGGREGATE(14,6,(Inventory!$G$6:$G$205+(205-ROW(Inventory!$G$6:$G$205))/10000)/(Inventory!$G$6:$G$205>0),56),"")="","",INDEX(Inventory!$I$6:$I$205,IFERROR(MATCH(IFERROR(AGGREGATE(14,6,(Inventory!$G$6:$G$205+(205-ROW(Inventory!$G$6:$G$205))/10000)/(Inventory!$G$6:$G$205>0),56),""),(Inventory!$G$6:$G$205+(205-ROW(Inventory!$G$6:$G$205))/10000),0),""))),"") | I63: =IFERROR(IF(IFERROR(AGGREGATE(14,6,(Inventory!$G$6:$G$205+(205-ROW(Inventory!$G$6:$G$205))/10000)/(Inventory!$G$6:$G$205>0),56),"")="","",INDEX(Inventory!$K$6:$K$205,IFERROR(MATCH(IFERROR(AGGREGATE(14,6,(Inventory!$G$6:$G$205+(205-ROW(Inventory!$G$6:$G$205))/10000)/(Inventory!$G$6:$G$205>0),56),""),(Inventory!$G$6:$G$205+(205-ROW(Inventory!$G$6:$G$205))/10000),0),""))),"")
