Workbook

Sheet Start
A2: The STR Ledger
A4: Cleaning Fee Optimizer
A5: The fee strategy that nets you the most.
A7: REV-001 · v1.0 · DEMO
A11: =IF(Inputs!C7="","(enter property on Inputs tab)",Inputs!C7)
A13: RECOMMENDED STRATEGY
A14: =Recommendation!C5
A17: ANNUAL REVENUE LIFT
A18: =IF(Recommendation!C6=0,"$0 — current strategy is already optimal","+"&TEXT(Recommendation!C6,"$#,##0")&" / year")
A21: ="+"&TEXT(Recommendation!C7,"0%")&" search visibility est."
A25: MATH SUMMARY
A26: ="Cleaning paid to cleaner: "&TEXT(Inputs!C8,"$#,##0")&" per turnover"
A27: ="Cleaning charged to guest today: "&TEXT(Inputs!C9,"$#,##0")&" per turnover"
A28: ="Implied per-night cleaning subsidy: "&TEXT(IFERROR((Inputs!C8-Inputs!C9)/Inputs!C11,0),"$#,##0.00")&" / night"
A30: Re-run when your cleaner rate or ADR changes.
A32: =HYPERLINK("#'Inputs'!A1", "Inputs") | D32: =HYPERLINK("#'Strategy Compare'!A1", "Strategy Compare") | G32: =HYPERLINK("#'LOS Sensitivity'!A1", "LOS Sensitivity") | J32: =HYPERLINK("#'Recommendation'!A1", "Recommendation")
A37: Optimizing pricing across the portfolio? Get the Pricing Bundle at thestrledger.com/pricing — $97.
A40: Questions? hello@thestrledger.com
A41: REV-001 · v1.0 · DEMO · Free updates forever

Sheet Inputs
A2: =HYPERLINK("#'Start'!A1", "← BACK") | D2: INPUTS | J2: =HYPERLINK("#'Strategy Compare'!A1", "NEXT →")
A4: Six numbers and the answer flips. Fill all of these — the math runs live.
A6: PROPERTY SCENARIO
B7: Property name: | C7: Smokies Ridge Cabin
B8: Cleaning cost paid to cleaner ($/turn): | C8: 185 | E8: What you pay your cleaner per turnover
B9: Current cleaning fee charged ($/turn): | C9: 185 | E9: What the guest pays at checkout today
B10: Current nightly rate (ADR, $): | C10: 245 | E10: Average nightly rate today
B11: Avg length of stay (nights): | C11: 3.2 | E11: Pull from Airbnb/Hospitable/PriceLabs reports
B12: Monthly bookings (avg): | C12: 8 | E12: Average bookings per month
B13: Platform commission (%): | C13: 0.15 | E13: Airbnb 15%, VRBO 8%, direct 0-3%
A15: LOS DISTRIBUTION (must sum to 100%)
B16: % bookings — short (1-2 nights): | C16: 0.4 | E16: Highest sensitivity to bundling
B17: % bookings — mid (3-4 nights): | C17: 0.45 | E17: Most STRs cluster here
B18: % bookings — long (5+ nights): | C18: 0.15 | E18: Least sensitivity to bundling
B19: LOS distribution sum: | C19: =SUM(C16:C18)
A21: Note: Airbnb (and most platforms) take their commission on TOTAL revenue including the cleaning fee — so passing through cleaning 1:1 still loses you the platform cut. The compare tab accounts for that.
A26: Questions? hello@thestrledger.com
A27: REV-001 · Inputs

Sheet Strategy Compare
A2: =HYPERLINK("#'Inputs'!A1", "← BACK") | D2: STRATEGY COMPARE | J2: =HYPERLINK("#'LOS Sensitivity'!A1", "NEXT →")
A4: Three pricing strategies, side by side. Numbers update from your Inputs.
B6: Metric | C6: A — Full Fee | D6: B — Partial Bundle (50%) | E6: C — Fully Bundled
B7: Description | C7: Charge cleaning fee in full at checkout | D7: Cut fee in half, raise nightly rate | E7: Roll cleaning fully into nightly rate
B9: Cleaning fee charged ($/turn): | C9: =Inputs!C9 | D9: =(Inputs!C9*0.5) | E9: =0
B10: Effective nightly rate ($): | C10: =Inputs!C10 | D10: =(Inputs!C10+(Inputs!C9*0.5)/Inputs!C11) | E10: =(Inputs!C10+Inputs!C9/Inputs!C11)
B11: Gross per booking ($): | C11: =((Inputs!C10*Inputs!C11)+Inputs!C9) | D11: =(((Inputs!C10+(Inputs!C9*0.5)/Inputs!C11)*Inputs!C11)+(Inputs!C9*0.5)) | E11: =(((Inputs!C10+Inputs!C9/Inputs!C11)*Inputs!C11)+0)
B12: Platform commission ($/booking): | C12: =(((Inputs!C10*Inputs!C11)+Inputs!C9)*Inputs!C13) | D12: =((((Inputs!C10+(Inputs!C9*0.5)/Inputs!C11)*Inputs!C11)+(Inputs!C9*0.5))*Inputs!C13) | E12: =((((Inputs!C10+Inputs!C9/Inputs!C11)*Inputs!C11)+0)*Inputs!C13)
B13: Net per booking ($): | C13: =(((Inputs!C10*Inputs!C11)+Inputs!C9)-(((Inputs!C10*Inputs!C11)+Inputs!C9)*Inputs!C13)-Inputs!C8) | D13: =((((Inputs!C10+(Inputs!C9*0.5)/Inputs!C11)*Inputs!C11)+(Inputs!C9*0.5))-((((Inputs!C10+(Inputs!C9*0.5)/Inputs!C11)*Inputs!C11)+(Inputs!C9*0.5))*Inputs!C13)-Inputs!C8) | E13: =((((Inputs!C10+Inputs!C9/Inputs!C11)*Inputs!C11)+0)-((((Inputs!C10+Inputs!C9/Inputs!C11)*Inputs!C11)+0)*Inputs!C13)-Inputs!C8)
B14: ANNUAL NET REVENUE: | C14: =((((Inputs!C10*Inputs!C11)+Inputs!C9)-(((Inputs!C10*Inputs!C11)+Inputs!C9)*Inputs!C13)-Inputs!C8)*Inputs!C12*12) | D14: =(((((Inputs!C10+(Inputs!C9*0.5)/Inputs!C11)*Inputs!C11)+(Inputs!C9*0.5))-((((Inputs!C10+(Inputs!C9*0.5)/Inputs!C11)*Inputs!C11)+(Inputs!C9*0.5))*Inputs!C13)-Inputs!C8)*Inputs!C12*12) | E14: =(((((Inputs!C10+Inputs!C9/Inputs!C11)*Inputs!C11)+0)-((((Inputs!C10+Inputs!C9/Inputs!C11)*Inputs!C11)+0)*Inputs!C13)-Inputs!C8)*Inputs!C12*12)
B15: Δ vs current (Strategy A): | C15: ="—" | D15: =D14-C14 | E15: =E14-C14
A17: AIRBNB SEARCH-RANK IMPACT (estimated)
B18: Cleaning fee / 3-night stay ratio: | C18: =IFERROR(Inputs!C9/((Inputs!C10*3)+Inputs!C9),0) | D18: =IFERROR((Inputs!C9*0.5)/(((Inputs!C10+(Inputs!C9*0.5)/Inputs!C11)*3)+(Inputs!C9*0.5)),0) | E18: =IFERROR(0/(((Inputs!C10+Inputs!C9/Inputs!C11)*3)+0),0)
B19: Impact estimate: | C19: =IF(IFERROR(Inputs!C9/((Inputs!C10*3)+Inputs!C9),0)>0.30,"Penalty (~10-15% loss)",IF(IFERROR(Inputs!C9/((Inputs!C10*3)+Inputs!C9),0)>0.15,"Mild penalty (~5-8% loss)","No penalty")) | D19: =IF(IFERROR((Inputs!C9*0.5)/(((Inputs!C10+(Inputs!C9*0.5)/Inputs!C11)*3)+(Inputs!C9*0.5)),0)>0.30,"Penalty (~10-15% loss)",IF(IFERROR((Inputs!C9*0.5)/(((Inputs!C10+(Inputs!C9*0.5)/Inputs!C11)*3)+(Inputs!C9*0.5)),0)>0.15,"Mild penalty (~5-8% loss)","No penalty")) | E19: =IF(IFERROR(0/(((Inputs!C10+Inputs!C9/Inputs!C11)*3)+0),0)>0.30,"Penalty (~10-15% loss)",IF(IFERROR(0/(((Inputs!C10+Inputs!C9/Inputs!C11)*3)+0),0)>0.15,"Mild penalty (~5-8% loss)","No penalty"))
B21: Guest perception: | C21: Sticker shock at checkout | D21: Balanced — both items moderate | E21: Higher per-night feels expensive
A23: Search-rank estimates: Airbnb's algorithm is opaque and changes constantly. Ranges are based on host-community A/B testing and Airbnb's published ranking factors as of 2026. Treat as directional, not exact.
A28: Questions? hello@thestrledger.com
A29: REV-001 · Strategy Compare

Sheet LOS Sensitivity
A2: =HYPERLINK("#'Strategy Compare'!A1", "← BACK") | D2: LOS SENSITIVITY | J2: =HYPERLINK("#'Recommendation'!A1", "NEXT →")
A4: Same compare, sliced by length-of-stay cohort. Short stays heavily favor bundling — long stays barely care.
A6: SHORT (1-2 nights) · representative LOS = 1.5
B7: Metric | C7: A — Full Fee | D7: B — Partial 50% | E7: C — Bundled
B8: Net per booking ($): | C8: =(((Inputs!C10*1.5)+Inputs!C9)-(((Inputs!C10*1.5)+Inputs!C9)*Inputs!C13)-Inputs!C8) | D8: =((((Inputs!C10+(Inputs!C9*0.5)/1.5)*1.5)+(Inputs!C9*0.5))-((((Inputs!C10+(Inputs!C9*0.5)/1.5)*1.5)+(Inputs!C9*0.5))*Inputs!C13)-Inputs!C8) | E8: =((((Inputs!C10+Inputs!C9/1.5)*1.5)+0)-((((Inputs!C10+Inputs!C9/1.5)*1.5)+0)*Inputs!C13)-Inputs!C8)
B9: Annual net (cohort, weighted by % bookings): | C9: =(((((Inputs!C10*1.5)+Inputs!C9)-(((Inputs!C10*1.5)+Inputs!C9)*Inputs!C13)-Inputs!C8)*Inputs!C12*12)*Inputs!C16) | D9: =((((((Inputs!C10+(Inputs!C9*0.5)/1.5)*1.5)+(Inputs!C9*0.5))-((((Inputs!C10+(Inputs!C9*0.5)/1.5)*1.5)+(Inputs!C9*0.5))*Inputs!C13)-Inputs!C8)*Inputs!C12*12)*Inputs!C16) | E9: =((((((Inputs!C10+Inputs!C9/1.5)*1.5)+0)-((((Inputs!C10+Inputs!C9/1.5)*1.5)+0)*Inputs!C13)-Inputs!C8)*Inputs!C12*12)*Inputs!C16)
B10: Δ vs Strategy A: | C10: ="—" | D10: =D9-C9 | E10: =E9-C9
A16: MID (3-4 nights) · representative LOS = 3.5
B17: Metric | C17: A — Full Fee | D17: B — Partial 50% | E17: C — Bundled
B18: Net per booking ($): | C18: =(((Inputs!C10*3.5)+Inputs!C9)-(((Inputs!C10*3.5)+Inputs!C9)*Inputs!C13)-Inputs!C8) | D18: =((((Inputs!C10+(Inputs!C9*0.5)/3.5)*3.5)+(Inputs!C9*0.5))-((((Inputs!C10+(Inputs!C9*0.5)/3.5)*3.5)+(Inputs!C9*0.5))*Inputs!C13)-Inputs!C8) | E18: =((((Inputs!C10+Inputs!C9/3.5)*3.5)+0)-((((Inputs!C10+Inputs!C9/3.5)*3.5)+0)*Inputs!C13)-Inputs!C8)
B19: Annual net (cohort, weighted by % bookings): | C19: =(((((Inputs!C10*3.5)+Inputs!C9)-(((Inputs!C10*3.5)+Inputs!C9)*Inputs!C13)-Inputs!C8)*Inputs!C12*12)*Inputs!C17) | D19: =((((((Inputs!C10+(Inputs!C9*0.5)/3.5)*3.5)+(Inputs!C9*0.5))-((((Inputs!C10+(Inputs!C9*0.5)/3.5)*3.5)+(Inputs!C9*0.5))*Inputs!C13)-Inputs!C8)*Inputs!C12*12)*Inputs!C17) | E19: =((((((Inputs!C10+Inputs!C9/3.5)*3.5)+0)-((((Inputs!C10+Inputs!C9/3.5)*3.5)+0)*Inputs!C13)-Inputs!C8)*Inputs!C12*12)*Inputs!C17)
B20: Δ vs Strategy A: | C20: ="—" | D20: =D19-C19 | E20: =E19-C19
A26: LONG (5+ nights) · representative LOS = 6.0
B27: Metric | C27: A — Full Fee | D27: B — Partial 50% | E27: C — Bundled
B28: Net per booking ($): | C28: =(((Inputs!C10*6.0)+Inputs!C9)-(((Inputs!C10*6.0)+Inputs!C9)*Inputs!C13)-Inputs!C8) | D28: =((((Inputs!C10+(Inputs!C9*0.5)/6.0)*6.0)+(Inputs!C9*0.5))-((((Inputs!C10+(Inputs!C9*0.5)/6.0)*6.0)+(Inputs!C9*0.5))*Inputs!C13)-Inputs!C8) | E28: =((((Inputs!C10+Inputs!C9/6.0)*6.0)+0)-((((Inputs!C10+Inputs!C9/6.0)*6.0)+0)*Inputs!C13)-Inputs!C8)
B29: Annual net (cohort, weighted by % bookings): | C29: =(((((Inputs!C10*6.0)+Inputs!C9)-(((Inputs!C10*6.0)+Inputs!C9)*Inputs!C13)-Inputs!C8)*Inputs!C12*12)*Inputs!C18) | D29: =((((((Inputs!C10+(Inputs!C9*0.5)/6.0)*6.0)+(Inputs!C9*0.5))-((((Inputs!C10+(Inputs!C9*0.5)/6.0)*6.0)+(Inputs!C9*0.5))*Inputs!C13)-Inputs!C8)*Inputs!C12*12)*Inputs!C18) | E29: =((((((Inputs!C10+Inputs!C9/6.0)*6.0)+0)-((((Inputs!C10+Inputs!C9/6.0)*6.0)+0)*Inputs!C13)-Inputs!C8)*Inputs!C12*12)*Inputs!C18)
B30: Δ vs Strategy A: | C30: ="—" | D30: =D29-C29 | E30: =E29-C29
A36: PORTFOLIO-WEIGHTED RESULT
B37: Blended annual lift (Strategy C vs A): | C37: =(E9-C9)+(E19-C19)+(E29-C29)
A39: Why this matters: short stays carry the cleaning fee across fewer nights, so the per-night cleaning subsidy looks huge to the guest — and Airbnb's algorithm reads the high cleaning ratio as a signal to bury you. Long stays absorb the fee. Your LOS mix decides the right answer.
A44: Questions? hello@thestrledger.com
A45: REV-001 · LOS Sensitivity

Sheet Recommendation
A2: =HYPERLINK("#'LOS Sensitivity'!A1", "← BACK") | D2: RECOMMENDATION
B5: Recommended strategy: | C5: =IF('Strategy Compare'!E14>=MAX('Strategy Compare'!C14:'Strategy Compare'!D14),"Strategy C — Fully Bundled",IF('Strategy Compare'!D14>'Strategy Compare'!C14,"Strategy B — Partial Bundle (50%)","Strategy A — Full Fee (current)"))
B6: Annual revenue lift: | C6: =MAX('Strategy Compare'!C14:'Strategy Compare'!E14)-'Strategy Compare'!C14
B7: Search visibility lift (est.): | C7: =IF('Strategy Compare'!C18>0.30,IF(MIN('Strategy Compare'!D18:'Strategy Compare'!E18)<0.15,0.12,0.06),IF('Strategy Compare'!C18>0.15,IF(MIN('Strategy Compare'!D18:'Strategy Compare'!E18)<0.15,0.06,0.03),0))
A10: ACTION PLAN
B11: 1. Open your Airbnb listing → Pricing → Cleaning fee.
B12: ="2. Set new cleaning fee → "&IF('Strategy Compare'!E14>=MAX('Strategy Compare'!C14:'Strategy Compare'!D14),TEXT('Strategy Compare'!E9,"$#,##0"),IF('Strategy Compare'!D14>'Strategy Compare'!C14,TEXT('Strategy Compare'!D9,"$#,##0"),TEXT('Strategy Compare'!C9,"$#,##0")))
B13: ="3. Set new nightly base rate → "&IF('Strategy Compare'!E14>=MAX('Strategy Compare'!C14:'Strategy Compare'!D14),TEXT('Strategy Compare'!E10,"$#,##0"),IF('Strategy Compare'!D14>'Strategy Compare'!C14,TEXT('Strategy Compare'!D10,"$#,##0"),TEXT('Strategy Compare'!C10,"$#,##0")))&" (or update your dynamic-pricing tool base rate)"
B14: 4. Mirror the change on VRBO + your direct site if you list there.
B15: 5. Hold the change for 60 days. Track booking pace + search-impression count (Airbnb Stats → Conversion).
A17: RATIONALE
B18: Airbnb takes a commission on the total stay cost — including the cleaning fee — so passing cleaning through 1:1 doesn't actually break even on the platform side. Bundling cleaning into the nightly rate compresses the cleaning-fee-to-nightly ratio, which is a documented Airbnb ranking factor (high ratio = search penalty). The compare tab shows the dollar version of that math.
A23: RISKS + CAVEATS
B24: • Booking pace may shift in the first 30 days — guests filtering by nightly rate may not click your listing. Search visibility usually compensates within 60 days.
B25: • If your market is rate-sensitive (budget-traveler markets — Branson, Pigeon Forge in shoulder season), a 20%+ ADR jump may hurt more than the cleaning-ratio fix helps. Test in shoulder season, not peak.
B26: • These estimates assume your cleaner cost is fixed. If your cleaner raises rates mid-year, re-run.
B27: • Airbnb's algorithm changes. The cleaning-ratio rule has held since 2023 but isn't permanent.
A31: Questions? hello@thestrledger.com
A32: REV-001 · Recommendation
