Workbook

Sheet Start
A2: The STR Ledger
A4: Competitor Rate Tracker
A5: Know where your nightly rate sits — without paying $20/mo.
A6: =IF(COUNT('Weekly Snapshots'!N7:N58)=0,"📊 Add comp rates this week to see your verdict.",IF('Position Trend'!B7<-0.05,"⚠ You're "&TEXT(ABS('Position Trend'!B7),"0%")&" below comp avg (trailing 4 weeks) — room to lift.",IF('Position Trend'!B7>0.05,"💰 You're "&TEXT('Position Trend'!B7,"0%")&" above comp avg (trailing 4 weeks) — protect occupancy.","✅ Within 5% of comp avg (trailing 4 weeks) — priced in line.")))
A7: REV-003 · v2.2 · DEMO
A10: WHAT THIS DOES
A11: Pick 6-10 comp listings on Airbnb/VRBO. Each Monday, snapshot their nightly rate for the next 4 weekends and type the numbers into the Weekly Snapshots tab. The workbook tracks how your rate is moving relative to the comp set average — so you can lift before holiday weekends and hold steady when comps drop. No scraping, no subscription, no API.
A17: HOW TO USE
A18: ① Comp Set: pick 6-10 lookalike listings (same BR/BA, area, capacity).
A19: ② Weekly Snapshots: each Monday, type comp nightly rates and your own.
A20: ③ Position Trend: watch your position % vs the comp average across weeks.
A21: ④ Lift before holiday weekends when comps move; hold when they drop.
A22: ⑤ Settings: bump 'Active year' each January and clear last year's data.
A23: ⑥ No automated scraping — manual snapshots only (Airbnb/VRBO ToS).
A25: =HYPERLINK("#'Weekly Snapshots'!A1", "→ OPEN WEEKLY SNAPSHOTS")
A30: MY AVG RATE | E30: COMP SET AVG | I30: MY POSITION
A31: =IFERROR(AVERAGE('Weekly Snapshots'!C7:C58),0) | E31: =IFERROR(AVERAGE('Weekly Snapshots'!N7:N58),0) | I31: =IFERROR(AVERAGE('Weekly Snapshots'!C7:C58)/AVERAGE('Weekly Snapshots'!N7:N58)-1,0)
A34: logged weeks only | E34: active comps only | I34: vs comp set, all weeks
A37: =HYPERLINK("#'Comp Set'!A1", "Comp Set") | D37: =HYPERLINK("#'Weekly Snapshots'!A1", "Weekly Snapshots") | G37: =HYPERLINK("#'Position Trend'!A1", "📈 Position Trend") | J37: =HYPERLINK("#'Settings'!A1", "Settings")
A40: ⚠ No automated scraping. This is a manual snapshot tool — typing rates weekly keeps you within Airbnb/VRBO ToS and forces a human read of the market each Monday.
A42: 💡 Upgrade to the Full version at thestrledger.com/upgrade — multi-property, depreciation, multi-LLC support.
A45: Questions? hello@thestrledger.com
A46: REV-003 · v2.2 · Free updates forever

Sheet Comp Set
A2: =HYPERLINK("#'Start'!A1", "← BACK") | D2: COMP SET | J2: =HYPERLINK("#'Weekly Snapshots'!A1", "NEXT →")
A4: Pick 6-10 lookalike listings — same BR/BA, area, sleeps, vibe
A6: Comp # | B6: Listing name | C6: Platform | D6: Listing URL | E6: BR/BA | F6: Sleeps | G6: Dist (mi) | H6: Note | I6: Active?
A7: Comp 1 | B7: Smokies Lookout Cabin | C7: Airbnb | D7: https://airbnb.com/h/smokies-lookout | E7: 3BR/2BA | F7: 8 | G7: 1.2 | H7: Newer hot tub, mountain view | I7: Y
A8: Comp 2 | B8: Pigeon Forge Pines | C8: VRBO | D8: https://vrbo.com/h/pigeon-pines | E8: 3BR/3BA | F8: 8 | G8: 2.4 | H8: Pool table, theater room | I8: Y
A9: Comp 3 | B9: Gatlinburg Hideaway | C9: Airbnb | D9: https://airbnb.com/h/gat-hideaway | E9: 2BR/2BA | F9: 6 | G9: 0.8 | H9: Walk to downtown | I9: Y
A10: Comp 4 | B10: Wears Valley Retreat | C10: Airbnb | D10: https://airbnb.com/h/wears-retreat | E10: 3BR/2BA | F10: 8 | G10: 3.1 | H10: Quiet road, fire pit | I10: Y
A11: Comp 5 | B11: Bear Cove Lodge | C11: VRBO | D11: https://vrbo.com/h/bear-cove | E11: 4BR/3BA | F11: 10 | G11: 1.7 | H11: Pet-friendly, larger sleeps | I11: Y
A12: Comp 6 | B12: Smoky Ridge Sunrise | C12: Airbnb | D12: https://airbnb.com/h/smoky-sunrise | E12: 3BR/2BA | F12: 8 | G12: 2 | H12: Recently renovated, gas grill | I12: Y
A13: Comp 7
A14: Comp 8
A15: Comp 9
A16: Comp 10
A18: Tip: anonymized names are fine ("Comp A", "Pines #1"). The URL is for your own reference — paste a screenshot folder link if Airbnb listing URLs change between snapshots.
A21: Questions? hello@thestrledger.com
A22: REV-003 · v2.2

Sheet Weekly Snapshots
A2: =HYPERLINK("#'Comp Set'!A1", "← BACK") | D2: WEEKLY SNAPSHOTS | J2: =HYPERLINK("#'Position Trend'!A1", "NEXT →")
A4: Each Monday, type comp rates for the upcoming weekend. Comp avg + position % auto-fill.
A6: Week | B6: Date span | C6: My rate | D6: Comp 1 | E6: Comp 2 | F6: Comp 3 | G6: Comp 4 | H6: Comp 5 | I6: Comp 6 | J6: Comp 7 | K6: Comp 8 | L6: Comp 9 | M6: Comp 10 | N6: Comp avg | O6: Position %
A7: 1 | B7: Jan 05 – Jan 11 | C7: 245 | D7: 275 | E7: 290 | F7: 260 | G7: 270 | H7: 310 | I7: 285 | N7: =IFERROR(AVERAGE(D7:M7),"") | O7: =IFERROR(IF(N7="","",C7/N7-1),"")
A8: 2 | B8: Jan 12 – Jan 18 | C8: 240 | D8: 270 | E8: 285 | F8: 255 | G8: 265 | H8: 305 | I8: 280 | N8: =IFERROR(AVERAGE(D8:M8),"") | O8: =IFERROR(IF(N8="","",C8/N8-1),"")
A9: 3 | B9: Jan 19 – Jan 25 | C9: 235 | D9: 265 | E9: 280 | F9: 250 | G9: 260 | H9: 300 | I9: 275 | N9: =IFERROR(AVERAGE(D9:M9),"") | O9: =IFERROR(IF(N9="","",C9/N9-1),"")
A10: 4 | B10: Jan 26 – Feb 01 | C10: 250 | D10: 275 | E10: 290 | F10: 260 | G10: 270 | H10: 310 | I10: 285 | N10: =IFERROR(AVERAGE(D10:M10),"") | O10: =IFERROR(IF(N10="","",C10/N10-1),"")
A11: 5 | B11: Feb 02 – Feb 08 | C11: 260 | D11: 285 | E11: 300 | F11: 270 | G11: 280 | H11: 320 | I11: 295 | N11: =IFERROR(AVERAGE(D11:M11),"") | O11: =IFERROR(IF(N11="","",C11/N11-1),"")
A12: 6 | B12: Feb 09 – Feb 15 | C12: 280 | D12: 320 | E12: 340 | F12: 295 | G12: 305 | H12: 360 | I12: 330 | N12: =IFERROR(AVERAGE(D12:M12),"") | O12: =IFERROR(IF(N12="","",C12/N12-1),"")
A13: 7 | B13: Feb 16 – Feb 22 | C13: 270 | D13: 305 | E13: 320 | F13: 285 | G13: 295 | H13: 340 | I13: 315 | N13: =IFERROR(AVERAGE(D13:M13),"") | O13: =IFERROR(IF(N13="","",C13/N13-1),"")
A14: 8 | B14: Feb 23 – Mar 01 | C14: 255 | D14: 285 | E14: 300 | F14: 270 | G14: 280 | H14: 320 | I14: 295 | N14: =IFERROR(AVERAGE(D14:M14),"") | O14: =IFERROR(IF(N14="","",C14/N14-1),"")
A15: 9 | B15: Mar 02 – Mar 08 | C15: 250 | D15: 280 | E15: 295 | F15: 265 | G15: 275 | H15: 315 | I15: 290 | N15: =IFERROR(AVERAGE(D15:M15),"") | O15: =IFERROR(IF(N15="","",C15/N15-1),"")
A16: 10 | B16: Mar 09 – Mar 15 | C16: 255 | D16: 285 | E16: 305 | F16: 270 | G16: 280 | H16: 320 | I16: 295 | N16: =IFERROR(AVERAGE(D16:M16),"") | O16: =IFERROR(IF(N16="","",C16/N16-1),"")
A17: 11 | B17: Mar 16 – Mar 22 | C17: 265 | D17: 295 | E17: 315 | F17: 280 | G17: 290 | H17: 335 | I17: 305 | N17: =IFERROR(AVERAGE(D17:M17),"") | O17: =IFERROR(IF(N17="","",C17/N17-1),"")
A18: 12 | B18: Mar 23 – Mar 29 | C18: 260 | D18: 290 | E18: 310 | F18: 275 | G18: 285 | H18: 330 | I18: 300 | N18: =IFERROR(AVERAGE(D18:M18),"") | O18: =IFERROR(IF(N18="","",C18/N18-1),"")
A19: 13 | B19: Mar 30 – Apr 05 | N19: =IFERROR(AVERAGE(D19:M19),"") | O19: =IFERROR(IF(N19="","",C19/N19-1),"")
A20: 14 | B20: Apr 06 – Apr 12 | N20: =IFERROR(AVERAGE(D20:M20),"") | O20: =IFERROR(IF(N20="","",C20/N20-1),"")
A21: 15 | B21: Apr 13 – Apr 19 | N21: =IFERROR(AVERAGE(D21:M21),"") | O21: =IFERROR(IF(N21="","",C21/N21-1),"")
A22: 16 | B22: Apr 20 – Apr 26 | N22: =IFERROR(AVERAGE(D22:M22),"") | O22: =IFERROR(IF(N22="","",C22/N22-1),"")
A23: 17 | B23: Apr 27 – May 03 | N23: =IFERROR(AVERAGE(D23:M23),"") | O23: =IFERROR(IF(N23="","",C23/N23-1),"")
A24: 18 | B24: May 04 – May 10 | N24: =IFERROR(AVERAGE(D24:M24),"") | O24: =IFERROR(IF(N24="","",C24/N24-1),"")
A25: 19 | B25: May 11 – May 17 | N25: =IFERROR(AVERAGE(D25:M25),"") | O25: =IFERROR(IF(N25="","",C25/N25-1),"")
A26: 20 | B26: May 18 – May 24 | N26: =IFERROR(AVERAGE(D26:M26),"") | O26: =IFERROR(IF(N26="","",C26/N26-1),"")
A27: 21 | B27: May 25 – May 31 | N27: =IFERROR(AVERAGE(D27:M27),"") | O27: =IFERROR(IF(N27="","",C27/N27-1),"")
A28: 22 | B28: Jun 01 – Jun 07 | N28: =IFERROR(AVERAGE(D28:M28),"") | O28: =IFERROR(IF(N28="","",C28/N28-1),"")
A29: 23 | B29: Jun 08 – Jun 14 | N29: =IFERROR(AVERAGE(D29:M29),"") | O29: =IFERROR(IF(N29="","",C29/N29-1),"")
A30: 24 | B30: Jun 15 – Jun 21 | N30: =IFERROR(AVERAGE(D30:M30),"") | O30: =IFERROR(IF(N30="","",C30/N30-1),"")
... A58: 52 | B58: Dec 28 – Jan 03 | N58: =IFERROR(AVERAGE(D58:M58),"") | O58: =IFERROR(IF(N58="","",C58/N58-1),"")
A61: Questions? hello@thestrledger.com
A62: REV-003 · v2.2

Sheet Position Trend
A2: =HYPERLINK("#'Weekly Snapshots'!A1", "← BACK") | D2: POSITION TREND | J2: =HYPERLINK("#'Settings'!A1", "NEXT →")
A4: Trailing-4-week position vs comp avg, plus full-year line
A6: Trailing 4-week position vs comp avg:
A7: (my last-4-week avg) / (comp last-4-week avg) − 1: | B7: =IFERROR(AVERAGE(OFFSET('Weekly Snapshots'!C58,-3,0,4,1))/AVERAGE(OFFSET('Weekly Snapshots'!N58,-3,0,4,1))-1,0)
A9: Read it like this: −5% means you’re priced 5% below the comp average for the trailing 4 weeks — typically a lift opportunity if occupancy is full.
A35: Questions? hello@thestrledger.com
A36: REV-003 · v2.2

Sheet Settings
A2: =HYPERLINK("#'Position Trend'!A1", "← BACK") | D2: SETTINGS
A4: Property name · active year · snapshot day
A5: My property: | B5: Smokies Ridge Cabin
A7: Active year: | B7: 2026
A8: Bump each January, then clear last year’s snapshot rows.
A9: Snapshot day: | B9: Monday
A10: Last snapshot date: | B10: 46104
A12: Notes
A13: • Pick a single weekday and stick to it — same-day comparisons matter more than total volume. • If a comp listing disappears, swap it on the Comp Set tab; the matrix column carries forward. • The Position Trend chart reads weeks 1–52 — logged weeks appear on the line, blank weeks gap. • Year roll-over: copy this workbook to a new file, clear C7:M58 on Weekly Snapshots, bump Active year above.
A20: Questions? hello@thestrledger.com
A21: REV-003 · v2.2
