Workbook

Sheet Start
A2: The STR Ledger
A4: Pricing Tool ROI Comparison
A5: Did PriceLabs / Wheelhouse / Beyond actually earn its fee?
A7: REV-006 · v1.0 · BLANK
A11: =IF(Settings!B5="","(enter property on Settings tab)",Settings!B5)
A13: ROI OF PAID PRICING
A14: =IFERROR("$"&TEXT('ROI Verdict'!C20,"#,##0")&" / month","—")
A16: =IFERROR("= "&TEXT('ROI Verdict'!C21,"+0.0%;-0.0%")&" lift on monthly NET (after tool fee)","")
A18: =IF('ROI Verdict'!C20>0, "✅ Tool earned its fee — keep", "🛑 Tool didn't pay for itself — drop")
A20: Note: lift assumes the two periods are otherwise comparable. Run the test for ≥60 days to absorb booking-lead-time noise. Adjust for seasonality if baseline and test span very different demand windows.
A24: =HYPERLINK("#'A_B Test Setup'!A1", "→ A/B Test Setup") | E24: =HYPERLINK("#'Daily Performance'!A1", "Daily Performance") | I24: =HYPERLINK("#'ROI Verdict'!A1", "ROI Verdict")
A29: 💡 Pair this with REV-005 Holiday + Event Pricing Calendar — pre-built high-rate dates for your market. thestrledger.com
A32: Questions? hello@thestrledger.com
A33: REV-006 · v1.0 · BLANK · Free updates forever

Sheet A_B Test Setup
A2: =HYPERLINK("#'Start'!A1", "← BACK") | D2: A/B TEST SETUP | J2: =HYPERLINK("#'Daily Performance'!A1", "NEXT →")
A4: Define your two test periods (matched length, ≥60 days each). Yellow = edit; gray = calculated.
A5: TOOL UNDER TEST
B6: Tool tested: | E6: Dropdown: PriceLabs / Wheelhouse / Beyond / AirDNA / Other
B7: Monthly fee ($): | E7: What the tool charges per month (flat or per listing)
B8: Per-listing fee ($/listing/mo): | E8: Some tools charge per listing; some flat. Use the larger.
A10: TEST PERIODS
B11: Baseline start date: | E11: Period without the tool (or before you started using it)
B12: Baseline end date: | E12: Match length to test period (60 days minimum)
B13: Test start date: | E13: Period with the tool active
B14: Test end date: | E14: Match length to baseline (60 days minimum)
B15: Baseline length (days): | C15: =IFERROR(C12-C11+1,0) | E15: Auto-calculated from start/end
B16: Test length (days): | C16: =IFERROR(C14-C13+1,0) | E16: Auto-calculated; should match baseline
A18: ASSUMPTIONS
B19: Reservation lead time (days, avg): | E19: Why the test needs ≥60 days — bookings made before the tool kicked in are still in the test window.
B20: Cleaning cost per turnover ($): | E20: Used in NET calc on ROI Verdict tab. Charge to guest is separate (pulled from daily ADR rows).
A22: SETUP CHECK
A23: ✓ Use the same property and same season for both periods if you can. ✓ 60 days is the minimum — booking lead time means the first 2-3 weeks of the test still reflect baseline pricing decisions. ✓ If you can't run baseline in real time, look up your historical data on the same calendar dates one year prior. ✓ Don't change anything else (listing photos, minimum stay, cleaning fee) during the test — keep variables isolated.
A29: Questions? hello@thestrledger.com
A30: REV-006 · v1.0 · A/B Test Setup

Sheet Daily Performance
A2: =HYPERLINK("#'A_B Test Setup'!A1", "← BACK") | D2: DAILY PERFORMANCE | J2: =HYPERLINK("#'ROI Verdict'!A1", "NEXT →")
A4: Two 60-row grids — left = baseline (no tool), right = test (tool active). Booked = Y/N. ADR is what guest paid that night. Row 71 = totals.
B6: BASELINE — no tool | H6: TEST — tool active
B7: Date | C7: Set rate | D7: Booked Y/N | E7: ADR | F7: Notes | H7: Date | I7: Set rate | J7: Booked Y/N | K7: ADR | L7: Notes
E8: =IF(D8="Y",C8,"") | K8: =IF(J8="Y",I8,"")
E9: =IF(D9="Y",C9,"") | K9: =IF(J9="Y",I9,"")
E10: =IF(D10="Y",C10,"") | K10: =IF(J10="Y",I10,"")
E11: =IF(D11="Y",C11,"") | K11: =IF(J11="Y",I11,"")
E12: =IF(D12="Y",C12,"") | K12: =IF(J12="Y",I12,"")
E13: =IF(D13="Y",C13,"") | K13: =IF(J13="Y",I13,"")
E14: =IF(D14="Y",C14,"") | K14: =IF(J14="Y",I14,"")
E15: =IF(D15="Y",C15,"") | K15: =IF(J15="Y",I15,"")
E16: =IF(D16="Y",C16,"") | K16: =IF(J16="Y",I16,"")
E17: =IF(D17="Y",C17,"") | K17: =IF(J17="Y",I17,"")
E18: =IF(D18="Y",C18,"") | K18: =IF(J18="Y",I18,"")
E19: =IF(D19="Y",C19,"") | K19: =IF(J19="Y",I19,"")
... E67: =IF(D67="Y",C67,"") | K67: =IF(J67="Y",I67,"")
B69: TOTALS | C69: =IFERROR(COUNTIF(D8:D67,"Y")/COUNTA(B8:B67),0) | D69: =IFERROR(AVERAGEIF(D8:D67,"Y",E8:E67),0) | E69: =IFERROR(SUM(E8:E67)/COUNTA(B8:B67),0) | F69: ← occ / ADR / RevPAR | H69: TOTALS | I69: =IFERROR(COUNTIF(J8:J67,"Y")/COUNTA(H8:H67),0) | J69: =IFERROR(AVERAGEIF(J8:J67,"Y",K8:K67),0) | K69: =IFERROR(SUM(K8:K67)/COUNTA(H8:H67),0) | L69: ← occ / ADR / RevPAR
A72: Questions? hello@thestrledger.com
A73: REV-006 · v1.0 · Daily Performance

Sheet ROI Verdict
A2: =HYPERLINK("#'Daily Performance'!A1", "← BACK") | D2: ROI VERDICT | J2: =HYPERLINK("#'Settings'!A1", "NEXT →")
A4: Side-by-side: ADR / RevPAR / occupancy / gross / NET (after fees). Lift > 0 means the tool earned its keep.
B6: Metric | C6: Baseline (no tool) | D6: Test (tool active) | F6: Notes
B7: Occupancy: | C7: =IFERROR(COUNTIF('Daily Performance'!D8:D67,"Y")/COUNTA('Daily Performance'!B8:B67),0) | D7: =IFERROR(COUNTIF('Daily Performance'!J8:J67,"Y")/COUNTA('Daily Performance'!H8:H67),0) | F7: Booked nights ÷ available nights in the period
B8: ADR (avg booked night, $): | C8: =IFERROR(AVERAGEIF('Daily Performance'!D8:D67,"Y",'Daily Performance'!E8:E67),0) | D8: =IFERROR(AVERAGEIF('Daily Performance'!J8:J67,"Y",'Daily Performance'!K8:K67),0) | F8: Average daily rate on booked nights
B9: RevPAR (revenue per available night, $): | C9: =IFERROR(SUM('Daily Performance'!E8:E67)/COUNTA('Daily Performance'!B8:B67),0) | D9: =IFERROR(SUM('Daily Performance'!K8:K67)/COUNTA('Daily Performance'!H8:H67),0) | F9: Sum of ADR ÷ available nights — true revenue density
B10: Booked nights: | C10: =COUNTIF('Daily Performance'!D8:D67,"Y") | D10: =COUNTIF('Daily Performance'!J8:J67,"Y") | F10: Count of nights where Booked=Y
B11: Gross revenue ($): | C11: =SUM('Daily Performance'!E8:E67) | D11: =SUM('Daily Performance'!K8:K67) | F11: Sum of nightly ADR — gross booking revenue
B12: Cleaning costs ($): | C12: =COUNTIF('Daily Performance'!D8:D67,"Y")*'A_B Test Setup'!C20 | D12: =COUNTIF('Daily Performance'!J8:J67,"Y")*'A_B Test Setup'!C20 | F12: Booked nights × cleaning per turnover (from Setup tab)
B13: Tool fees ($): | C13: =0 | D13: =IFERROR(('A_B Test Setup'!C16/30)*'A_B Test Setup'!C7,0) | F13: (Test length ÷ 30) × monthly fee — pro-rated per period
B14: NET revenue ($): | C14: =C11-C12-C13 | D14: =D11-D12-D13 | F14: Gross − cleaning − tool fees
B17: Monthly NET equivalent ($): | C17: =IFERROR(C14/('A_B Test Setup'!C15/30),0) | D17: =IFERROR(D14/('A_B Test Setup'!C16/30),0) | F17: NET normalized to per-month for fair comparison
A19: LIFT — did the tool pay for itself?
B20: Lift $/month: | C20: =D17-C17 | F20: Test monthly NET − Baseline monthly NET
B21: Lift % (vs baseline): | C21: =IFERROR((D17-C17)/C17,0) | F21: Lift $ as % of baseline NET
A23: =IF(C20>0, "✅ Tool earned its fee — keep", "🛑 Tool didn't pay for itself — drop")
A25: Decision rule: a +5% lift on a $5,000/month NET = $250/month — easily covers a $20-50/month tool. A flat or negative lift means either the tool isn't suited to your market or the periods weren't comparable (different season, different lead-time exposure). If undecided, run another 60-day window in the opposite season.
A30: Questions? hello@thestrledger.com
A31: REV-006 · v1.0 · ROI Verdict

Sheet Settings
A2: =HYPERLINK("#'ROI Verdict'!A1", "← BACK") | D2: SETTINGS
A4: Property + active year. The Start tab pulls these for the headline.
A5: Property: | D5: Property nickname — appears on the Start tab headline
A7: Active tax year: | D7: Year the test ran in — used in archive notes
A10: Tip: archive each finished test before starting a new one. Save this file as 'REV-006-2025-PriceLabs-Aug.xlsx' (or similar), then duplicate the BLANK template for the next test. Over time you'll build a comparison library — PriceLabs vs. Wheelhouse vs. Beyond — specific to your property and market.
A16: Questions? hello@thestrledger.com
A17: REV-006 · v1.0 · Settings
