Workbook

Sheet Start
A2: The STR Ledger
A4: Dynamic Pricing Calculator
A5: Season, day, event — a suggested rate for every night.
A7: REV-002 · v1.0 · BLANK
A11: =IF(Settings!B5="","(set property on Settings tab)",Settings!B5)
A13: ="PRICING YEAR "&Settings!B7
A15: AVG NIGHTLY | D15: PEAK NIGHTLY | G15: LOW NIGHTLY | J15: REVPAR PROJ
A16: =IFERROR(AVERAGE('365-Day Calendar'!I6:I370),0) | D16: =IFERROR(MAX('365-Day Calendar'!I6:I370),0) | G16: =IFERROR(MIN('365-Day Calendar'!I6:I370),0) | J16: =IFERROR(AVERAGE('365-Day Calendar'!I6:I370)*Inputs!C13,0)
A20: RevPAR projection = average suggested nightly × occupancy assumption (set on Inputs).
A22: Re-run when base rate, peak season, or event calendar changes.
A25: =HYPERLINK("#'Inputs'!A1", "Inputs") | D25: =HYPERLINK("#'365-Day Calendar'!A1", "365-Day Calendar") | G25: =HYPERLINK("#'Monthly Summary'!A1", "Monthly Summary") | J25: =HYPERLINK("#'Settings'!A1", "Settings")
A30: Pricing across the portfolio? Get the Pricing Bundle at thestrledger.com/pricing — $97.
A33: Questions? hello@thestrledger.com
A34: REV-002 · v1.0 · BLANK · Free updates forever

Sheet Inputs
A2: =HYPERLINK("#'Settings'!A1", "← BACK") | D2: INPUTS | J2: =HYPERLINK("#'365-Day Calendar'!A1", "NEXT →")
A4: Base rate, four seasons, day-of-week multipliers, and twelve event slots. Suggested rate = Base × Season × DOW × Event.
A6: BASE RATE + OCCUPANCY ASSUMPTION
B7: Base nightly rate ($): | E7: The 'normal night' rate before any multiplier
B13: Annual occupancy assumption (%): | E13: Used for RevPAR projection on Start tab + Monthly Summary
A15: SEASON DEFINITIONS (4 seasons, edit dates / mult)
B16: Season | C16: Start date | D16: End date | E16: Multiplier | G16: Notes
F17: Slowest months — heat with discounts
F18: Wake-up demand — keep at neutral
F19: Highest demand window of the year
F20: Cooling demand but holds value
A22: DAY-OF-WEEK MULTIPLIERS (Weekday code matches WEEKDAY(date,2))
B23: Day | C23: Weekday code | D23: Multiplier
C24: 1
C25: 2
C26: 3
C27: 4
C28: 5
C29: 6
C30: 7
A32: EVENT LIFTS (12 slots — add holidays, festivals, concerts)
B33: Date | C33: Event name | D33: Multiplier | F33: Notes
A47: Note: events override season + DOW. If two events fall on the same date, the calendar uses the FIRST match in the list — order events by importance. Blank rows are ignored.
A52: Questions? hello@thestrledger.com
A53: REV-002 · Inputs

Sheet 365-Day Calendar
A2: =HYPERLINK("#'Inputs'!A1", "← BACK") | D2: 365-DAY CALENDAR | J2: =HYPERLINK("#'Monthly Summary'!A1", "NEXT →")
A4: One row per night. Edit the override column if you want to lock a rate; everything else recomputes from Inputs.
A5: Date | B5: Day | C5: Season | D5: Season× | E5: DOW× | F5: Event× | G5: Suggested | H5: Override | I5: Final rate
A6: =DATE(Settings!$B$7,1,1)+0 | B6: =TEXT(A6,"ddd") | C6: =IFERROR(INDEX(Inputs!$B$17:$B$20,MATCH(1,(A6>=Inputs!$C$17:$C$20)*(A6<=Inputs!$D$17:$D$20),0)),"") | D6: =IFERROR(INDEX(Inputs!$E$17:$E$20,MATCH(1,(A6>=Inputs!$C$17:$C$20)*(A6<=Inputs!$D$17:$D$20),0)),1) | E6: =INDEX(Inputs!$D$24:$D$30,WEEKDAY(A6,2)) | F6: =IFERROR(INDEX(Inputs!$D$34:$D$45,MATCH(A6,Inputs!$B$34:$B$45,0)),1) | G6: =Inputs!$C$7*D6*E6*F6 | I6: =IF(H6<>"",H6,G6)
A7: =DATE(Settings!$B$7,1,1)+1 | B7: =TEXT(A7,"ddd") | C7: =IFERROR(INDEX(Inputs!$B$17:$B$20,MATCH(1,(A7>=Inputs!$C$17:$C$20)*(A7<=Inputs!$D$17:$D$20),0)),"") | D7: =IFERROR(INDEX(Inputs!$E$17:$E$20,MATCH(1,(A7>=Inputs!$C$17:$C$20)*(A7<=Inputs!$D$17:$D$20),0)),1) | E7: =INDEX(Inputs!$D$24:$D$30,WEEKDAY(A7,2)) | F7: =IFERROR(INDEX(Inputs!$D$34:$D$45,MATCH(A7,Inputs!$B$34:$B$45,0)),1) | G7: =Inputs!$C$7*D7*E7*F7 | I7: =IF(H7<>"",H7,G7)
A8: =DATE(Settings!$B$7,1,1)+2 | B8: =TEXT(A8,"ddd") | C8: =IFERROR(INDEX(Inputs!$B$17:$B$20,MATCH(1,(A8>=Inputs!$C$17:$C$20)*(A8<=Inputs!$D$17:$D$20),0)),"") | D8: =IFERROR(INDEX(Inputs!$E$17:$E$20,MATCH(1,(A8>=Inputs!$C$17:$C$20)*(A8<=Inputs!$D$17:$D$20),0)),1) | E8: =INDEX(Inputs!$D$24:$D$30,WEEKDAY(A8,2)) | F8: =IFERROR(INDEX(Inputs!$D$34:$D$45,MATCH(A8,Inputs!$B$34:$B$45,0)),1) | G8: =Inputs!$C$7*D8*E8*F8 | I8: =IF(H8<>"",H8,G8)
A9: =DATE(Settings!$B$7,1,1)+3 | B9: =TEXT(A9,"ddd") | C9: =IFERROR(INDEX(Inputs!$B$17:$B$20,MATCH(1,(A9>=Inputs!$C$17:$C$20)*(A9<=Inputs!$D$17:$D$20),0)),"") | D9: =IFERROR(INDEX(Inputs!$E$17:$E$20,MATCH(1,(A9>=Inputs!$C$17:$C$20)*(A9<=Inputs!$D$17:$D$20),0)),1) | E9: =INDEX(Inputs!$D$24:$D$30,WEEKDAY(A9,2)) | F9: =IFERROR(INDEX(Inputs!$D$34:$D$45,MATCH(A9,Inputs!$B$34:$B$45,0)),1) | G9: =Inputs!$C$7*D9*E9*F9 | I9: =IF(H9<>"",H9,G9)
A10: =DATE(Settings!$B$7,1,1)+4 | B10: =TEXT(A10,"ddd") | C10: =IFERROR(INDEX(Inputs!$B$17:$B$20,MATCH(1,(A10>=Inputs!$C$17:$C$20)*(A10<=Inputs!$D$17:$D$20),0)),"") | D10: =IFERROR(INDEX(Inputs!$E$17:$E$20,MATCH(1,(A10>=Inputs!$C$17:$C$20)*(A10<=Inputs!$D$17:$D$20),0)),1) | E10: =INDEX(Inputs!$D$24:$D$30,WEEKDAY(A10,2)) | F10: =IFERROR(INDEX(Inputs!$D$34:$D$45,MATCH(A10,Inputs!$B$34:$B$45,0)),1) | G10: =Inputs!$C$7*D10*E10*F10 | I10: =IF(H10<>"",H10,G10)
A11: =DATE(Settings!$B$7,1,1)+5 | B11: =TEXT(A11,"ddd") | C11: =IFERROR(INDEX(Inputs!$B$17:$B$20,MATCH(1,(A11>=Inputs!$C$17:$C$20)*(A11<=Inputs!$D$17:$D$20),0)),"") | D11: =IFERROR(INDEX(Inputs!$E$17:$E$20,MATCH(1,(A11>=Inputs!$C$17:$C$20)*(A11<=Inputs!$D$17:$D$20),0)),1) | E11: =INDEX(Inputs!$D$24:$D$30,WEEKDAY(A11,2)) | F11: =IFERROR(INDEX(Inputs!$D$34:$D$45,MATCH(A11,Inputs!$B$34:$B$45,0)),1) | G11: =Inputs!$C$7*D11*E11*F11 | I11: =IF(H11<>"",H11,G11)
A12: =DATE(Settings!$B$7,1,1)+6 | B12: =TEXT(A12,"ddd") | C12: =IFERROR(INDEX(Inputs!$B$17:$B$20,MATCH(1,(A12>=Inputs!$C$17:$C$20)*(A12<=Inputs!$D$17:$D$20),0)),"") | D12: =IFERROR(INDEX(Inputs!$E$17:$E$20,MATCH(1,(A12>=Inputs!$C$17:$C$20)*(A12<=Inputs!$D$17:$D$20),0)),1) | E12: =INDEX(Inputs!$D$24:$D$30,WEEKDAY(A12,2)) | F12: =IFERROR(INDEX(Inputs!$D$34:$D$45,MATCH(A12,Inputs!$B$34:$B$45,0)),1) | G12: =Inputs!$C$7*D12*E12*F12 | I12: =IF(H12<>"",H12,G12)
A13: =DATE(Settings!$B$7,1,1)+7 | B13: =TEXT(A13,"ddd") | C13: =IFERROR(INDEX(Inputs!$B$17:$B$20,MATCH(1,(A13>=Inputs!$C$17:$C$20)*(A13<=Inputs!$D$17:$D$20),0)),"") | D13: =IFERROR(INDEX(Inputs!$E$17:$E$20,MATCH(1,(A13>=Inputs!$C$17:$C$20)*(A13<=Inputs!$D$17:$D$20),0)),1) | E13: =INDEX(Inputs!$D$24:$D$30,WEEKDAY(A13,2)) | F13: =IFERROR(INDEX(Inputs!$D$34:$D$45,MATCH(A13,Inputs!$B$34:$B$45,0)),1) | G13: =Inputs!$C$7*D13*E13*F13 | I13: =IF(H13<>"",H13,G13)
A14: =DATE(Settings!$B$7,1,1)+8 | B14: =TEXT(A14,"ddd") | C14: =IFERROR(INDEX(Inputs!$B$17:$B$20,MATCH(1,(A14>=Inputs!$C$17:$C$20)*(A14<=Inputs!$D$17:$D$20),0)),"") | D14: =IFERROR(INDEX(Inputs!$E$17:$E$20,MATCH(1,(A14>=Inputs!$C$17:$C$20)*(A14<=Inputs!$D$17:$D$20),0)),1) | E14: =INDEX(Inputs!$D$24:$D$30,WEEKDAY(A14,2)) | F14: =IFERROR(INDEX(Inputs!$D$34:$D$45,MATCH(A14,Inputs!$B$34:$B$45,0)),1) | G14: =Inputs!$C$7*D14*E14*F14 | I14: =IF(H14<>"",H14,G14)
A15: =DATE(Settings!$B$7,1,1)+9 | B15: =TEXT(A15,"ddd") | C15: =IFERROR(INDEX(Inputs!$B$17:$B$20,MATCH(1,(A15>=Inputs!$C$17:$C$20)*(A15<=Inputs!$D$17:$D$20),0)),"") | D15: =IFERROR(INDEX(Inputs!$E$17:$E$20,MATCH(1,(A15>=Inputs!$C$17:$C$20)*(A15<=Inputs!$D$17:$D$20),0)),1) | E15: =INDEX(Inputs!$D$24:$D$30,WEEKDAY(A15,2)) | F15: =IFERROR(INDEX(Inputs!$D$34:$D$45,MATCH(A15,Inputs!$B$34:$B$45,0)),1) | G15: =Inputs!$C$7*D15*E15*F15 | I15: =IF(H15<>"",H15,G15)
A16: =DATE(Settings!$B$7,1,1)+10 | B16: =TEXT(A16,"ddd") | C16: =IFERROR(INDEX(Inputs!$B$17:$B$20,MATCH(1,(A16>=Inputs!$C$17:$C$20)*(A16<=Inputs!$D$17:$D$20),0)),"") | D16: =IFERROR(INDEX(Inputs!$E$17:$E$20,MATCH(1,(A16>=Inputs!$C$17:$C$20)*(A16<=Inputs!$D$17:$D$20),0)),1) | E16: =INDEX(Inputs!$D$24:$D$30,WEEKDAY(A16,2)) | F16: =IFERROR(INDEX(Inputs!$D$34:$D$45,MATCH(A16,Inputs!$B$34:$B$45,0)),1) | G16: =Inputs!$C$7*D16*E16*F16 | I16: =IF(H16<>"",H16,G16)
A17: =DATE(Settings!$B$7,1,1)+11 | B17: =TEXT(A17,"ddd") | C17: =IFERROR(INDEX(Inputs!$B$17:$B$20,MATCH(1,(A17>=Inputs!$C$17:$C$20)*(A17<=Inputs!$D$17:$D$20),0)),"") | D17: =IFERROR(INDEX(Inputs!$E$17:$E$20,MATCH(1,(A17>=Inputs!$C$17:$C$20)*(A17<=Inputs!$D$17:$D$20),0)),1) | E17: =INDEX(Inputs!$D$24:$D$30,WEEKDAY(A17,2)) | F17: =IFERROR(INDEX(Inputs!$D$34:$D$45,MATCH(A17,Inputs!$B$34:$B$45,0)),1) | G17: =Inputs!$C$7*D17*E17*F17 | I17: =IF(H17<>"",H17,G17)
A18: =DATE(Settings!$B$7,1,1)+12 | B18: =TEXT(A18,"ddd") | C18: =IFERROR(INDEX(Inputs!$B$17:$B$20,MATCH(1,(A18>=Inputs!$C$17:$C$20)*(A18<=Inputs!$D$17:$D$20),0)),"") | D18: =IFERROR(INDEX(Inputs!$E$17:$E$20,MATCH(1,(A18>=Inputs!$C$17:$C$20)*(A18<=Inputs!$D$17:$D$20),0)),1) | E18: =INDEX(Inputs!$D$24:$D$30,WEEKDAY(A18,2)) | F18: =IFERROR(INDEX(Inputs!$D$34:$D$45,MATCH(A18,Inputs!$B$34:$B$45,0)),1) | G18: =Inputs!$C$7*D18*E18*F18 | I18: =IF(H18<>"",H18,G18)
A19: =DATE(Settings!$B$7,1,1)+13 | B19: =TEXT(A19,"ddd") | C19: =IFERROR(INDEX(Inputs!$B$17:$B$20,MATCH(1,(A19>=Inputs!$C$17:$C$20)*(A19<=Inputs!$D$17:$D$20),0)),"") | D19: =IFERROR(INDEX(Inputs!$E$17:$E$20,MATCH(1,(A19>=Inputs!$C$17:$C$20)*(A19<=Inputs!$D$17:$D$20),0)),1) | E19: =INDEX(Inputs!$D$24:$D$30,WEEKDAY(A19,2)) | F19: =IFERROR(INDEX(Inputs!$D$34:$D$45,MATCH(A19,Inputs!$B$34:$B$45,0)),1) | G19: =Inputs!$C$7*D19*E19*F19 | I19: =IF(H19<>"",H19,G19)
A20: =DATE(Settings!$B$7,1,1)+14 | B20: =TEXT(A20,"ddd") | C20: =IFERROR(INDEX(Inputs!$B$17:$B$20,MATCH(1,(A20>=Inputs!$C$17:$C$20)*(A20<=Inputs!$D$17:$D$20),0)),"") | D20: =IFERROR(INDEX(Inputs!$E$17:$E$20,MATCH(1,(A20>=Inputs!$C$17:$C$20)*(A20<=Inputs!$D$17:$D$20),0)),1) | E20: =INDEX(Inputs!$D$24:$D$30,WEEKDAY(A20,2)) | F20: =IFERROR(INDEX(Inputs!$D$34:$D$45,MATCH(A20,Inputs!$B$34:$B$45,0)),1) | G20: =Inputs!$C$7*D20*E20*F20 | I20: =IF(H20<>"",H20,G20)
A21: =DATE(Settings!$B$7,1,1)+15 | B21: =TEXT(A21,"ddd") | C21: =IFERROR(INDEX(Inputs!$B$17:$B$20,MATCH(1,(A21>=Inputs!$C$17:$C$20)*(A21<=Inputs!$D$17:$D$20),0)),"") | D21: =IFERROR(INDEX(Inputs!$E$17:$E$20,MATCH(1,(A21>=Inputs!$C$17:$C$20)*(A21<=Inputs!$D$17:$D$20),0)),1) | E21: =INDEX(Inputs!$D$24:$D$30,WEEKDAY(A21,2)) | F21: =IFERROR(INDEX(Inputs!$D$34:$D$45,MATCH(A21,Inputs!$B$34:$B$45,0)),1) | G21: =Inputs!$C$7*D21*E21*F21 | I21: =IF(H21<>"",H21,G21)
A22: =DATE(Settings!$B$7,1,1)+16 | B22: =TEXT(A22,"ddd") | C22: =IFERROR(INDEX(Inputs!$B$17:$B$20,MATCH(1,(A22>=Inputs!$C$17:$C$20)*(A22<=Inputs!$D$17:$D$20),0)),"") | D22: =IFERROR(INDEX(Inputs!$E$17:$E$20,MATCH(1,(A22>=Inputs!$C$17:$C$20)*(A22<=Inputs!$D$17:$D$20),0)),1) | E22: =INDEX(Inputs!$D$24:$D$30,WEEKDAY(A22,2)) | F22: =IFERROR(INDEX(Inputs!$D$34:$D$45,MATCH(A22,Inputs!$B$34:$B$45,0)),1) | G22: =Inputs!$C$7*D22*E22*F22 | I22: =IF(H22<>"",H22,G22)
A23: =DATE(Settings!$B$7,1,1)+17 | B23: =TEXT(A23,"ddd") | C23: =IFERROR(INDEX(Inputs!$B$17:$B$20,MATCH(1,(A23>=Inputs!$C$17:$C$20)*(A23<=Inputs!$D$17:$D$20),0)),"") | D23: =IFERROR(INDEX(Inputs!$E$17:$E$20,MATCH(1,(A23>=Inputs!$C$17:$C$20)*(A23<=Inputs!$D$17:$D$20),0)),1) | E23: =INDEX(Inputs!$D$24:$D$30,WEEKDAY(A23,2)) | F23: =IFERROR(INDEX(Inputs!$D$34:$D$45,MATCH(A23,Inputs!$B$34:$B$45,0)),1) | G23: =Inputs!$C$7*D23*E23*F23 | I23: =IF(H23<>"",H23,G23)
A24: =DATE(Settings!$B$7,1,1)+18 | B24: =TEXT(A24,"ddd") | C24: =IFERROR(INDEX(Inputs!$B$17:$B$20,MATCH(1,(A24>=Inputs!$C$17:$C$20)*(A24<=Inputs!$D$17:$D$20),0)),"") | D24: =IFERROR(INDEX(Inputs!$E$17:$E$20,MATCH(1,(A24>=Inputs!$C$17:$C$20)*(A24<=Inputs!$D$17:$D$20),0)),1) | E24: =INDEX(Inputs!$D$24:$D$30,WEEKDAY(A24,2)) | F24: =IFERROR(INDEX(Inputs!$D$34:$D$45,MATCH(A24,Inputs!$B$34:$B$45,0)),1) | G24: =Inputs!$C$7*D24*E24*F24 | I24: =IF(H24<>"",H24,G24)
A25: =DATE(Settings!$B$7,1,1)+19 | B25: =TEXT(A25,"ddd") | C25: =IFERROR(INDEX(Inputs!$B$17:$B$20,MATCH(1,(A25>=Inputs!$C$17:$C$20)*(A25<=Inputs!$D$17:$D$20),0)),"") | D25: =IFERROR(INDEX(Inputs!$E$17:$E$20,MATCH(1,(A25>=Inputs!$C$17:$C$20)*(A25<=Inputs!$D$17:$D$20),0)),1) | E25: =INDEX(Inputs!$D$24:$D$30,WEEKDAY(A25,2)) | F25: =IFERROR(INDEX(Inputs!$D$34:$D$45,MATCH(A25,Inputs!$B$34:$B$45,0)),1) | G25: =Inputs!$C$7*D25*E25*F25 | I25: =IF(H25<>"",H25,G25)
A26: =DATE(Settings!$B$7,1,1)+20 | B26: =TEXT(A26,"ddd") | C26: =IFERROR(INDEX(Inputs!$B$17:$B$20,MATCH(1,(A26>=Inputs!$C$17:$C$20)*(A26<=Inputs!$D$17:$D$20),0)),"") | D26: =IFERROR(INDEX(Inputs!$E$17:$E$20,MATCH(1,(A26>=Inputs!$C$17:$C$20)*(A26<=Inputs!$D$17:$D$20),0)),1) | E26: =INDEX(Inputs!$D$24:$D$30,WEEKDAY(A26,2)) | F26: =IFERROR(INDEX(Inputs!$D$34:$D$45,MATCH(A26,Inputs!$B$34:$B$45,0)),1) | G26: =Inputs!$C$7*D26*E26*F26 | I26: =IF(H26<>"",H26,G26)
A27: =DATE(Settings!$B$7,1,1)+21 | B27: =TEXT(A27,"ddd") | C27: =IFERROR(INDEX(Inputs!$B$17:$B$20,MATCH(1,(A27>=Inputs!$C$17:$C$20)*(A27<=Inputs!$D$17:$D$20),0)),"") | D27: =IFERROR(INDEX(Inputs!$E$17:$E$20,MATCH(1,(A27>=Inputs!$C$17:$C$20)*(A27<=Inputs!$D$17:$D$20),0)),1) | E27: =INDEX(Inputs!$D$24:$D$30,WEEKDAY(A27,2)) | F27: =IFERROR(INDEX(Inputs!$D$34:$D$45,MATCH(A27,Inputs!$B$34:$B$45,0)),1) | G27: =Inputs!$C$7*D27*E27*F27 | I27: =IF(H27<>"",H27,G27)
A28: =DATE(Settings!$B$7,1,1)+22 | B28: =TEXT(A28,"ddd") | C28: =IFERROR(INDEX(Inputs!$B$17:$B$20,MATCH(1,(A28>=Inputs!$C$17:$C$20)*(A28<=Inputs!$D$17:$D$20),0)),"") | D28: =IFERROR(INDEX(Inputs!$E$17:$E$20,MATCH(1,(A28>=Inputs!$C$17:$C$20)*(A28<=Inputs!$D$17:$D$20),0)),1) | E28: =INDEX(Inputs!$D$24:$D$30,WEEKDAY(A28,2)) | F28: =IFERROR(INDEX(Inputs!$D$34:$D$45,MATCH(A28,Inputs!$B$34:$B$45,0)),1) | G28: =Inputs!$C$7*D28*E28*F28 | I28: =IF(H28<>"",H28,G28)
A29: =DATE(Settings!$B$7,1,1)+23 | B29: =TEXT(A29,"ddd") | C29: =IFERROR(INDEX(Inputs!$B$17:$B$20,MATCH(1,(A29>=Inputs!$C$17:$C$20)*(A29<=Inputs!$D$17:$D$20),0)),"") | D29: =IFERROR(INDEX(Inputs!$E$17:$E$20,MATCH(1,(A29>=Inputs!$C$17:$C$20)*(A29<=Inputs!$D$17:$D$20),0)),1) | E29: =INDEX(Inputs!$D$24:$D$30,WEEKDAY(A29,2)) | F29: =IFERROR(INDEX(Inputs!$D$34:$D$45,MATCH(A29,Inputs!$B$34:$B$45,0)),1) | G29: =Inputs!$C$7*D29*E29*F29 | I29: =IF(H29<>"",H29,G29)
A30: =DATE(Settings!$B$7,1,1)+24 | B30: =TEXT(A30,"ddd") | C30: =IFERROR(INDEX(Inputs!$B$17:$B$20,MATCH(1,(A30>=Inputs!$C$17:$C$20)*(A30<=Inputs!$D$17:$D$20),0)),"") | D30: =IFERROR(INDEX(Inputs!$E$17:$E$20,MATCH(1,(A30>=Inputs!$C$17:$C$20)*(A30<=Inputs!$D$17:$D$20),0)),1) | E30: =INDEX(Inputs!$D$24:$D$30,WEEKDAY(A30,2)) | F30: =IFERROR(INDEX(Inputs!$D$34:$D$45,MATCH(A30,Inputs!$B$34:$B$45,0)),1) | G30: =Inputs!$C$7*D30*E30*F30 | I30: =IF(H30<>"",H30,G30)
A31: =DATE(Settings!$B$7,1,1)+25 | B31: =TEXT(A31,"ddd") | C31: =IFERROR(INDEX(Inputs!$B$17:$B$20,MATCH(1,(A31>=Inputs!$C$17:$C$20)*(A31<=Inputs!$D$17:$D$20),0)),"") | D31: =IFERROR(INDEX(Inputs!$E$17:$E$20,MATCH(1,(A31>=Inputs!$C$17:$C$20)*(A31<=Inputs!$D$17:$D$20),0)),1) | E31: =INDEX(Inputs!$D$24:$D$30,WEEKDAY(A31,2)) | F31: =IFERROR(INDEX(Inputs!$D$34:$D$45,MATCH(A31,Inputs!$B$34:$B$45,0)),1) | G31: =Inputs!$C$7*D31*E31*F31 | I31: =IF(H31<>"",H31,G31)
A32: =DATE(Settings!$B$7,1,1)+26 | B32: =TEXT(A32,"ddd") | C32: =IFERROR(INDEX(Inputs!$B$17:$B$20,MATCH(1,(A32>=Inputs!$C$17:$C$20)*(A32<=Inputs!$D$17:$D$20),0)),"") | D32: =IFERROR(INDEX(Inputs!$E$17:$E$20,MATCH(1,(A32>=Inputs!$C$17:$C$20)*(A32<=Inputs!$D$17:$D$20),0)),1) | E32: =INDEX(Inputs!$D$24:$D$30,WEEKDAY(A32,2)) | F32: =IFERROR(INDEX(Inputs!$D$34:$D$45,MATCH(A32,Inputs!$B$34:$B$45,0)),1) | G32: =Inputs!$C$7*D32*E32*F32 | I32: =IF(H32<>"",H32,G32)
A33: =DATE(Settings!$B$7,1,1)+27 | B33: =TEXT(A33,"ddd") | C33: =IFERROR(INDEX(Inputs!$B$17:$B$20,MATCH(1,(A33>=Inputs!$C$17:$C$20)*(A33<=Inputs!$D$17:$D$20),0)),"") | D33: =IFERROR(INDEX(Inputs!$E$17:$E$20,MATCH(1,(A33>=Inputs!$C$17:$C$20)*(A33<=Inputs!$D$17:$D$20),0)),1) | E33: =INDEX(Inputs!$D$24:$D$30,WEEKDAY(A33,2)) | F33: =IFERROR(INDEX(Inputs!$D$34:$D$45,MATCH(A33,Inputs!$B$34:$B$45,0)),1) | G33: =Inputs!$C$7*D33*E33*F33 | I33: =IF(H33<>"",H33,G33)
A34: =DATE(Settings!$B$7,1,1)+28 | B34: =TEXT(A34,"ddd") | C34: =IFERROR(INDEX(Inputs!$B$17:$B$20,MATCH(1,(A34>=Inputs!$C$17:$C$20)*(A34<=Inputs!$D$17:$D$20),0)),"") | D34: =IFERROR(INDEX(Inputs!$E$17:$E$20,MATCH(1,(A34>=Inputs!$C$17:$C$20)*(A34<=Inputs!$D$17:$D$20),0)),1) | E34: =INDEX(Inputs!$D$24:$D$30,WEEKDAY(A34,2)) | F34: =IFERROR(INDEX(Inputs!$D$34:$D$45,MATCH(A34,Inputs!$B$34:$B$45,0)),1) | G34: =Inputs!$C$7*D34*E34*F34 | I34: =IF(H34<>"",H34,G34)
A35: =DATE(Settings!$B$7,1,1)+29 | B35: =TEXT(A35,"ddd") | C35: =IFERROR(INDEX(Inputs!$B$17:$B$20,MATCH(1,(A35>=Inputs!$C$17:$C$20)*(A35<=Inputs!$D$17:$D$20),0)),"") | D35: =IFERROR(INDEX(Inputs!$E$17:$E$20,MATCH(1,(A35>=Inputs!$C$17:$C$20)*(A35<=Inputs!$D$17:$D$20),0)),1) | E35: =INDEX(Inputs!$D$24:$D$30,WEEKDAY(A35,2)) | F35: =IFERROR(INDEX(Inputs!$D$34:$D$45,MATCH(A35,Inputs!$B$34:$B$45,0)),1) | G35: =Inputs!$C$7*D35*E35*F35 | I35: =IF(H35<>"",H35,G35)
A36: =DATE(Settings!$B$7,1,1)+30 | B36: =TEXT(A36,"ddd") | C36: =IFERROR(INDEX(Inputs!$B$17:$B$20,MATCH(1,(A36>=Inputs!$C$17:$C$20)*(A36<=Inputs!$D$17:$D$20),0)),"") | D36: =IFERROR(INDEX(Inputs!$E$17:$E$20,MATCH(1,(A36>=Inputs!$C$17:$C$20)*(A36<=Inputs!$D$17:$D$20),0)),1) | E36: =INDEX(Inputs!$D$24:$D$30,WEEKDAY(A36,2)) | F36: =IFERROR(INDEX(Inputs!$D$34:$D$45,MATCH(A36,Inputs!$B$34:$B$45,0)),1) | G36: =Inputs!$C$7*D36*E36*F36 | I36: =IF(H36<>"",H36,G36)
A37: =DATE(Settings!$B$7,1,1)+31 | B37: =TEXT(A37,"ddd") | C37: =IFERROR(INDEX(Inputs!$B$17:$B$20,MATCH(1,(A37>=Inputs!$C$17:$C$20)*(A37<=Inputs!$D$17:$D$20),0)),"") | D37: =IFERROR(INDEX(Inputs!$E$17:$E$20,MATCH(1,(A37>=Inputs!$C$17:$C$20)*(A37<=Inputs!$D$17:$D$20),0)),1) | E37: =INDEX(Inputs!$D$24:$D$30,WEEKDAY(A37,2)) | F37: =IFERROR(INDEX(Inputs!$D$34:$D$45,MATCH(A37,Inputs!$B$34:$B$45,0)),1) | G37: =Inputs!$C$7*D37*E37*F37 | I37: =IF(H37<>"",H37,G37)
A38: =DATE(Settings!$B$7,1,1)+32 | B38: =TEXT(A38,"ddd") | C38: =IFERROR(INDEX(Inputs!$B$17:$B$20,MATCH(1,(A38>=Inputs!$C$17:$C$20)*(A38<=Inputs!$D$17:$D$20),0)),"") | D38: =IFERROR(INDEX(Inputs!$E$17:$E$20,MATCH(1,(A38>=Inputs!$C$17:$C$20)*(A38<=Inputs!$D$17:$D$20),0)),1) | E38: =INDEX(Inputs!$D$24:$D$30,WEEKDAY(A38,2)) | F38: =IFERROR(INDEX(Inputs!$D$34:$D$45,MATCH(A38,Inputs!$B$34:$B$45,0)),1) | G38: =Inputs!$C$7*D38*E38*F38 | I38: =IF(H38<>"",H38,G38)
A39: =DATE(Settings!$B$7,1,1)+33 | B39: =TEXT(A39,"ddd") | C39: =IFERROR(INDEX(Inputs!$B$17:$B$20,MATCH(1,(A39>=Inputs!$C$17:$C$20)*(A39<=Inputs!$D$17:$D$20),0)),"") | D39: =IFERROR(INDEX(Inputs!$E$17:$E$20,MATCH(1,(A39>=Inputs!$C$17:$C$20)*(A39<=Inputs!$D$17:$D$20),0)),1) | E39: =INDEX(Inputs!$D$24:$D$30,WEEKDAY(A39,2)) | F39: =IFERROR(INDEX(Inputs!$D$34:$D$45,MATCH(A39,Inputs!$B$34:$B$45,0)),1) | G39: =Inputs!$C$7*D39*E39*F39 | I39: =IF(H39<>"",H39,G39)
A40: =DATE(Settings!$B$7,1,1)+34 | B40: =TEXT(A40,"ddd") | C40: =IFERROR(INDEX(Inputs!$B$17:$B$20,MATCH(1,(A40>=Inputs!$C$17:$C$20)*(A40<=Inputs!$D$17:$D$20),0)),"") | D40: =IFERROR(INDEX(Inputs!$E$17:$E$20,MATCH(1,(A40>=Inputs!$C$17:$C$20)*(A40<=Inputs!$D$17:$D$20),0)),1) | E40: =INDEX(Inputs!$D$24:$D$30,WEEKDAY(A40,2)) | F40: =IFERROR(INDEX(Inputs!$D$34:$D$45,MATCH(A40,Inputs!$B$34:$B$45,0)),1) | G40: =Inputs!$C$7*D40*E40*F40 | I40: =IF(H40<>"",H40,G40)
A41: =DATE(Settings!$B$7,1,1)+35 | B41: =TEXT(A41,"ddd") | C41: =IFERROR(INDEX(Inputs!$B$17:$B$20,MATCH(1,(A41>=Inputs!$C$17:$C$20)*(A41<=Inputs!$D$17:$D$20),0)),"") | D41: =IFERROR(INDEX(Inputs!$E$17:$E$20,MATCH(1,(A41>=Inputs!$C$17:$C$20)*(A41<=Inputs!$D$17:$D$20),0)),1) | E41: =INDEX(Inputs!$D$24:$D$30,WEEKDAY(A41,2)) | F41: =IFERROR(INDEX(Inputs!$D$34:$D$45,MATCH(A41,Inputs!$B$34:$B$45,0)),1) | G41: =Inputs!$C$7*D41*E41*F41 | I41: =IF(H41<>"",H41,G41)
A42: =DATE(Settings!$B$7,1,1)+36 | B42: =TEXT(A42,"ddd") | C42: =IFERROR(INDEX(Inputs!$B$17:$B$20,MATCH(1,(A42>=Inputs!$C$17:$C$20)*(A42<=Inputs!$D$17:$D$20),0)),"") | D42: =IFERROR(INDEX(Inputs!$E$17:$E$20,MATCH(1,(A42>=Inputs!$C$17:$C$20)*(A42<=Inputs!$D$17:$D$20),0)),1) | E42: =INDEX(Inputs!$D$24:$D$30,WEEKDAY(A42,2)) | F42: =IFERROR(INDEX(Inputs!$D$34:$D$45,MATCH(A42,Inputs!$B$34:$B$45,0)),1) | G42: =Inputs!$C$7*D42*E42*F42 | I42: =IF(H42<>"",H42,G42)
A43: =DATE(Settings!$B$7,1,1)+37 | B43: =TEXT(A43,"ddd") | C43: =IFERROR(INDEX(Inputs!$B$17:$B$20,MATCH(1,(A43>=Inputs!$C$17:$C$20)*(A43<=Inputs!$D$17:$D$20),0)),"") | D43: =IFERROR(INDEX(Inputs!$E$17:$E$20,MATCH(1,(A43>=Inputs!$C$17:$C$20)*(A43<=Inputs!$D$17:$D$20),0)),1) | E43: =INDEX(Inputs!$D$24:$D$30,WEEKDAY(A43,2)) | F43: =IFERROR(INDEX(Inputs!$D$34:$D$45,MATCH(A43,Inputs!$B$34:$B$45,0)),1) | G43: =Inputs!$C$7*D43*E43*F43 | I43: =IF(H43<>"",H43,G43)
A44: =DATE(Settings!$B$7,1,1)+38 | B44: =TEXT(A44,"ddd") | C44: =IFERROR(INDEX(Inputs!$B$17:$B$20,MATCH(1,(A44>=Inputs!$C$17:$C$20)*(A44<=Inputs!$D$17:$D$20),0)),"") | D44: =IFERROR(INDEX(Inputs!$E$17:$E$20,MATCH(1,(A44>=Inputs!$C$17:$C$20)*(A44<=Inputs!$D$17:$D$20),0)),1) | E44: =INDEX(Inputs!$D$24:$D$30,WEEKDAY(A44,2)) | F44: =IFERROR(INDEX(Inputs!$D$34:$D$45,MATCH(A44,Inputs!$B$34:$B$45,0)),1) | G44: =Inputs!$C$7*D44*E44*F44 | I44: =IF(H44<>"",H44,G44)
A45: =DATE(Settings!$B$7,1,1)+39 | B45: =TEXT(A45,"ddd") | C45: =IFERROR(INDEX(Inputs!$B$17:$B$20,MATCH(1,(A45>=Inputs!$C$17:$C$20)*(A45<=Inputs!$D$17:$D$20),0)),"") | D45: =IFERROR(INDEX(Inputs!$E$17:$E$20,MATCH(1,(A45>=Inputs!$C$17:$C$20)*(A45<=Inputs!$D$17:$D$20),0)),1) | E45: =INDEX(Inputs!$D$24:$D$30,WEEKDAY(A45,2)) | F45: =IFERROR(INDEX(Inputs!$D$34:$D$45,MATCH(A45,Inputs!$B$34:$B$45,0)),1) | G45: =Inputs!$C$7*D45*E45*F45 | I45: =IF(H45<>"",H45,G45)
A46: =DATE(Settings!$B$7,1,1)+40 | B46: =TEXT(A46,"ddd") | C46: =IFERROR(INDEX(Inputs!$B$17:$B$20,MATCH(1,(A46>=Inputs!$C$17:$C$20)*(A46<=Inputs!$D$17:$D$20),0)),"") | D46: =IFERROR(INDEX(Inputs!$E$17:$E$20,MATCH(1,(A46>=Inputs!$C$17:$C$20)*(A46<=Inputs!$D$17:$D$20),0)),1) | E46: =INDEX(Inputs!$D$24:$D$30,WEEKDAY(A46,2)) | F46: =IFERROR(INDEX(Inputs!$D$34:$D$45,MATCH(A46,Inputs!$B$34:$B$45,0)),1) | G46: =Inputs!$C$7*D46*E46*F46 | I46: =IF(H46<>"",H46,G46)
A47: =DATE(Settings!$B$7,1,1)+41 | B47: =TEXT(A47,"ddd") | C47: =IFERROR(INDEX(Inputs!$B$17:$B$20,MATCH(1,(A47>=Inputs!$C$17:$C$20)*(A47<=Inputs!$D$17:$D$20),0)),"") | D47: =IFERROR(INDEX(Inputs!$E$17:$E$20,MATCH(1,(A47>=Inputs!$C$17:$C$20)*(A47<=Inputs!$D$17:$D$20),0)),1) | E47: =INDEX(Inputs!$D$24:$D$30,WEEKDAY(A47,2)) | F47: =IFERROR(INDEX(Inputs!$D$34:$D$45,MATCH(A47,Inputs!$B$34:$B$45,0)),1) | G47: =Inputs!$C$7*D47*E47*F47 | I47: =IF(H47<>"",H47,G47)
A48: =DATE(Settings!$B$7,1,1)+42 | B48: =TEXT(A48,"ddd") | C48: =IFERROR(INDEX(Inputs!$B$17:$B$20,MATCH(1,(A48>=Inputs!$C$17:$C$20)*(A48<=Inputs!$D$17:$D$20),0)),"") | D48: =IFERROR(INDEX(Inputs!$E$17:$E$20,MATCH(1,(A48>=Inputs!$C$17:$C$20)*(A48<=Inputs!$D$17:$D$20),0)),1) | E48: =INDEX(Inputs!$D$24:$D$30,WEEKDAY(A48,2)) | F48: =IFERROR(INDEX(Inputs!$D$34:$D$45,MATCH(A48,Inputs!$B$34:$B$45,0)),1) | G48: =Inputs!$C$7*D48*E48*F48 | I48: =IF(H48<>"",H48,G48)
A49: =DATE(Settings!$B$7,1,1)+43 | B49: =TEXT(A49,"ddd") | C49: =IFERROR(INDEX(Inputs!$B$17:$B$20,MATCH(1,(A49>=Inputs!$C$17:$C$20)*(A49<=Inputs!$D$17:$D$20),0)),"") | D49: =IFERROR(INDEX(Inputs!$E$17:$E$20,MATCH(1,(A49>=Inputs!$C$17:$C$20)*(A49<=Inputs!$D$17:$D$20),0)),1) | E49: =INDEX(Inputs!$D$24:$D$30,WEEKDAY(A49,2)) | F49: =IFERROR(INDEX(Inputs!$D$34:$D$45,MATCH(A49,Inputs!$B$34:$B$45,0)),1) | G49: =Inputs!$C$7*D49*E49*F49 | I49: =IF(H49<>"",H49,G49)
A50: =DATE(Settings!$B$7,1,1)+44 | B50: =TEXT(A50,"ddd") | C50: =IFERROR(INDEX(Inputs!$B$17:$B$20,MATCH(1,(A50>=Inputs!$C$17:$C$20)*(A50<=Inputs!$D$17:$D$20),0)),"") | D50: =IFERROR(INDEX(Inputs!$E$17:$E$20,MATCH(1,(A50>=Inputs!$C$17:$C$20)*(A50<=Inputs!$D$17:$D$20),0)),1) | E50: =INDEX(Inputs!$D$24:$D$30,WEEKDAY(A50,2)) | F50: =IFERROR(INDEX(Inputs!$D$34:$D$45,MATCH(A50,Inputs!$B$34:$B$45,0)),1) | G50: =Inputs!$C$7*D50*E50*F50 | I50: =IF(H50<>"",H50,G50)
A51: =DATE(Settings!$B$7,1,1)+45 | B51: =TEXT(A51,"ddd") | C51: =IFERROR(INDEX(Inputs!$B$17:$B$20,MATCH(1,(A51>=Inputs!$C$17:$C$20)*(A51<=Inputs!$D$17:$D$20),0)),"") | D51: =IFERROR(INDEX(Inputs!$E$17:$E$20,MATCH(1,(A51>=Inputs!$C$17:$C$20)*(A51<=Inputs!$D$17:$D$20),0)),1) | E51: =INDEX(Inputs!$D$24:$D$30,WEEKDAY(A51,2)) | F51: =IFERROR(INDEX(Inputs!$D$34:$D$45,MATCH(A51,Inputs!$B$34:$B$45,0)),1) | G51: =Inputs!$C$7*D51*E51*F51 | I51: =IF(H51<>"",H51,G51)
A52: =DATE(Settings!$B$7,1,1)+46 | B52: =TEXT(A52,"ddd") | C52: =IFERROR(INDEX(Inputs!$B$17:$B$20,MATCH(1,(A52>=Inputs!$C$17:$C$20)*(A52<=Inputs!$D$17:$D$20),0)),"") | D52: =IFERROR(INDEX(Inputs!$E$17:$E$20,MATCH(1,(A52>=Inputs!$C$17:$C$20)*(A52<=Inputs!$D$17:$D$20),0)),1) | E52: =INDEX(Inputs!$D$24:$D$30,WEEKDAY(A52,2)) | F52: =IFERROR(INDEX(Inputs!$D$34:$D$45,MATCH(A52,Inputs!$B$34:$B$45,0)),1) | G52: =Inputs!$C$7*D52*E52*F52 | I52: =IF(H52<>"",H52,G52)
A53: =DATE(Settings!$B$7,1,1)+47 | B53: =TEXT(A53,"ddd") | C53: =IFERROR(INDEX(Inputs!$B$17:$B$20,MATCH(1,(A53>=Inputs!$C$17:$C$20)*(A53<=Inputs!$D$17:$D$20),0)),"") | D53: =IFERROR(INDEX(Inputs!$E$17:$E$20,MATCH(1,(A53>=Inputs!$C$17:$C$20)*(A53<=Inputs!$D$17:$D$20),0)),1) | E53: =INDEX(Inputs!$D$24:$D$30,WEEKDAY(A53,2)) | F53: =IFERROR(INDEX(Inputs!$D$34:$D$45,MATCH(A53,Inputs!$B$34:$B$45,0)),1) | G53: =Inputs!$C$7*D53*E53*F53 | I53: =IF(H53<>"",H53,G53)
A54: =DATE(Settings!$B$7,1,1)+48 | B54: =TEXT(A54,"ddd") | C54: =IFERROR(INDEX(Inputs!$B$17:$B$20,MATCH(1,(A54>=Inputs!$C$17:$C$20)*(A54<=Inputs!$D$17:$D$20),0)),"") | D54: =IFERROR(INDEX(Inputs!$E$17:$E$20,MATCH(1,(A54>=Inputs!$C$17:$C$20)*(A54<=Inputs!$D$17:$D$20),0)),1) | E54: =INDEX(Inputs!$D$24:$D$30,WEEKDAY(A54,2)) | F54: =IFERROR(INDEX(Inputs!$D$34:$D$45,MATCH(A54,Inputs!$B$34:$B$45,0)),1) | G54: =Inputs!$C$7*D54*E54*F54 | I54: =IF(H54<>"",H54,G54)
A55: =DATE(Settings!$B$7,1,1)+49 | B55: =TEXT(A55,"ddd") | C55: =IFERROR(INDEX(Inputs!$B$17:$B$20,MATCH(1,(A55>=Inputs!$C$17:$C$20)*(A55<=Inputs!$D$17:$D$20),0)),"") | D55: =IFERROR(INDEX(Inputs!$E$17:$E$20,MATCH(1,(A55>=Inputs!$C$17:$C$20)*(A55<=Inputs!$D$17:$D$20),0)),1) | E55: =INDEX(Inputs!$D$24:$D$30,WEEKDAY(A55,2)) | F55: =IFERROR(INDEX(Inputs!$D$34:$D$45,MATCH(A55,Inputs!$B$34:$B$45,0)),1) | G55: =Inputs!$C$7*D55*E55*F55 | I55: =IF(H55<>"",H55,G55)
A56: =DATE(Settings!$B$7,1,1)+50 | B56: =TEXT(A56,"ddd") | C56: =IFERROR(INDEX(Inputs!$B$17:$B$20,MATCH(1,(A56>=Inputs!$C$17:$C$20)*(A56<=Inputs!$D$17:$D$20),0)),"") | D56: =IFERROR(INDEX(Inputs!$E$17:$E$20,MATCH(1,(A56>=Inputs!$C$17:$C$20)*(A56<=Inputs!$D$17:$D$20),0)),1) | E56: =INDEX(Inputs!$D$24:$D$30,WEEKDAY(A56,2)) | F56: =IFERROR(INDEX(Inputs!$D$34:$D$45,MATCH(A56,Inputs!$B$34:$B$45,0)),1) | G56: =Inputs!$C$7*D56*E56*F56 | I56: =IF(H56<>"",H56,G56)
A57: =DATE(Settings!$B$7,1,1)+51 | B57: =TEXT(A57,"ddd") | C57: =IFERROR(INDEX(Inputs!$B$17:$B$20,MATCH(1,(A57>=Inputs!$C$17:$C$20)*(A57<=Inputs!$D$17:$D$20),0)),"") | D57: =IFERROR(INDEX(Inputs!$E$17:$E$20,MATCH(1,(A57>=Inputs!$C$17:$C$20)*(A57<=Inputs!$D$17:$D$20),0)),1) | E57: =INDEX(Inputs!$D$24:$D$30,WEEKDAY(A57,2)) | F57: =IFERROR(INDEX(Inputs!$D$34:$D$45,MATCH(A57,Inputs!$B$34:$B$45,0)),1) | G57: =Inputs!$C$7*D57*E57*F57 | I57: =IF(H57<>"",H57,G57)
A58: =DATE(Settings!$B$7,1,1)+52 | B58: =TEXT(A58,"ddd") | C58: =IFERROR(INDEX(Inputs!$B$17:$B$20,MATCH(1,(A58>=Inputs!$C$17:$C$20)*(A58<=Inputs!$D$17:$D$20),0)),"") | D58: =IFERROR(INDEX(Inputs!$E$17:$E$20,MATCH(1,(A58>=Inputs!$C$17:$C$20)*(A58<=Inputs!$D$17:$D$20),0)),1) | E58: =INDEX(Inputs!$D$24:$D$30,WEEKDAY(A58,2)) | F58: =IFERROR(INDEX(Inputs!$D$34:$D$45,MATCH(A58,Inputs!$B$34:$B$45,0)),1) | G58: =Inputs!$C$7*D58*E58*F58 | I58: =IF(H58<>"",H58,G58)
A59: =DATE(Settings!$B$7,1,1)+53 | B59: =TEXT(A59,"ddd") | C59: =IFERROR(INDEX(Inputs!$B$17:$B$20,MATCH(1,(A59>=Inputs!$C$17:$C$20)*(A59<=Inputs!$D$17:$D$20),0)),"") | D59: =IFERROR(INDEX(Inputs!$E$17:$E$20,MATCH(1,(A59>=Inputs!$C$17:$C$20)*(A59<=Inputs!$D$17:$D$20),0)),1) | E59: =INDEX(Inputs!$D$24:$D$30,WEEKDAY(A59,2)) | F59: =IFERROR(INDEX(Inputs!$D$34:$D$45,MATCH(A59,Inputs!$B$34:$B$45,0)),1) | G59: =Inputs!$C$7*D59*E59*F59 | I59: =IF(H59<>"",H59,G59)
A60: =DATE(Settings!$B$7,1,1)+54 | B60: =TEXT(A60,"ddd") | C60: =IFERROR(INDEX(Inputs!$B$17:$B$20,MATCH(1,(A60>=Inputs!$C$17:$C$20)*(A60<=Inputs!$D$17:$D$20),0)),"") | D60: =IFERROR(INDEX(Inputs!$E$17:$E$20,MATCH(1,(A60>=Inputs!$C$17:$C$20)*(A60<=Inputs!$D$17:$D$20),0)),1) | E60: =INDEX(Inputs!$D$24:$D$30,WEEKDAY(A60,2)) | F60: =IFERROR(INDEX(Inputs!$D$34:$D$45,MATCH(A60,Inputs!$B$34:$B$45,0)),1) | G60: =Inputs!$C$7*D60*E60*F60 | I60: =IF(H60<>"",H60,G60)
A61: =DATE(Settings!$B$7,1,1)+55 | B61: =TEXT(A61,"ddd") | C61: =IFERROR(INDEX(Inputs!$B$17:$B$20,MATCH(1,(A61>=Inputs!$C$17:$C$20)*(A61<=Inputs!$D$17:$D$20),0)),"") | D61: =IFERROR(INDEX(Inputs!$E$17:$E$20,MATCH(1,(A61>=Inputs!$C$17:$C$20)*(A61<=Inputs!$D$17:$D$20),0)),1) | E61: =INDEX(Inputs!$D$24:$D$30,WEEKDAY(A61,2)) | F61: =IFERROR(INDEX(Inputs!$D$34:$D$45,MATCH(A61,Inputs!$B$34:$B$45,0)),1) | G61: =Inputs!$C$7*D61*E61*F61 | I61: =IF(H61<>"",H61,G61)
A62: =DATE(Settings!$B$7,1,1)+56 | B62: =TEXT(A62,"ddd") | C62: =IFERROR(INDEX(Inputs!$B$17:$B$20,MATCH(1,(A62>=Inputs!$C$17:$C$20)*(A62<=Inputs!$D$17:$D$20),0)),"") | D62: =IFERROR(INDEX(Inputs!$E$17:$E$20,MATCH(1,(A62>=Inputs!$C$17:$C$20)*(A62<=Inputs!$D$17:$D$20),0)),1) | E62: =INDEX(Inputs!$D$24:$D$30,WEEKDAY(A62,2)) | F62: =IFERROR(INDEX(Inputs!$D$34:$D$45,MATCH(A62,Inputs!$B$34:$B$45,0)),1) | G62: =Inputs!$C$7*D62*E62*F62 | I62: =IF(H62<>"",H62,G62)
A63: =DATE(Settings!$B$7,1,1)+57 | B63: =TEXT(A63,"ddd") | C63: =IFERROR(INDEX(Inputs!$B$17:$B$20,MATCH(1,(A63>=Inputs!$C$17:$C$20)*(A63<=Inputs!$D$17:$D$20),0)),"") | D63: =IFERROR(INDEX(Inputs!$E$17:$E$20,MATCH(1,(A63>=Inputs!$C$17:$C$20)*(A63<=Inputs!$D$17:$D$20),0)),1) | E63: =INDEX(Inputs!$D$24:$D$30,WEEKDAY(A63,2)) | F63: =IFERROR(INDEX(Inputs!$D$34:$D$45,MATCH(A63,Inputs!$B$34:$B$45,0)),1) | G63: =Inputs!$C$7*D63*E63*F63 | I63: =IF(H63<>"",H63,G63)
A64: =DATE(Settings!$B$7,1,1)+58 | B64: =TEXT(A64,"ddd") | C64: =IFERROR(INDEX(Inputs!$B$17:$B$20,MATCH(1,(A64>=Inputs!$C$17:$C$20)*(A64<=Inputs!$D$17:$D$20),0)),"") | D64: =IFERROR(INDEX(Inputs!$E$17:$E$20,MATCH(1,(A64>=Inputs!$C$17:$C$20)*(A64<=Inputs!$D$17:$D$20),0)),1) | E64: =INDEX(Inputs!$D$24:$D$30,WEEKDAY(A64,2)) | F64: =IFERROR(INDEX(Inputs!$D$34:$D$45,MATCH(A64,Inputs!$B$34:$B$45,0)),1) | G64: =Inputs!$C$7*D64*E64*F64 | I64: =IF(H64<>"",H64,G64)
A65: =DATE(Settings!$B$7,1,1)+59 | B65: =TEXT(A65,"ddd") | C65: =IFERROR(INDEX(Inputs!$B$17:$B$20,MATCH(1,(A65>=Inputs!$C$17:$C$20)*(A65<=Inputs!$D$17:$D$20),0)),"") | D65: =IFERROR(INDEX(Inputs!$E$17:$E$20,MATCH(1,(A65>=Inputs!$C$17:$C$20)*(A65<=Inputs!$D$17:$D$20),0)),1) | E65: =INDEX(Inputs!$D$24:$D$30,WEEKDAY(A65,2)) | F65: =IFERROR(INDEX(Inputs!$D$34:$D$45,MATCH(A65,Inputs!$B$34:$B$45,0)),1) | G65: =Inputs!$C$7*D65*E65*F65 | I65: =IF(H65<>"",H65,G65)
A66: =DATE(Settings!$B$7,1,1)+60 | B66: =TEXT(A66,"ddd") | C66: =IFERROR(INDEX(Inputs!$B$17:$B$20,MATCH(1,(A66>=Inputs!$C$17:$C$20)*(A66<=Inputs!$D$17:$D$20),0)),"") | D66: =IFERROR(INDEX(Inputs!$E$17:$E$20,MATCH(1,(A66>=Inputs!$C$17:$C$20)*(A66<=Inputs!$D$17:$D$20),0)),1) | E66: =INDEX(Inputs!$D$24:$D$30,WEEKDAY(A66,2)) | F66: =IFERROR(INDEX(Inputs!$D$34:$D$45,MATCH(A66,Inputs!$B$34:$B$45,0)),1) | G66: =Inputs!$C$7*D66*E66*F66 | I66: =IF(H66<>"",H66,G66)
A67: =DATE(Settings!$B$7,1,1)+61 | B67: =TEXT(A67,"ddd") | C67: =IFERROR(INDEX(Inputs!$B$17:$B$20,MATCH(1,(A67>=Inputs!$C$17:$C$20)*(A67<=Inputs!$D$17:$D$20),0)),"") | D67: =IFERROR(INDEX(Inputs!$E$17:$E$20,MATCH(1,(A67>=Inputs!$C$17:$C$20)*(A67<=Inputs!$D$17:$D$20),0)),1) | E67: =INDEX(Inputs!$D$24:$D$30,WEEKDAY(A67,2)) | F67: =IFERROR(INDEX(Inputs!$D$34:$D$45,MATCH(A67,Inputs!$B$34:$B$45,0)),1) | G67: =Inputs!$C$7*D67*E67*F67 | I67: =IF(H67<>"",H67,G67)
A68: =DATE(Settings!$B$7,1,1)+62 | B68: =TEXT(A68,"ddd") | C68: =IFERROR(INDEX(Inputs!$B$17:$B$20,MATCH(1,(A68>=Inputs!$C$17:$C$20)*(A68<=Inputs!$D$17:$D$20),0)),"") | D68: =IFERROR(INDEX(Inputs!$E$17:$E$20,MATCH(1,(A68>=Inputs!$C$17:$C$20)*(A68<=Inputs!$D$17:$D$20),0)),1) | E68: =INDEX(Inputs!$D$24:$D$30,WEEKDAY(A68,2)) | F68: =IFERROR(INDEX(Inputs!$D$34:$D$45,MATCH(A68,Inputs!$B$34:$B$45,0)),1) | G68: =Inputs!$C$7*D68*E68*F68 | I68: =IF(H68<>"",H68,G68)
A69: =DATE(Settings!$B$7,1,1)+63 | B69: =TEXT(A69,"ddd") | C69: =IFERROR(INDEX(Inputs!$B$17:$B$20,MATCH(1,(A69>=Inputs!$C$17:$C$20)*(A69<=Inputs!$D$17:$D$20),0)),"") | D69: =IFERROR(INDEX(Inputs!$E$17:$E$20,MATCH(1,(A69>=Inputs!$C$17:$C$20)*(A69<=Inputs!$D$17:$D$20),0)),1) | E69: =INDEX(Inputs!$D$24:$D$30,WEEKDAY(A69,2)) | F69: =IFERROR(INDEX(Inputs!$D$34:$D$45,MATCH(A69,Inputs!$B$34:$B$45,0)),1) | G69: =Inputs!$C$7*D69*E69*F69 | I69: =IF(H69<>"",H69,G69)
A70: =DATE(Settings!$B$7,1,1)+64 | B70: =TEXT(A70,"ddd") | C70: =IFERROR(INDEX(Inputs!$B$17:$B$20,MATCH(1,(A70>=Inputs!$C$17:$C$20)*(A70<=Inputs!$D$17:$D$20),0)),"") | D70: =IFERROR(INDEX(Inputs!$E$17:$E$20,MATCH(1,(A70>=Inputs!$C$17:$C$20)*(A70<=Inputs!$D$17:$D$20),0)),1) | E70: =INDEX(Inputs!$D$24:$D$30,WEEKDAY(A70,2)) | F70: =IFERROR(INDEX(Inputs!$D$34:$D$45,MATCH(A70,Inputs!$B$34:$B$45,0)),1) | G70: =Inputs!$C$7*D70*E70*F70 | I70: =IF(H70<>"",H70,G70)
A71: =DATE(Settings!$B$7,1,1)+65 | B71: =TEXT(A71,"ddd") | C71: =IFERROR(INDEX(Inputs!$B$17:$B$20,MATCH(1,(A71>=Inputs!$C$17:$C$20)*(A71<=Inputs!$D$17:$D$20),0)),"") | D71: =IFERROR(INDEX(Inputs!$E$17:$E$20,MATCH(1,(A71>=Inputs!$C$17:$C$20)*(A71<=Inputs!$D$17:$D$20),0)),1) | E71: =INDEX(Inputs!$D$24:$D$30,WEEKDAY(A71,2)) | F71: =IFERROR(INDEX(Inputs!$D$34:$D$45,MATCH(A71,Inputs!$B$34:$B$45,0)),1) | G71: =Inputs!$C$7*D71*E71*F71 | I71: =IF(H71<>"",H71,G71)
A72: =DATE(Settings!$B$7,1,1)+66 | B72: =TEXT(A72,"ddd") | C72: =IFERROR(INDEX(Inputs!$B$17:$B$20,MATCH(1,(A72>=Inputs!$C$17:$C$20)*(A72<=Inputs!$D$17:$D$20),0)),"") | D72: =IFERROR(INDEX(Inputs!$E$17:$E$20,MATCH(1,(A72>=Inputs!$C$17:$C$20)*(A72<=Inputs!$D$17:$D$20),0)),1) | E72: =INDEX(Inputs!$D$24:$D$30,WEEKDAY(A72,2)) | F72: =IFERROR(INDEX(Inputs!$D$34:$D$45,MATCH(A72,Inputs!$B$34:$B$45,0)),1) | G72: =Inputs!$C$7*D72*E72*F72 | I72: =IF(H72<>"",H72,G72)
A73: =DATE(Settings!$B$7,1,1)+67 | B73: =TEXT(A73,"ddd") | C73: =IFERROR(INDEX(Inputs!$B$17:$B$20,MATCH(1,(A73>=Inputs!$C$17:$C$20)*(A73<=Inputs!$D$17:$D$20),0)),"") | D73: =IFERROR(INDEX(Inputs!$E$17:$E$20,MATCH(1,(A73>=Inputs!$C$17:$C$20)*(A73<=Inputs!$D$17:$D$20),0)),1) | E73: =INDEX(Inputs!$D$24:$D$30,WEEKDAY(A73,2)) | F73: =IFERROR(INDEX(Inputs!$D$34:$D$45,MATCH(A73,Inputs!$B$34:$B$45,0)),1) | G73: =Inputs!$C$7*D73*E73*F73 | I73: =IF(H73<>"",H73,G73)
A74: =DATE(Settings!$B$7,1,1)+68 | B74: =TEXT(A74,"ddd") | C74: =IFERROR(INDEX(Inputs!$B$17:$B$20,MATCH(1,(A74>=Inputs!$C$17:$C$20)*(A74<=Inputs!$D$17:$D$20),0)),"") | D74: =IFERROR(INDEX(Inputs!$E$17:$E$20,MATCH(1,(A74>=Inputs!$C$17:$C$20)*(A74<=Inputs!$D$17:$D$20),0)),1) | E74: =INDEX(Inputs!$D$24:$D$30,WEEKDAY(A74,2)) | F74: =IFERROR(INDEX(Inputs!$D$34:$D$45,MATCH(A74,Inputs!$B$34:$B$45,0)),1) | G74: =Inputs!$C$7*D74*E74*F74 | I74: =IF(H74<>"",H74,G74)
A75: =DATE(Settings!$B$7,1,1)+69 | B75: =TEXT(A75,"ddd") | C75: =IFERROR(INDEX(Inputs!$B$17:$B$20,MATCH(1,(A75>=Inputs!$C$17:$C$20)*(A75<=Inputs!$D$17:$D$20),0)),"") | D75: =IFERROR(INDEX(Inputs!$E$17:$E$20,MATCH(1,(A75>=Inputs!$C$17:$C$20)*(A75<=Inputs!$D$17:$D$20),0)),1) | E75: =INDEX(Inputs!$D$24:$D$30,WEEKDAY(A75,2)) | F75: =IFERROR(INDEX(Inputs!$D$34:$D$45,MATCH(A75,Inputs!$B$34:$B$45,0)),1) | G75: =Inputs!$C$7*D75*E75*F75 | I75: =IF(H75<>"",H75,G75)
A76: =DATE(Settings!$B$7,1,1)+70 | B76: =TEXT(A76,"ddd") | C76: =IFERROR(INDEX(Inputs!$B$17:$B$20,MATCH(1,(A76>=Inputs!$C$17:$C$20)*(A76<=Inputs!$D$17:$D$20),0)),"") | D76: =IFERROR(INDEX(Inputs!$E$17:$E$20,MATCH(1,(A76>=Inputs!$C$17:$C$20)*(A76<=Inputs!$D$17:$D$20),0)),1) | E76: =INDEX(Inputs!$D$24:$D$30,WEEKDAY(A76,2)) | F76: =IFERROR(INDEX(Inputs!$D$34:$D$45,MATCH(A76,Inputs!$B$34:$B$45,0)),1) | G76: =Inputs!$C$7*D76*E76*F76 | I76: =IF(H76<>"",H76,G76)
A77: =DATE(Settings!$B$7,1,1)+71 | B77: =TEXT(A77,"ddd") | C77: =IFERROR(INDEX(Inputs!$B$17:$B$20,MATCH(1,(A77>=Inputs!$C$17:$C$20)*(A77<=Inputs!$D$17:$D$20),0)),"") | D77: =IFERROR(INDEX(Inputs!$E$17:$E$20,MATCH(1,(A77>=Inputs!$C$17:$C$20)*(A77<=Inputs!$D$17:$D$20),0)),1) | E77: =INDEX(Inputs!$D$24:$D$30,WEEKDAY(A77,2)) | F77: =IFERROR(INDEX(Inputs!$D$34:$D$45,MATCH(A77,Inputs!$B$34:$B$45,0)),1) | G77: =Inputs!$C$7*D77*E77*F77 | I77: =IF(H77<>"",H77,G77)
A78: =DATE(Settings!$B$7,1,1)+72 | B78: =TEXT(A78,"ddd") | C78: =IFERROR(INDEX(Inputs!$B$17:$B$20,MATCH(1,(A78>=Inputs!$C$17:$C$20)*(A78<=Inputs!$D$17:$D$20),0)),"") | D78: =IFERROR(INDEX(Inputs!$E$17:$E$20,MATCH(1,(A78>=Inputs!$C$17:$C$20)*(A78<=Inputs!$D$17:$D$20),0)),1) | E78: =INDEX(Inputs!$D$24:$D$30,WEEKDAY(A78,2)) | F78: =IFERROR(INDEX(Inputs!$D$34:$D$45,MATCH(A78,Inputs!$B$34:$B$45,0)),1) | G78: =Inputs!$C$7*D78*E78*F78 | I78: =IF(H78<>"",H78,G78)
A79: =DATE(Settings!$B$7,1,1)+73 | B79: =TEXT(A79,"ddd") | C79: =IFERROR(INDEX(Inputs!$B$17:$B$20,MATCH(1,(A79>=Inputs!$C$17:$C$20)*(A79<=Inputs!$D$17:$D$20),0)),"") | D79: =IFERROR(INDEX(Inputs!$E$17:$E$20,MATCH(1,(A79>=Inputs!$C$17:$C$20)*(A79<=Inputs!$D$17:$D$20),0)),1) | E79: =INDEX(Inputs!$D$24:$D$30,WEEKDAY(A79,2)) | F79: =IFERROR(INDEX(Inputs!$D$34:$D$45,MATCH(A79,Inputs!$B$34:$B$45,0)),1) | G79: =Inputs!$C$7*D79*E79*F79 | I79: =IF(H79<>"",H79,G79)
A80: =DATE(Settings!$B$7,1,1)+74 | B80: =TEXT(A80,"ddd") | C80: =IFERROR(INDEX(Inputs!$B$17:$B$20,MATCH(1,(A80>=Inputs!$C$17:$C$20)*(A80<=Inputs!$D$17:$D$20),0)),"") | D80: =IFERROR(INDEX(Inputs!$E$17:$E$20,MATCH(1,(A80>=Inputs!$C$17:$C$20)*(A80<=Inputs!$D$17:$D$20),0)),1) | E80: =INDEX(Inputs!$D$24:$D$30,WEEKDAY(A80,2)) | F80: =IFERROR(INDEX(Inputs!$D$34:$D$45,MATCH(A80,Inputs!$B$34:$B$45,0)),1) | G80: =Inputs!$C$7*D80*E80*F80 | I80: =IF(H80<>"",H80,G80)
A81: =DATE(Settings!$B$7,1,1)+75 | B81: =TEXT(A81,"ddd") | C81: =IFERROR(INDEX(Inputs!$B$17:$B$20,MATCH(1,(A81>=Inputs!$C$17:$C$20)*(A81<=Inputs!$D$17:$D$20),0)),"") | D81: =IFERROR(INDEX(Inputs!$E$17:$E$20,MATCH(1,(A81>=Inputs!$C$17:$C$20)*(A81<=Inputs!$D$17:$D$20),0)),1) | E81: =INDEX(Inputs!$D$24:$D$30,WEEKDAY(A81,2)) | F81: =IFERROR(INDEX(Inputs!$D$34:$D$45,MATCH(A81,Inputs!$B$34:$B$45,0)),1) | G81: =Inputs!$C$7*D81*E81*F81 | I81: =IF(H81<>"",H81,G81)
A82: =DATE(Settings!$B$7,1,1)+76 | B82: =TEXT(A82,"ddd") | C82: =IFERROR(INDEX(Inputs!$B$17:$B$20,MATCH(1,(A82>=Inputs!$C$17:$C$20)*(A82<=Inputs!$D$17:$D$20),0)),"") | D82: =IFERROR(INDEX(Inputs!$E$17:$E$20,MATCH(1,(A82>=Inputs!$C$17:$C$20)*(A82<=Inputs!$D$17:$D$20),0)),1) | E82: =INDEX(Inputs!$D$24:$D$30,WEEKDAY(A82,2)) | F82: =IFERROR(INDEX(Inputs!$D$34:$D$45,MATCH(A82,Inputs!$B$34:$B$45,0)),1) | G82: =Inputs!$C$7*D82*E82*F82 | I82: =IF(H82<>"",H82,G82)
A83: =DATE(Settings!$B$7,1,1)+77 | B83: =TEXT(A83,"ddd") | C83: =IFERROR(INDEX(Inputs!$B$17:$B$20,MATCH(1,(A83>=Inputs!$C$17:$C$20)*(A83<=Inputs!$D$17:$D$20),0)),"") | D83: =IFERROR(INDEX(Inputs!$E$17:$E$20,MATCH(1,(A83>=Inputs!$C$17:$C$20)*(A83<=Inputs!$D$17:$D$20),0)),1) | E83: =INDEX(Inputs!$D$24:$D$30,WEEKDAY(A83,2)) | F83: =IFERROR(INDEX(Inputs!$D$34:$D$45,MATCH(A83,Inputs!$B$34:$B$45,0)),1) | G83: =Inputs!$C$7*D83*E83*F83 | I83: =IF(H83<>"",H83,G83)
A84: =DATE(Settings!$B$7,1,1)+78 | B84: =TEXT(A84,"ddd") | C84: =IFERROR(INDEX(Inputs!$B$17:$B$20,MATCH(1,(A84>=Inputs!$C$17:$C$20)*(A84<=Inputs!$D$17:$D$20),0)),"") | D84: =IFERROR(INDEX(Inputs!$E$17:$E$20,MATCH(1,(A84>=Inputs!$C$17:$C$20)*(A84<=Inputs!$D$17:$D$20),0)),1) | E84: =INDEX(Inputs!$D$24:$D$30,WEEKDAY(A84,2)) | F84: =IFERROR(INDEX(Inputs!$D$34:$D$45,MATCH(A84,Inputs!$B$34:$B$45,0)),1) | G84: =Inputs!$C$7*D84*E84*F84 | I84: =IF(H84<>"",H84,G84)
A85: =DATE(Settings!$B$7,1,1)+79 | B85: =TEXT(A85,"ddd") | C85: =IFERROR(INDEX(Inputs!$B$17:$B$20,MATCH(1,(A85>=Inputs!$C$17:$C$20)*(A85<=Inputs!$D$17:$D$20),0)),"") | D85: =IFERROR(INDEX(Inputs!$E$17:$E$20,MATCH(1,(A85>=Inputs!$C$17:$C$20)*(A85<=Inputs!$D$17:$D$20),0)),1) | E85: =INDEX(Inputs!$D$24:$D$30,WEEKDAY(A85,2)) | F85: =IFERROR(INDEX(Inputs!$D$34:$D$45,MATCH(A85,Inputs!$B$34:$B$45,0)),1) | G85: =Inputs!$C$7*D85*E85*F85 | I85: =IF(H85<>"",H85,G85)
A86: =DATE(Settings!$B$7,1,1)+80 | B86: =TEXT(A86,"ddd") | C86: =IFERROR(INDEX(Inputs!$B$17:$B$20,MATCH(1,(A86>=Inputs!$C$17:$C$20)*(A86<=Inputs!$D$17:$D$20),0)),"") | D86: =IFERROR(INDEX(Inputs!$E$17:$E$20,MATCH(1,(A86>=Inputs!$C$17:$C$20)*(A86<=Inputs!$D$17:$D$20),0)),1) | E86: =INDEX(Inputs!$D$24:$D$30,WEEKDAY(A86,2)) | F86: =IFERROR(INDEX(Inputs!$D$34:$D$45,MATCH(A86,Inputs!$B$34:$B$45,0)),1) | G86: =Inputs!$C$7*D86*E86*F86 | I86: =IF(H86<>"",H86,G86)
A87: =DATE(Settings!$B$7,1,1)+81 | B87: =TEXT(A87,"ddd") | C87: =IFERROR(INDEX(Inputs!$B$17:$B$20,MATCH(1,(A87>=Inputs!$C$17:$C$20)*(A87<=Inputs!$D$17:$D$20),0)),"") | D87: =IFERROR(INDEX(Inputs!$E$17:$E$20,MATCH(1,(A87>=Inputs!$C$17:$C$20)*(A87<=Inputs!$D$17:$D$20),0)),1) | E87: =INDEX(Inputs!$D$24:$D$30,WEEKDAY(A87,2)) | F87: =IFERROR(INDEX(Inputs!$D$34:$D$45,MATCH(A87,Inputs!$B$34:$B$45,0)),1) | G87: =Inputs!$C$7*D87*E87*F87 | I87: =IF(H87<>"",H87,G87)
A88: =DATE(Settings!$B$7,1,1)+82 | B88: =TEXT(A88,"ddd") | C88: =IFERROR(INDEX(Inputs!$B$17:$B$20,MATCH(1,(A88>=Inputs!$C$17:$C$20)*(A88<=Inputs!$D$17:$D$20),0)),"") | D88: =IFERROR(INDEX(Inputs!$E$17:$E$20,MATCH(1,(A88>=Inputs!$C$17:$C$20)*(A88<=Inputs!$D$17:$D$20),0)),1) | E88: =INDEX(Inputs!$D$24:$D$30,WEEKDAY(A88,2)) | F88: =IFERROR(INDEX(Inputs!$D$34:$D$45,MATCH(A88,Inputs!$B$34:$B$45,0)),1) | G88: =Inputs!$C$7*D88*E88*F88 | I88: =IF(H88<>"",H88,G88)
A89: =DATE(Settings!$B$7,1,1)+83 | B89: =TEXT(A89,"ddd") | C89: =IFERROR(INDEX(Inputs!$B$17:$B$20,MATCH(1,(A89>=Inputs!$C$17:$C$20)*(A89<=Inputs!$D$17:$D$20),0)),"") | D89: =IFERROR(INDEX(Inputs!$E$17:$E$20,MATCH(1,(A89>=Inputs!$C$17:$C$20)*(A89<=Inputs!$D$17:$D$20),0)),1) | E89: =INDEX(Inputs!$D$24:$D$30,WEEKDAY(A89,2)) | F89: =IFERROR(INDEX(Inputs!$D$34:$D$45,MATCH(A89,Inputs!$B$34:$B$45,0)),1) | G89: =Inputs!$C$7*D89*E89*F89 | I89: =IF(H89<>"",H89,G89)
A90: =DATE(Settings!$B$7,1,1)+84 | B90: =TEXT(A90,"ddd") | C90: =IFERROR(INDEX(Inputs!$B$17:$B$20,MATCH(1,(A90>=Inputs!$C$17:$C$20)*(A90<=Inputs!$D$17:$D$20),0)),"") | D90: =IFERROR(INDEX(Inputs!$E$17:$E$20,MATCH(1,(A90>=Inputs!$C$17:$C$20)*(A90<=Inputs!$D$17:$D$20),0)),1) | E90: =INDEX(Inputs!$D$24:$D$30,WEEKDAY(A90,2)) | F90: =IFERROR(INDEX(Inputs!$D$34:$D$45,MATCH(A90,Inputs!$B$34:$B$45,0)),1) | G90: =Inputs!$C$7*D90*E90*F90 | I90: =IF(H90<>"",H90,G90)
A91: =DATE(Settings!$B$7,1,1)+85 | B91: =TEXT(A91,"ddd") | C91: =IFERROR(INDEX(Inputs!$B$17:$B$20,MATCH(1,(A91>=Inputs!$C$17:$C$20)*(A91<=Inputs!$D$17:$D$20),0)),"") | D91: =IFERROR(INDEX(Inputs!$E$17:$E$20,MATCH(1,(A91>=Inputs!$C$17:$C$20)*(A91<=Inputs!$D$17:$D$20),0)),1) | E91: =INDEX(Inputs!$D$24:$D$30,WEEKDAY(A91,2)) | F91: =IFERROR(INDEX(Inputs!$D$34:$D$45,MATCH(A91,Inputs!$B$34:$B$45,0)),1) | G91: =Inputs!$C$7*D91*E91*F91 | I91: =IF(H91<>"",H91,G91)
A92: =DATE(Settings!$B$7,1,1)+86 | B92: =TEXT(A92,"ddd") | C92: =IFERROR(INDEX(Inputs!$B$17:$B$20,MATCH(1,(A92>=Inputs!$C$17:$C$20)*(A92<=Inputs!$D$17:$D$20),0)),"") | D92: =IFERROR(INDEX(Inputs!$E$17:$E$20,MATCH(1,(A92>=Inputs!$C$17:$C$20)*(A92<=Inputs!$D$17:$D$20),0)),1) | E92: =INDEX(Inputs!$D$24:$D$30,WEEKDAY(A92,2)) | F92: =IFERROR(INDEX(Inputs!$D$34:$D$45,MATCH(A92,Inputs!$B$34:$B$45,0)),1) | G92: =Inputs!$C$7*D92*E92*F92 | I92: =IF(H92<>"",H92,G92)
A93: =DATE(Settings!$B$7,1,1)+87 | B93: =TEXT(A93,"ddd") | C93: =IFERROR(INDEX(Inputs!$B$17:$B$20,MATCH(1,(A93>=Inputs!$C$17:$C$20)*(A93<=Inputs!$D$17:$D$20),0)),"") | D93: =IFERROR(INDEX(Inputs!$E$17:$E$20,MATCH(1,(A93>=Inputs!$C$17:$C$20)*(A93<=Inputs!$D$17:$D$20),0)),1) | E93: =INDEX(Inputs!$D$24:$D$30,WEEKDAY(A93,2)) | F93: =IFERROR(INDEX(Inputs!$D$34:$D$45,MATCH(A93,Inputs!$B$34:$B$45,0)),1) | G93: =Inputs!$C$7*D93*E93*F93 | I93: =IF(H93<>"",H93,G93)
A94: =DATE(Settings!$B$7,1,1)+88 | B94: =TEXT(A94,"ddd") | C94: =IFERROR(INDEX(Inputs!$B$17:$B$20,MATCH(1,(A94>=Inputs!$C$17:$C$20)*(A94<=Inputs!$D$17:$D$20),0)),"") | D94: =IFERROR(INDEX(Inputs!$E$17:$E$20,MATCH(1,(A94>=Inputs!$C$17:$C$20)*(A94<=Inputs!$D$17:$D$20),0)),1) | E94: =INDEX(Inputs!$D$24:$D$30,WEEKDAY(A94,2)) | F94: =IFERROR(INDEX(Inputs!$D$34:$D$45,MATCH(A94,Inputs!$B$34:$B$45,0)),1) | G94: =Inputs!$C$7*D94*E94*F94 | I94: =IF(H94<>"",H94,G94)
A95: =DATE(Settings!$B$7,1,1)+89 | B95: =TEXT(A95,"ddd") | C95: =IFERROR(INDEX(Inputs!$B$17:$B$20,MATCH(1,(A95>=Inputs!$C$17:$C$20)*(A95<=Inputs!$D$17:$D$20),0)),"") | D95: =IFERROR(INDEX(Inputs!$E$17:$E$20,MATCH(1,(A95>=Inputs!$C$17:$C$20)*(A95<=Inputs!$D$17:$D$20),0)),1) | E95: =INDEX(Inputs!$D$24:$D$30,WEEKDAY(A95,2)) | F95: =IFERROR(INDEX(Inputs!$D$34:$D$45,MATCH(A95,Inputs!$B$34:$B$45,0)),1) | G95: =Inputs!$C$7*D95*E95*F95 | I95: =IF(H95<>"",H95,G95)
A96: =DATE(Settings!$B$7,1,1)+90 | B96: =TEXT(A96,"ddd") | C96: =IFERROR(INDEX(Inputs!$B$17:$B$20,MATCH(1,(A96>=Inputs!$C$17:$C$20)*(A96<=Inputs!$D$17:$D$20),0)),"") | D96: =IFERROR(INDEX(Inputs!$E$17:$E$20,MATCH(1,(A96>=Inputs!$C$17:$C$20)*(A96<=Inputs!$D$17:$D$20),0)),1) | E96: =INDEX(Inputs!$D$24:$D$30,WEEKDAY(A96,2)) | F96: =IFERROR(INDEX(Inputs!$D$34:$D$45,MATCH(A96,Inputs!$B$34:$B$45,0)),1) | G96: =Inputs!$C$7*D96*E96*F96 | I96: =IF(H96<>"",H96,G96)
A97: =DATE(Settings!$B$7,1,1)+91 | B97: =TEXT(A97,"ddd") | C97: =IFERROR(INDEX(Inputs!$B$17:$B$20,MATCH(1,(A97>=Inputs!$C$17:$C$20)*(A97<=Inputs!$D$17:$D$20),0)),"") | D97: =IFERROR(INDEX(Inputs!$E$17:$E$20,MATCH(1,(A97>=Inputs!$C$17:$C$20)*(A97<=Inputs!$D$17:$D$20),0)),1) | E97: =INDEX(Inputs!$D$24:$D$30,WEEKDAY(A97,2)) | F97: =IFERROR(INDEX(Inputs!$D$34:$D$45,MATCH(A97,Inputs!$B$34:$B$45,0)),1) | G97: =Inputs!$C$7*D97*E97*F97 | I97: =IF(H97<>"",H97,G97)
A98: =DATE(Settings!$B$7,1,1)+92 | B98: =TEXT(A98,"ddd") | C98: =IFERROR(INDEX(Inputs!$B$17:$B$20,MATCH(1,(A98>=Inputs!$C$17:$C$20)*(A98<=Inputs!$D$17:$D$20),0)),"") | D98: =IFERROR(INDEX(Inputs!$E$17:$E$20,MATCH(1,(A98>=Inputs!$C$17:$C$20)*(A98<=Inputs!$D$17:$D$20),0)),1) | E98: =INDEX(Inputs!$D$24:$D$30,WEEKDAY(A98,2)) | F98: =IFERROR(INDEX(Inputs!$D$34:$D$45,MATCH(A98,Inputs!$B$34:$B$45,0)),1) | G98: =Inputs!$C$7*D98*E98*F98 | I98: =IF(H98<>"",H98,G98)
A99: =DATE(Settings!$B$7,1,1)+93 | B99: =TEXT(A99,"ddd") | C99: =IFERROR(INDEX(Inputs!$B$17:$B$20,MATCH(1,(A99>=Inputs!$C$17:$C$20)*(A99<=Inputs!$D$17:$D$20),0)),"") | D99: =IFERROR(INDEX(Inputs!$E$17:$E$20,MATCH(1,(A99>=Inputs!$C$17:$C$20)*(A99<=Inputs!$D$17:$D$20),0)),1) | E99: =INDEX(Inputs!$D$24:$D$30,WEEKDAY(A99,2)) | F99: =IFERROR(INDEX(Inputs!$D$34:$D$45,MATCH(A99,Inputs!$B$34:$B$45,0)),1) | G99: =Inputs!$C$7*D99*E99*F99 | I99: =IF(H99<>"",H99,G99)
A100: =DATE(Settings!$B$7,1,1)+94 | B100: =TEXT(A100,"ddd") | C100: =IFERROR(INDEX(Inputs!$B$17:$B$20,MATCH(1,(A100>=Inputs!$C$17:$C$20)*(A100<=Inputs!$D$17:$D$20),0)),"") | D100: =IFERROR(INDEX(Inputs!$E$17:$E$20,MATCH(1,(A100>=Inputs!$C$17:$C$20)*(A100<=Inputs!$D$17:$D$20),0)),1) | E100: =INDEX(Inputs!$D$24:$D$30,WEEKDAY(A100,2)) | F100: =IFERROR(INDEX(Inputs!$D$34:$D$45,MATCH(A100,Inputs!$B$34:$B$45,0)),1) | G100: =Inputs!$C$7*D100*E100*F100 | I100: =IF(H100<>"",H100,G100)
A101: =DATE(Settings!$B$7,1,1)+95 | B101: =TEXT(A101,"ddd") | C101: =IFERROR(INDEX(Inputs!$B$17:$B$20,MATCH(1,(A101>=Inputs!$C$17:$C$20)*(A101<=Inputs!$D$17:$D$20),0)),"") | D101: =IFERROR(INDEX(Inputs!$E$17:$E$20,MATCH(1,(A101>=Inputs!$C$17:$C$20)*(A101<=Inputs!$D$17:$D$20),0)),1) | E101: =INDEX(Inputs!$D$24:$D$30,WEEKDAY(A101,2)) | F101: =IFERROR(INDEX(Inputs!$D$34:$D$45,MATCH(A101,Inputs!$B$34:$B$45,0)),1) | G101: =Inputs!$C$7*D101*E101*F101 | I101: =IF(H101<>"",H101,G101)
A102: =DATE(Settings!$B$7,1,1)+96 | B102: =TEXT(A102,"ddd") | C102: =IFERROR(INDEX(Inputs!$B$17:$B$20,MATCH(1,(A102>=Inputs!$C$17:$C$20)*(A102<=Inputs!$D$17:$D$20),0)),"") | D102: =IFERROR(INDEX(Inputs!$E$17:$E$20,MATCH(1,(A102>=Inputs!$C$17:$C$20)*(A102<=Inputs!$D$17:$D$20),0)),1) | E102: =INDEX(Inputs!$D$24:$D$30,WEEKDAY(A102,2)) | F102: =IFERROR(INDEX(Inputs!$D$34:$D$45,MATCH(A102,Inputs!$B$34:$B$45,0)),1) | G102: =Inputs!$C$7*D102*E102*F102 | I102: =IF(H102<>"",H102,G102)
...

Sheet Monthly Summary
A2: =HYPERLINK("#'365-Day Calendar'!A1", "← BACK") | D2: MONTHLY SUMMARY | J2: =HYPERLINK("#'Settings'!A1", "NEXT →")
A4: Twelve months at a glance. Edit the occupancy column to project revenue per month — these flow into the chart.
B6: Month | C6: Avg rate | D6: Min rate | E6: Max rate | F6: Occupancy % | G6: Projected revenue
B7: January | C7: =IFERROR(AVERAGEIFS('365-Day Calendar'!$I$6:$I$370,'365-Day Calendar'!$A$6:$A$370,">="&DATE(Settings!$B$7,1,1),'365-Day Calendar'!$A$6:$A$370,"<"&DATE(Settings!$B$7,2,1)),0) | D7: =IFERROR(MINIFS('365-Day Calendar'!$I$6:$I$370,'365-Day Calendar'!$A$6:$A$370,">="&DATE(Settings!$B$7,1,1),'365-Day Calendar'!$A$6:$A$370,"<"&DATE(Settings!$B$7,2,1)),0) | E7: =IFERROR(MAXIFS('365-Day Calendar'!$I$6:$I$370,'365-Day Calendar'!$A$6:$A$370,">="&DATE(Settings!$B$7,1,1),'365-Day Calendar'!$A$6:$A$370,"<"&DATE(Settings!$B$7,2,1)),0) | G7: =C7*DAY(EOMONTH(DATE(Settings!$B$7,1,1),0))*F7
B8: February | C8: =IFERROR(AVERAGEIFS('365-Day Calendar'!$I$6:$I$370,'365-Day Calendar'!$A$6:$A$370,">="&DATE(Settings!$B$7,2,1),'365-Day Calendar'!$A$6:$A$370,"<"&DATE(Settings!$B$7,3,1)),0) | D8: =IFERROR(MINIFS('365-Day Calendar'!$I$6:$I$370,'365-Day Calendar'!$A$6:$A$370,">="&DATE(Settings!$B$7,2,1),'365-Day Calendar'!$A$6:$A$370,"<"&DATE(Settings!$B$7,3,1)),0) | E8: =IFERROR(MAXIFS('365-Day Calendar'!$I$6:$I$370,'365-Day Calendar'!$A$6:$A$370,">="&DATE(Settings!$B$7,2,1),'365-Day Calendar'!$A$6:$A$370,"<"&DATE(Settings!$B$7,3,1)),0) | G8: =C8*DAY(EOMONTH(DATE(Settings!$B$7,2,1),0))*F8
B9: March | C9: =IFERROR(AVERAGEIFS('365-Day Calendar'!$I$6:$I$370,'365-Day Calendar'!$A$6:$A$370,">="&DATE(Settings!$B$7,3,1),'365-Day Calendar'!$A$6:$A$370,"<"&DATE(Settings!$B$7,4,1)),0) | D9: =IFERROR(MINIFS('365-Day Calendar'!$I$6:$I$370,'365-Day Calendar'!$A$6:$A$370,">="&DATE(Settings!$B$7,3,1),'365-Day Calendar'!$A$6:$A$370,"<"&DATE(Settings!$B$7,4,1)),0) | E9: =IFERROR(MAXIFS('365-Day Calendar'!$I$6:$I$370,'365-Day Calendar'!$A$6:$A$370,">="&DATE(Settings!$B$7,3,1),'365-Day Calendar'!$A$6:$A$370,"<"&DATE(Settings!$B$7,4,1)),0) | G9: =C9*DAY(EOMONTH(DATE(Settings!$B$7,3,1),0))*F9
B10: April | C10: =IFERROR(AVERAGEIFS('365-Day Calendar'!$I$6:$I$370,'365-Day Calendar'!$A$6:$A$370,">="&DATE(Settings!$B$7,4,1),'365-Day Calendar'!$A$6:$A$370,"<"&DATE(Settings!$B$7,5,1)),0) | D10: =IFERROR(MINIFS('365-Day Calendar'!$I$6:$I$370,'365-Day Calendar'!$A$6:$A$370,">="&DATE(Settings!$B$7,4,1),'365-Day Calendar'!$A$6:$A$370,"<"&DATE(Settings!$B$7,5,1)),0) | E10: =IFERROR(MAXIFS('365-Day Calendar'!$I$6:$I$370,'365-Day Calendar'!$A$6:$A$370,">="&DATE(Settings!$B$7,4,1),'365-Day Calendar'!$A$6:$A$370,"<"&DATE(Settings!$B$7,5,1)),0) | G10: =C10*DAY(EOMONTH(DATE(Settings!$B$7,4,1),0))*F10
B11: May | C11: =IFERROR(AVERAGEIFS('365-Day Calendar'!$I$6:$I$370,'365-Day Calendar'!$A$6:$A$370,">="&DATE(Settings!$B$7,5,1),'365-Day Calendar'!$A$6:$A$370,"<"&DATE(Settings!$B$7,6,1)),0) | D11: =IFERROR(MINIFS('365-Day Calendar'!$I$6:$I$370,'365-Day Calendar'!$A$6:$A$370,">="&DATE(Settings!$B$7,5,1),'365-Day Calendar'!$A$6:$A$370,"<"&DATE(Settings!$B$7,6,1)),0) | E11: =IFERROR(MAXIFS('365-Day Calendar'!$I$6:$I$370,'365-Day Calendar'!$A$6:$A$370,">="&DATE(Settings!$B$7,5,1),'365-Day Calendar'!$A$6:$A$370,"<"&DATE(Settings!$B$7,6,1)),0) | G11: =C11*DAY(EOMONTH(DATE(Settings!$B$7,5,1),0))*F11
B12: June | C12: =IFERROR(AVERAGEIFS('365-Day Calendar'!$I$6:$I$370,'365-Day Calendar'!$A$6:$A$370,">="&DATE(Settings!$B$7,6,1),'365-Day Calendar'!$A$6:$A$370,"<"&DATE(Settings!$B$7,7,1)),0) | D12: =IFERROR(MINIFS('365-Day Calendar'!$I$6:$I$370,'365-Day Calendar'!$A$6:$A$370,">="&DATE(Settings!$B$7,6,1),'365-Day Calendar'!$A$6:$A$370,"<"&DATE(Settings!$B$7,7,1)),0) | E12: =IFERROR(MAXIFS('365-Day Calendar'!$I$6:$I$370,'365-Day Calendar'!$A$6:$A$370,">="&DATE(Settings!$B$7,6,1),'365-Day Calendar'!$A$6:$A$370,"<"&DATE(Settings!$B$7,7,1)),0) | G12: =C12*DAY(EOMONTH(DATE(Settings!$B$7,6,1),0))*F12
B13: July | C13: =IFERROR(AVERAGEIFS('365-Day Calendar'!$I$6:$I$370,'365-Day Calendar'!$A$6:$A$370,">="&DATE(Settings!$B$7,7,1),'365-Day Calendar'!$A$6:$A$370,"<"&DATE(Settings!$B$7,8,1)),0) | D13: =IFERROR(MINIFS('365-Day Calendar'!$I$6:$I$370,'365-Day Calendar'!$A$6:$A$370,">="&DATE(Settings!$B$7,7,1),'365-Day Calendar'!$A$6:$A$370,"<"&DATE(Settings!$B$7,8,1)),0) | E13: =IFERROR(MAXIFS('365-Day Calendar'!$I$6:$I$370,'365-Day Calendar'!$A$6:$A$370,">="&DATE(Settings!$B$7,7,1),'365-Day Calendar'!$A$6:$A$370,"<"&DATE(Settings!$B$7,8,1)),0) | G13: =C13*DAY(EOMONTH(DATE(Settings!$B$7,7,1),0))*F13
B14: August | C14: =IFERROR(AVERAGEIFS('365-Day Calendar'!$I$6:$I$370,'365-Day Calendar'!$A$6:$A$370,">="&DATE(Settings!$B$7,8,1),'365-Day Calendar'!$A$6:$A$370,"<"&DATE(Settings!$B$7,9,1)),0) | D14: =IFERROR(MINIFS('365-Day Calendar'!$I$6:$I$370,'365-Day Calendar'!$A$6:$A$370,">="&DATE(Settings!$B$7,8,1),'365-Day Calendar'!$A$6:$A$370,"<"&DATE(Settings!$B$7,9,1)),0) | E14: =IFERROR(MAXIFS('365-Day Calendar'!$I$6:$I$370,'365-Day Calendar'!$A$6:$A$370,">="&DATE(Settings!$B$7,8,1),'365-Day Calendar'!$A$6:$A$370,"<"&DATE(Settings!$B$7,9,1)),0) | G14: =C14*DAY(EOMONTH(DATE(Settings!$B$7,8,1),0))*F14
B15: September | C15: =IFERROR(AVERAGEIFS('365-Day Calendar'!$I$6:$I$370,'365-Day Calendar'!$A$6:$A$370,">="&DATE(Settings!$B$7,9,1),'365-Day Calendar'!$A$6:$A$370,"<"&DATE(Settings!$B$7,10,1)),0) | D15: =IFERROR(MINIFS('365-Day Calendar'!$I$6:$I$370,'365-Day Calendar'!$A$6:$A$370,">="&DATE(Settings!$B$7,9,1),'365-Day Calendar'!$A$6:$A$370,"<"&DATE(Settings!$B$7,10,1)),0) | E15: =IFERROR(MAXIFS('365-Day Calendar'!$I$6:$I$370,'365-Day Calendar'!$A$6:$A$370,">="&DATE(Settings!$B$7,9,1),'365-Day Calendar'!$A$6:$A$370,"<"&DATE(Settings!$B$7,10,1)),0) | G15: =C15*DAY(EOMONTH(DATE(Settings!$B$7,9,1),0))*F15
B16: October | C16: =IFERROR(AVERAGEIFS('365-Day Calendar'!$I$6:$I$370,'365-Day Calendar'!$A$6:$A$370,">="&DATE(Settings!$B$7,10,1),'365-Day Calendar'!$A$6:$A$370,"<"&DATE(Settings!$B$7,11,1)),0) | D16: =IFERROR(MINIFS('365-Day Calendar'!$I$6:$I$370,'365-Day Calendar'!$A$6:$A$370,">="&DATE(Settings!$B$7,10,1),'365-Day Calendar'!$A$6:$A$370,"<"&DATE(Settings!$B$7,11,1)),0) | E16: =IFERROR(MAXIFS('365-Day Calendar'!$I$6:$I$370,'365-Day Calendar'!$A$6:$A$370,">="&DATE(Settings!$B$7,10,1),'365-Day Calendar'!$A$6:$A$370,"<"&DATE(Settings!$B$7,11,1)),0) | G16: =C16*DAY(EOMONTH(DATE(Settings!$B$7,10,1),0))*F16
B17: November | C17: =IFERROR(AVERAGEIFS('365-Day Calendar'!$I$6:$I$370,'365-Day Calendar'!$A$6:$A$370,">="&DATE(Settings!$B$7,11,1),'365-Day Calendar'!$A$6:$A$370,"<"&DATE(Settings!$B$7,12,1)),0) | D17: =IFERROR(MINIFS('365-Day Calendar'!$I$6:$I$370,'365-Day Calendar'!$A$6:$A$370,">="&DATE(Settings!$B$7,11,1),'365-Day Calendar'!$A$6:$A$370,"<"&DATE(Settings!$B$7,12,1)),0) | E17: =IFERROR(MAXIFS('365-Day Calendar'!$I$6:$I$370,'365-Day Calendar'!$A$6:$A$370,">="&DATE(Settings!$B$7,11,1),'365-Day Calendar'!$A$6:$A$370,"<"&DATE(Settings!$B$7,12,1)),0) | G17: =C17*DAY(EOMONTH(DATE(Settings!$B$7,11,1),0))*F17
B18: December | C18: =IFERROR(AVERAGEIFS('365-Day Calendar'!$I$6:$I$370,'365-Day Calendar'!$A$6:$A$370,">="&DATE(Settings!$B$7,12,1),'365-Day Calendar'!$A$6:$A$370,"<="&DATE(Settings!$B$7,12,31)),0) | D18: =IFERROR(MINIFS('365-Day Calendar'!$I$6:$I$370,'365-Day Calendar'!$A$6:$A$370,">="&DATE(Settings!$B$7,12,1),'365-Day Calendar'!$A$6:$A$370,"<="&DATE(Settings!$B$7,12,31)),0) | E18: =IFERROR(MAXIFS('365-Day Calendar'!$I$6:$I$370,'365-Day Calendar'!$A$6:$A$370,">="&DATE(Settings!$B$7,12,1),'365-Day Calendar'!$A$6:$A$370,"<="&DATE(Settings!$B$7,12,31)),0) | G18: =C18*DAY(EOMONTH(DATE(Settings!$B$7,12,1),0))*F18
B19: ANNUAL TOTAL | C19: =AVERAGE(C7:C18) | D19: =MIN(D7:D18) | E19: =MAX(E7:E18) | F19: =AVERAGE(F7:F18) | G19: =SUM(G7:G18)
A22: Why month-level matters: occupancy assumptions vary by season — use the per-month % to get a more realistic revenue projection than a flat annual rate. Cross-check with PriceLabs or your booking history.
A27: Questions? hello@thestrledger.com
A28: REV-002 · Monthly Summary

Sheet Settings
A2: =HYPERLINK("#'Start'!A1", "← BACK") | D2: SETTINGS | J2: =HYPERLINK("#'Inputs'!A1", "NEXT →")
A4: Property + active year. The 365-day calendar regenerates from the year cell — change it once, the whole workbook follows.
C5: ← property name
C7: ← active year (drives the calendar)
A9: SEASON NAME LIST
C10: Season 1
C11: Season 2
C12: Season 3
C13: Season 4
A16: Tip: when you roll into a new year, just update the active year above. The calendar dates rebuild and your season cutoffs (set on Inputs) follow. Event dates stay literal — re-enter them per year since holidays move.
A22: Questions? hello@thestrledger.com
A23: REV-002 · Settings
