Workbook

Sheet Start
A2: The STR Ledger
A4: 1099-NEC Contractor Tracker
A5: Catch the $600 line before January 31 does.
A7: TAX-003 · v2.3 · BLANK
A10: WHAT THIS DOES
A11: Anyone you pay $600+ in a calendar year for business services requires a 1099-NEC issued by January 31 of the following year. Penalties run $60–$660 per missed form (IRS Pub 1220). This tracker logs every payment, flags vendors who cross the threshold in real time, and surfaces who's missing a W-9 — so January is a reporting day, not a scramble.
A18: HOW TO USE
A19: ① Contractors tab: add every vendor you pay — name, EIN/SSN, address, W-9 status.
A20: ② Payment Log: log every payment AS IT HAPPENS (date, amount, method) — not at year-end.
A21: ③ 1099 Prep Dashboard: watch who crosses $600 in real time; status flips automatically.
A22: ④ Monthly: scan Dashboard for anyone YES who's missing a W-9 → request the W-9 immediately.
A23: ⑤ December: confirm every YES vendor has a W-9 on file before year-end.
A24: ⑥ January: file 1099-NECs (QuickBooks, Track1099, or your CPA) using Dashboard data.
A27: =HYPERLINK("#'Contractors'!A6", "→ ADD A NEW CONTRACTOR (OPEN CONTRACTORS)")
A32: VENDORS TRACKED | E32: VENDORS OVER $600 | I32: TOTAL $ PAID
A33: =COUNTA(Contractors!A6:A55) | E33: =COUNTIF('1099 Prep Dashboard'!C6:C55,"YES") | I33: =SUM('Payment Log'!C6:C2005)
A35: rows on the Contractors tab | E35: 1099-NEC required | I35: all contractor payments
A39: =HYPERLINK("#'Payment Log'!A1", "Payment Log") | D39: =HYPERLINK("#'1099 Prep Dashboard'!A1", "1099 Prep Dashboard") | G39: =HYPERLINK("#'1099 Prep Dashboard'!A1", "📄 Print Dashboard") | J39: =HYPERLINK("#'Settings'!A1", "Settings")
A42: 📅 JAN 31 DEADLINE: file 1099-NECs for every YES vendor with both the IRS and the recipient. Missing a W-9? Request it NOW — vendors slow-walk in January. 📄 Print the Dashboard for your CPA or filing service.
A44: ⚠ The $600 threshold applies to total YTD payments per vendor for business services. Reimbursements for materials don't count if separately invoiced. When in doubt, issue the form.
A46: 💡 Upgrade to the Full version at thestrledger.com/upgrade — multi-property, depreciation, multi-LLC support.
A49: Questions? hello@thestrledger.com
A50: TAX-003 · v2.2 · Free updates forever

Sheet Contractors
A2: =HYPERLINK("#'Start'!A1", "← BACK") | D2: CONTRACTORS | J2: =HYPERLINK("#'Payment Log'!A1", "NEXT →")
A4: Add every vendor you pay — name, EIN/SSN, address, W-9 status
A5: Name | B5: Business Name | C5: EIN/SSN | D5: Address | E5: City | F5: State | G5: Zip | H5: Email | I5: Phone | J5: Services | K5: W-9? | L5: W-9 Date | M5: Entity Type | N5: TIN Match | O5: COI Expiry

Sheet Payment Log
A2: =HYPERLINK("#'Contractors'!A1", "← BACK") | D2: PAYMENT LOG | J2: =HYPERLINK("#'1099 Prep Dashboard'!A1", "NEXT →")
A4: Log every payment AS IT HAPPENS — not at year-end (IRS contemporaneous standard)
A5: Date | B5: Contractor | C5: Amount | D5: Payment Method | E5: Property | F5: Description | G5: Notes | H5: Backup Withhold $ | I5: 1099-NEC Eligible?
I6: =IF(D6="","",IF(OR(D6="Credit Card",D6="Venmo",D6="PayPal"),"No","Yes"))
I7: =IF(D7="","",IF(OR(D7="Credit Card",D7="Venmo",D7="PayPal"),"No","Yes"))
I8: =IF(D8="","",IF(OR(D8="Credit Card",D8="Venmo",D8="PayPal"),"No","Yes"))
I9: =IF(D9="","",IF(OR(D9="Credit Card",D9="Venmo",D9="PayPal"),"No","Yes"))
I10: =IF(D10="","",IF(OR(D10="Credit Card",D10="Venmo",D10="PayPal"),"No","Yes"))
I11: =IF(D11="","",IF(OR(D11="Credit Card",D11="Venmo",D11="PayPal"),"No","Yes"))
I12: =IF(D12="","",IF(OR(D12="Credit Card",D12="Venmo",D12="PayPal"),"No","Yes"))
I13: =IF(D13="","",IF(OR(D13="Credit Card",D13="Venmo",D13="PayPal"),"No","Yes"))
I14: =IF(D14="","",IF(OR(D14="Credit Card",D14="Venmo",D14="PayPal"),"No","Yes"))
I15: =IF(D15="","",IF(OR(D15="Credit Card",D15="Venmo",D15="PayPal"),"No","Yes"))
I16: =IF(D16="","",IF(OR(D16="Credit Card",D16="Venmo",D16="PayPal"),"No","Yes"))
I17: =IF(D17="","",IF(OR(D17="Credit Card",D17="Venmo",D17="PayPal"),"No","Yes"))
... I2005: =IF(D2005="","",IF(OR(D2005="Credit Card",D2005="Venmo",D2005="PayPal"),"No","Yes"))

Sheet 1099 Prep Dashboard
A2: =HYPERLINK("#'Payment Log'!A1", "← BACK") | D2: 1099 PREP DASHBOARD · FOR YOUR CPA | J2: =HYPERLINK("#'Settings'!A1", "NEXT →")
A4: 📄 FOR YOUR CPA — print this tab. Watches who crosses the $600 threshold in real time.
A5: Contractor | B5: YTD Paid | C5: 1099 Required? | D5: W-9 on File? | E5: Status
A6: =IF(Contractors!A6="","",Contractors!A6) | B6: =IF(A6="","",SUMIFS('Payment Log'!$C:$C,'Payment Log'!$B:$B,A6,'Payment Log'!$I:$I,"Yes")) | C6: =IF(A6="","",IF(B6<Settings!$B$5,"no",IF(IFERROR(VLOOKUP(A6,Contractors!$A$6:$M$55,13,FALSE),"")="Attorney (always 1099)","YES",IF(OR(IFERROR(VLOOKUP(A6,Contractors!$A$6:$M$55,13,FALSE),"")="S-Corp",IFERROR(VLOOKUP(A6,Contractors!$A$6:$M$55,13,FALSE),"")="C-Corp"),"exempt (corp)","YES")))) | D6: =IF(A6="","",IFERROR(VLOOKUP(A6,Contractors!$A$6:$L$55,11,FALSE),"?")) | E6: =IF(A6="","",IF(C6="YES",IF(D6="Yes","✓ Ready","⚠ Need W-9"),"n/a"))
A7: =IF(Contractors!A7="","",Contractors!A7) | B7: =IF(A7="","",SUMIFS('Payment Log'!$C:$C,'Payment Log'!$B:$B,A7,'Payment Log'!$I:$I,"Yes")) | C7: =IF(A7="","",IF(B7<Settings!$B$5,"no",IF(IFERROR(VLOOKUP(A7,Contractors!$A$6:$M$55,13,FALSE),"")="Attorney (always 1099)","YES",IF(OR(IFERROR(VLOOKUP(A7,Contractors!$A$6:$M$55,13,FALSE),"")="S-Corp",IFERROR(VLOOKUP(A7,Contractors!$A$6:$M$55,13,FALSE),"")="C-Corp"),"exempt (corp)","YES")))) | D7: =IF(A7="","",IFERROR(VLOOKUP(A7,Contractors!$A$6:$L$55,11,FALSE),"?")) | E7: =IF(A7="","",IF(C7="YES",IF(D7="Yes","✓ Ready","⚠ Need W-9"),"n/a"))
A8: =IF(Contractors!A8="","",Contractors!A8) | B8: =IF(A8="","",SUMIFS('Payment Log'!$C:$C,'Payment Log'!$B:$B,A8,'Payment Log'!$I:$I,"Yes")) | C8: =IF(A8="","",IF(B8<Settings!$B$5,"no",IF(IFERROR(VLOOKUP(A8,Contractors!$A$6:$M$55,13,FALSE),"")="Attorney (always 1099)","YES",IF(OR(IFERROR(VLOOKUP(A8,Contractors!$A$6:$M$55,13,FALSE),"")="S-Corp",IFERROR(VLOOKUP(A8,Contractors!$A$6:$M$55,13,FALSE),"")="C-Corp"),"exempt (corp)","YES")))) | D8: =IF(A8="","",IFERROR(VLOOKUP(A8,Contractors!$A$6:$L$55,11,FALSE),"?")) | E8: =IF(A8="","",IF(C8="YES",IF(D8="Yes","✓ Ready","⚠ Need W-9"),"n/a"))
A9: =IF(Contractors!A9="","",Contractors!A9) | B9: =IF(A9="","",SUMIFS('Payment Log'!$C:$C,'Payment Log'!$B:$B,A9,'Payment Log'!$I:$I,"Yes")) | C9: =IF(A9="","",IF(B9<Settings!$B$5,"no",IF(IFERROR(VLOOKUP(A9,Contractors!$A$6:$M$55,13,FALSE),"")="Attorney (always 1099)","YES",IF(OR(IFERROR(VLOOKUP(A9,Contractors!$A$6:$M$55,13,FALSE),"")="S-Corp",IFERROR(VLOOKUP(A9,Contractors!$A$6:$M$55,13,FALSE),"")="C-Corp"),"exempt (corp)","YES")))) | D9: =IF(A9="","",IFERROR(VLOOKUP(A9,Contractors!$A$6:$L$55,11,FALSE),"?")) | E9: =IF(A9="","",IF(C9="YES",IF(D9="Yes","✓ Ready","⚠ Need W-9"),"n/a"))
A10: =IF(Contractors!A10="","",Contractors!A10) | B10: =IF(A10="","",SUMIFS('Payment Log'!$C:$C,'Payment Log'!$B:$B,A10,'Payment Log'!$I:$I,"Yes")) | C10: =IF(A10="","",IF(B10<Settings!$B$5,"no",IF(IFERROR(VLOOKUP(A10,Contractors!$A$6:$M$55,13,FALSE),"")="Attorney (always 1099)","YES",IF(OR(IFERROR(VLOOKUP(A10,Contractors!$A$6:$M$55,13,FALSE),"")="S-Corp",IFERROR(VLOOKUP(A10,Contractors!$A$6:$M$55,13,FALSE),"")="C-Corp"),"exempt (corp)","YES")))) | D10: =IF(A10="","",IFERROR(VLOOKUP(A10,Contractors!$A$6:$L$55,11,FALSE),"?")) | E10: =IF(A10="","",IF(C10="YES",IF(D10="Yes","✓ Ready","⚠ Need W-9"),"n/a"))
A11: =IF(Contractors!A11="","",Contractors!A11) | B11: =IF(A11="","",SUMIFS('Payment Log'!$C:$C,'Payment Log'!$B:$B,A11,'Payment Log'!$I:$I,"Yes")) | C11: =IF(A11="","",IF(B11<Settings!$B$5,"no",IF(IFERROR(VLOOKUP(A11,Contractors!$A$6:$M$55,13,FALSE),"")="Attorney (always 1099)","YES",IF(OR(IFERROR(VLOOKUP(A11,Contractors!$A$6:$M$55,13,FALSE),"")="S-Corp",IFERROR(VLOOKUP(A11,Contractors!$A$6:$M$55,13,FALSE),"")="C-Corp"),"exempt (corp)","YES")))) | D11: =IF(A11="","",IFERROR(VLOOKUP(A11,Contractors!$A$6:$L$55,11,FALSE),"?")) | E11: =IF(A11="","",IF(C11="YES",IF(D11="Yes","✓ Ready","⚠ Need W-9"),"n/a"))
A12: =IF(Contractors!A12="","",Contractors!A12) | B12: =IF(A12="","",SUMIFS('Payment Log'!$C:$C,'Payment Log'!$B:$B,A12,'Payment Log'!$I:$I,"Yes")) | C12: =IF(A12="","",IF(B12<Settings!$B$5,"no",IF(IFERROR(VLOOKUP(A12,Contractors!$A$6:$M$55,13,FALSE),"")="Attorney (always 1099)","YES",IF(OR(IFERROR(VLOOKUP(A12,Contractors!$A$6:$M$55,13,FALSE),"")="S-Corp",IFERROR(VLOOKUP(A12,Contractors!$A$6:$M$55,13,FALSE),"")="C-Corp"),"exempt (corp)","YES")))) | D12: =IF(A12="","",IFERROR(VLOOKUP(A12,Contractors!$A$6:$L$55,11,FALSE),"?")) | E12: =IF(A12="","",IF(C12="YES",IF(D12="Yes","✓ Ready","⚠ Need W-9"),"n/a"))
A13: =IF(Contractors!A13="","",Contractors!A13) | B13: =IF(A13="","",SUMIFS('Payment Log'!$C:$C,'Payment Log'!$B:$B,A13,'Payment Log'!$I:$I,"Yes")) | C13: =IF(A13="","",IF(B13<Settings!$B$5,"no",IF(IFERROR(VLOOKUP(A13,Contractors!$A$6:$M$55,13,FALSE),"")="Attorney (always 1099)","YES",IF(OR(IFERROR(VLOOKUP(A13,Contractors!$A$6:$M$55,13,FALSE),"")="S-Corp",IFERROR(VLOOKUP(A13,Contractors!$A$6:$M$55,13,FALSE),"")="C-Corp"),"exempt (corp)","YES")))) | D13: =IF(A13="","",IFERROR(VLOOKUP(A13,Contractors!$A$6:$L$55,11,FALSE),"?")) | E13: =IF(A13="","",IF(C13="YES",IF(D13="Yes","✓ Ready","⚠ Need W-9"),"n/a"))
A14: =IF(Contractors!A14="","",Contractors!A14) | B14: =IF(A14="","",SUMIFS('Payment Log'!$C:$C,'Payment Log'!$B:$B,A14,'Payment Log'!$I:$I,"Yes")) | C14: =IF(A14="","",IF(B14<Settings!$B$5,"no",IF(IFERROR(VLOOKUP(A14,Contractors!$A$6:$M$55,13,FALSE),"")="Attorney (always 1099)","YES",IF(OR(IFERROR(VLOOKUP(A14,Contractors!$A$6:$M$55,13,FALSE),"")="S-Corp",IFERROR(VLOOKUP(A14,Contractors!$A$6:$M$55,13,FALSE),"")="C-Corp"),"exempt (corp)","YES")))) | D14: =IF(A14="","",IFERROR(VLOOKUP(A14,Contractors!$A$6:$L$55,11,FALSE),"?")) | E14: =IF(A14="","",IF(C14="YES",IF(D14="Yes","✓ Ready","⚠ Need W-9"),"n/a"))
A15: =IF(Contractors!A15="","",Contractors!A15) | B15: =IF(A15="","",SUMIFS('Payment Log'!$C:$C,'Payment Log'!$B:$B,A15,'Payment Log'!$I:$I,"Yes")) | C15: =IF(A15="","",IF(B15<Settings!$B$5,"no",IF(IFERROR(VLOOKUP(A15,Contractors!$A$6:$M$55,13,FALSE),"")="Attorney (always 1099)","YES",IF(OR(IFERROR(VLOOKUP(A15,Contractors!$A$6:$M$55,13,FALSE),"")="S-Corp",IFERROR(VLOOKUP(A15,Contractors!$A$6:$M$55,13,FALSE),"")="C-Corp"),"exempt (corp)","YES")))) | D15: =IF(A15="","",IFERROR(VLOOKUP(A15,Contractors!$A$6:$L$55,11,FALSE),"?")) | E15: =IF(A15="","",IF(C15="YES",IF(D15="Yes","✓ Ready","⚠ Need W-9"),"n/a"))
A16: =IF(Contractors!A16="","",Contractors!A16) | B16: =IF(A16="","",SUMIFS('Payment Log'!$C:$C,'Payment Log'!$B:$B,A16,'Payment Log'!$I:$I,"Yes")) | C16: =IF(A16="","",IF(B16<Settings!$B$5,"no",IF(IFERROR(VLOOKUP(A16,Contractors!$A$6:$M$55,13,FALSE),"")="Attorney (always 1099)","YES",IF(OR(IFERROR(VLOOKUP(A16,Contractors!$A$6:$M$55,13,FALSE),"")="S-Corp",IFERROR(VLOOKUP(A16,Contractors!$A$6:$M$55,13,FALSE),"")="C-Corp"),"exempt (corp)","YES")))) | D16: =IF(A16="","",IFERROR(VLOOKUP(A16,Contractors!$A$6:$L$55,11,FALSE),"?")) | E16: =IF(A16="","",IF(C16="YES",IF(D16="Yes","✓ Ready","⚠ Need W-9"),"n/a"))
A17: =IF(Contractors!A17="","",Contractors!A17) | B17: =IF(A17="","",SUMIFS('Payment Log'!$C:$C,'Payment Log'!$B:$B,A17,'Payment Log'!$I:$I,"Yes")) | C17: =IF(A17="","",IF(B17<Settings!$B$5,"no",IF(IFERROR(VLOOKUP(A17,Contractors!$A$6:$M$55,13,FALSE),"")="Attorney (always 1099)","YES",IF(OR(IFERROR(VLOOKUP(A17,Contractors!$A$6:$M$55,13,FALSE),"")="S-Corp",IFERROR(VLOOKUP(A17,Contractors!$A$6:$M$55,13,FALSE),"")="C-Corp"),"exempt (corp)","YES")))) | D17: =IF(A17="","",IFERROR(VLOOKUP(A17,Contractors!$A$6:$L$55,11,FALSE),"?")) | E17: =IF(A17="","",IF(C17="YES",IF(D17="Yes","✓ Ready","⚠ Need W-9"),"n/a"))
... A55: =IF(Contractors!A55="","",Contractors!A55) | B55: =IF(A55="","",SUMIFS('Payment Log'!$C:$C,'Payment Log'!$B:$B,A55,'Payment Log'!$I:$I,"Yes")) | C55: =IF(A55="","",IF(B55<Settings!$B$5,"no",IF(IFERROR(VLOOKUP(A55,Contractors!$A$6:$M$55,13,FALSE),"")="Attorney (always 1099)","YES",IF(OR(IFERROR(VLOOKUP(A55,Contractors!$A$6:$M$55,13,FALSE),"")="S-Corp",IFERROR(VLOOKUP(A55,Contractors!$A$6:$M$55,13,FALSE),"")="C-Corp"),"exempt (corp)","YES")))) | D55: =IF(A55="","",IFERROR(VLOOKUP(A55,Contractors!$A$6:$L$55,11,FALSE),"?")) | E55: =IF(A55="","",IF(C55="YES",IF(D55="Yes","✓ Ready","⚠ Need W-9"),"n/a"))
A60: Summary
A61: Contractors requiring 1099: | B61: =COUNTIF(C6:C55,"YES")
A62: Of those, ready (W-9 on file): | B62: =COUNTIF(E6:E55,"✓ Ready")
A63: Of those, need W-9: | B63: =COUNTIF(E6:E55,"⚠ Need W-9")
A64: Total 1099-NEC $ volume: | B64: =SUMIFS(B6:B55,C6:C55,"YES")
A65: Exempt (corp / 1099-K processor): | B65: =COUNTIF(C6:C55,"exempt (corp)")
A66: Backup withholding remitted YTD: | B66: =SUM('Payment Log'!H6:H2005)

Sheet Settings
A2: =HYPERLINK("#'1099 Prep Dashboard'!A1", "← BACK") | D2: SETTINGS
A4: IRS threshold · penalty schedule · year-end archive
A5: IRS 1099-NEC threshold ($): | B5: 600
A6: Threshold is locked at $600 by IRS rule. Don't change unless the IRS publishes a new threshold (rare) — every Dashboard formula filters on this cell.
A8: IRS 1099 penalty schedule (reference)
A9: Per missed/late form. Don't be the host paying $660 a head.
A10: Filed ≤30 days late: | B10: $60 per form
A11: Filed 31 days–Aug 1: | B11: $130 per form
A12: Filed after Aug 1: | B12: $330 per form
A13: Intentional disregard: | B13: $660 per form
A15: Year-end Archive
A16: Each January, copy YTD totals into the row for the closing year, then clear the Payment Log for the new year (keep Contractors).
A17: Year | B17: Vendors Tracked | C17: Vendors > $600 | D17: Total $ Paid
A18: 2024
A19: 2025
A20: 2026
A21: 2027
A22: 2028
A23: 2029
A24: 2030
